,examinDe,fcltyId,itemCode,croppingSerlNo,examinMasterSn,examinSn,sampleNo,examinIemCode,examinIemNm,examinIemValue,examinIemUnit
0,20191209,PF_0006024_01,080600,2319,21020,413533,1,10000002,생장길이,186.0,cm
1,20191209,PF_0006024_01,080600,2319,21020,413534,1,10000008,화방높이,21.0,cm
2,20191209,PF_0006024_01,080600,2319,21020,413535,1,10000007,줄기직경,9.4,mm
3,20191209,PF_0006024_01,080600,2319,21020,413536,1,10000004,엽장,45.0,cm
4,20191209,PF_0006024_01,080600,2319,21020,413537,1,10000005,엽폭,36.0,cm
5,20191209,PF_0006024_01,080600,2319,21020,413538,1,10000003,엽수,7.0,개
6,20191209,PF_0006024_01,080600,2319,21020,413539,1,10000014,개화군,4.08,점
7,20191209,PF_0006024_01,080600,2319,21020,413540,1,10000015,착과군,4.0,점
8,20191209,PF_0006024_01,080600,2319,21020,413541,1,10000012,열매수,45.0,개
9,20191209,PF_0006024_01,080600,2319,21020,413542,1,10000041,최종화방차수,5.0,차
10,20191209,PF_0006024_01,080600,2319,21020,413543,2,10000002,생장길이,190.0,cm
11,20191209,PF_0006024_01,080600,2319,21020,413544,2,10000008,화방높이,24.0,cm
12,20191209,PF_0006024_01,080600,2319,21020,413545,2,10000007,줄기직경,8.2,mm
13,20191209,PF_0006024_01,080600,2319,21020,413546,2,10000004,엽장,45.0,cm
14,20191209,PF_0006024_01,080600,2319,21020,413547,2,10000005,엽폭,32.0,cm
15,20191209,PF_0006024_01,080600,2319,21020,413548,2,10000003,엽수,8.0,개
16,20191209,PF_0006024_01,080600,2319,21020,413549,2,10000014,개화군,4.08,점
17,20191209,PF_0006024_01,080600,2319,21020,413550,2,10000015,착과군,4.0,점
18,20191209,PF_0006024_01,080600,2319,21020,413551,2,10000012,열매수,37.0,개
19,20191209,PF_0006024_01,080600,2319,21020,413552,2,10000041,최종화방차수,5.0,차
20,20191209,PF_0006024_01,080600,2319,21020,413553,3,10000002,생장길이,199.0,cm
21,20191209,PF_0006024_01,080600,2319,21020,413554,3,10000008,화방높이,44.0,cm
22,20191209,PF_0006024_01,080600,2319,21020,413555,3,10000007,줄기직경,12.0,mm
23,20191209,PF_0006024_01,080600,2319,21020,413556,3,10000004,엽장,50.0,cm
24,20191209,PF_0006024_01,080600,2319,21020,413557,3,10000005,엽폭,45.0,cm
25,20191209,PF_0006024_01,080600,2319,21020,413558,3,10000003,엽수,6.0,개
26,20191209,PF_0006024_01,080600,2319,21020,413559,3,10000014,개화군,4.42,점
27,20191209,PF_0006024_01,080600,2319,21020,413560,3,10000015,착과군,4.0,점
28,20191209,PF_0006024_01,080600,2319,21020,413561,3,10000012,열매수,44.0,개
29,20191209,PF_0006024_01,080600,2319,21020,413562,3,10000041,최종화방차수,5.0,차
30,20191209,PF_0006024_01,080600,2319,21020,413563,4,10000002,생장길이,184.0,cm
31,20191209,PF_0006024_01,080600,2319,21020,413564,4,10000008,화방높이,43.0,cm
32,20191209,PF_0006024_01,080600,2319,21020,413565,4,10000007,줄기직경,13.3,mm
33,20191209,PF_0006024_01,080600,2319,21020,413566,4,10000004,엽장,53.0,cm
34,20191209,PF_0006024_01,080600,2319,21020,413567,4,10000005,엽폭,51.0,cm
35,20191209,PF_0006024_01,080600,2319,21020,413568,4,10000003,엽수,7.0,개
36,20191209,PF_0006024_01,080600,2319,21020,413569,4,10000014,개화군,4.25,점
37,20191209,PF_0006024_01,080600,2319,21020,413570,4,10000015,착과군,4.0,점
38,20191209,PF_0006024_01,080600,2319,21020,413571,4,10000012,열매수,36.0,개
39,20191209,PF_0006024_01,080600,2319,21020,413572,4,10000041,최종화방차수,5.0,차
40,20191218,PF_0006024_01,080600,2319,22463,467716,1,10000002,생장길이,22.0,cm
41,20191218,PF_0006024_01,080600,2319,22463,467717,1,10000008,화방높이,19.0,cm
42,20191218,PF_0006024_01,080600,2319,22463,467718,1,10000007,줄기직경,8.53,mm
43,20191218,PF_0006024_01,080600,2319,22463,467719,1,10000004,엽장,44.0,cm
44,20191218,PF_0006024_01,080600,2319,22463,467720,1,10000005,엽폭,40.0,cm
45,20191218,PF_0006024_01,080600,2319,22463,467721,1,10000003,엽수,7.0,개
46,20191218,PF_0006024_01,080600,2319,22463,467722,1,10000014,개화군,5.15,점
47,20191218,PF_0006024_01,080600,2319,22463,467723,1,10000015,착과군,3.35,점
48,20191218,PF_0006024_01,080600,2319,22463,467724,1,10000012,열매수,33.0,개
49,20191218,PF_0006024_01,080600,2319,22463,467725,1,10000041,최종화방차수,6.0,차
50,20191218,PF_0006024_01,080600,2319,22463,467726,2,10000002,생장길이,22.0,cm
51,20191218,PF_0006024_01,080600,2319,22463,467727,2,10000008,화방높이,44.0,cm
52,20191218,PF_0006024_01,080600,2319,22463,467728,2,10000007,줄기직경,11.07,mm
53,20191218,PF_0006024_01,080600,2319,22463,467729,2,10000004,엽장,41.0,cm
54,20191218,PF_0006024_01,080600,2319,22463,467730,2,10000005,엽폭,31.0,cm
55,20191218,PF_0006024_01,080600,2319,22463,467731,2,10000003,엽수,8.0,개
56,20191218,PF_0006024_01,080600,2319,22463,467732,2,10000014,개화군,4.31,점
57,20191218,PF_0006024_01,080600,2319,22463,467733,2,10000015,착과군,3.38,점
58,20191218,PF_0006024_01,080600,2319,22463,467734,2,10000012,열매수,42.0,개
59,20191218,PF_0006024_01,080600,2319,22463,467735,2,10000041,최종화방차수,5.0,차
60,20191218,PF_0006024_01,080600,2319,22463,467736,3,10000002,생장길이,27.0,cm
61,20191218,PF_0006024_01,080600,2319,22463,467737,3,10000008,화방높이,40.0,cm
62,20191218,PF_0006024_01,080600,2319,22463,467738,3,10000007,줄기직경,9.9,mm
63,20191218,PF_0006024_01,080600,2319,22463,467739,3,10000004,엽장,37.0,cm
64,20191218,PF_0006024_01,080600,2319,22463,467740,3,10000005,엽폭,26.0,cm
65,20191218,PF_0006024_01,080600,2319,22463,467741,3,10000003,엽수,6.0,개
66,20191218,PF_0006024_01,080600,2319,22463,467742,3,10000014,개화군,4.33,점
67,20191218,PF_0006024_01,080600,2319,22463,467743,3,10000015,착과군,4.43,점
68,20191218,PF_0006024_01,080600,2319,22463,467744,3,10000012,열매수,43.0,개
69,20191218,PF_0006024_01,080600,2319,22463,467745,3,10000041,최종화방차수,7.0,차
70,20191218,PF_0006024_01,080600,2319,22463,467746,4,10000002,생장길이,31.0,cm
71,20191218,PF_0006024_01,080600,2319,22463,467747,4,10000008,화방높이,14.0,cm
72,20191218,PF_0006024_01,080600,2319,22463,467748,4,10000007,줄기직경,7.2,mm
73,20191218,PF_0006024_01,080600,2319,22463,467749,4,10000004,엽장,39.0,cm
74,20191218,PF_0006024_01,080600,2319,22463,467750,4,10000005,엽폭,32.0,cm
75,20191218,PF_0006024_01,080600,2319,22463,467751,4,10000003,엽수,7.0,개
76,20191218,PF_0006024_01,080600,2319,22463,467752,4,10000014,개화군,6.09,점
77,20191218,PF_0006024_01,080600,2319,22463,467753,4,10000015,착과군,4.36,점
78,20191218,PF_0006024_01,080600,2319,22463,467754,4,10000012,열매수,55.0,개
79,20191218,PF_0006024_01,080600,2319,22463,467755,4,10000041,최종화방차수,7.0,차
80,20191227,PF_0006024_01,080600,2319,22743,472404,1,10000002,생장길이,24.0,cm
81,20191227,PF_0006024_01,080600,2319,22743,472405,1,10000008,화방높이,43.0,cm
82,20191227,PF_0006024_01,080600,2319,22743,472406,1,10000007,줄기직경,8.35,mm
83,20191227,PF_0006024_01,080600,2319,22743,472407,1,10000004,엽장,52.0,cm
84,20191227,PF_0006024_01,080600,2319,22743,472408,1,10000005,엽폭,53.0,cm
85,20191227,PF_0006024_01,080600,2319,22743,472409,1,10000003,엽수,9.0,개
86,20191227,PF_0006024_01,080600,2319,22743,472410,1,10000014,개화군,5.5,점
87,20191227,PF_0006024_01,080600,2319,22743,472411,1,10000015,착과군,3.44,점
88,20191227,PF_0006024_01,080600,2319,22743,472412,1,10000012,열매수,65.0,개
89,20191227,PF_0006024_01,080600,2319,22743,472413,1,10000041,최종화방차수,6.0,차
90,20191227,PF_0006024_01,080600,2319,22743,472414,2,10000002,생장길이,23.0,cm
91,20191227,PF_0006024_01,080600,2319,22743,472415,2,10000008,화방높이,46.0,cm
92,20191227,PF_0006024_01,080600,2319,22743,472416,2,10000007,줄기직경,9.11,mm
93,20191227,PF_0006024_01,080600,2319,22743,472417,2,10000004,엽장,43.0,cm
94,20191227,PF_0006024_01,080600,2319,22743,472418,2,10000005,엽폭,36.0,cm
95,20191227,PF_0006024_01,080600,2319,22743,472419,2,10000003,엽수,9.0,개
96,20191227,PF_0006024_01,080600,2319,22743,472420,2,10000014,개화군,5.25,점
97,20191227,PF_0006024_01,080600,2319,22743,472421,2,10000015,착과군,4.24,점
98,20191227,PF_0006024_01,080600,2319,22743,472422,2,10000012,열매수,71.0,개
99,20191227,PF_0006024_01,080600,2319,22743,472423,2,10000041,최종화방차수,6.0,차
100,20191227,PF_0006024_01,080600,2319,22743,472424,3,10000002,생장길이,24.0,cm
101,20191227,PF_0006024_01,080600,2319,22743,472425,3,10000008,화방높이,31.0,cm
102,20191227,PF_0006024_01,080600,2319,22743,472426,3,10000007,줄기직경,8.54,mm
103,20191227,PF_0006024_01,080600,2319,22743,472427,3,10000004,엽장,36.0,cm
104,20191227,PF_0006024_01,080600,2319,22743,472428,3,10000005,엽폭,30.0,cm
105,20191227,PF_0006024_01,080600,2319,22743,472429,3,10000003,엽수,10.0,개
106,20191227,PF_0006024_01,080600,2319,22743,472430,3,10000014,개화군,6.1,점
107,20191227,PF_0006024_01,080600,2319,22743,472431,3,10000015,착과군,5.1,점
108,20191227,PF_0006024_01,080600,2319,22743,472432,3,10000012,열매수,72.0,개
109,20191227,PF_0006024_01,080600,2319,22743,472433,3,10000041,최종화방차수,7.0,차
110,20191227,PF_0006024_01,080600,2319,22743,472434,4,10000002,생장길이,21.0,cm
111,20191227,PF_0006024_01,080600,2319,22743,472435,4,10000008,화방높이,37.0,cm
112,20191227,PF_0006024_01,080600,2319,22743,472436,4,10000007,줄기직경,7.88,mm
113,20191227,PF_0006024_01,080600,2319,22743,472437,4,10000004,엽장,42.0,cm
114,20191227,PF_0006024_01,080600,2319,22743,472438,4,10000005,엽폭,38.0,cm
115,20191227,PF_0006024_01,080600,2319,22743,472439,4,10000003,엽수,8.0,개
116,20191227,PF_0006024_01,080600,2319,22743,472440,4,10000014,개화군,6.29,점
117,20191227,PF_0006024_01,080600,2319,22743,472441,4,10000015,착과군,5.21,점
118,20191227,PF_0006024_01,080600,2319,22743,472442,4,10000012,열매수,75.0,개
119,20191227,PF_0006024_01,080600,2319,22743,472443,4,10000041,최종화방차수,7.0,차
120,20200101,PF_0006024_01,080600,2319,22885,473486,1,10000002,생장길이,7.0,cm
121,20200101,PF_0006024_01,080600,2319,22885,473487,1,10000008,화방높이,20.0,cm
122,20200101,PF_0006024_01,080600,2319,22885,473488,1,10000007,줄기직경,9.08,mm
123,20200101,PF_0006024_01,080600,2319,22885,473489,1,10000004,엽장,38.0,cm
124,20200101,PF_0006024_01,080600,2319,22885,473490,1,10000005,엽폭,33.0,cm
125,20200101,PF_0006024_01,080600,2319,22885,473491,1,10000003,엽수,7.0,개
126,20200101,PF_0006024_01,080600,2319,22885,473492,1,10000014,개화군,6.1,점
127,20200101,PF_0006024_01,080600,2319,22885,473493,1,10000015,착과군,5.23,점
128,20200101,PF_0006024_01,080600,2319,22885,473494,1,10000012,열매수,39.0,개
129,20200101,PF_0006024_01,080600,2319,22885,473495,1,10000041,최종화방차수,7.0,차
130,20200101,PF_0006024_01,080600,2319,22885,473496,2,10000002,생장길이,7.0,cm
131,20200101,PF_0006024_01,080600,2319,22885,473497,2,10000008,화방높이,19.0,cm
132,20200101,PF_0006024_01,080600,2319,22885,473498,2,10000007,줄기직경,7.56,mm
133,20200101,PF_0006024_01,080600,2319,22885,473499,2,10000004,엽장,38.0,cm
134,20200101,PF_0006024_01,080600,2319,22885,473500,2,10000005,엽폭,32.0,cm
135,20200101,PF_0006024_01,080600,2319,22885,473501,2,10000003,엽수,7.0,개
136,20200101,PF_0006024_01,080600,2319,22885,473502,2,10000014,개화군,6.05,점
137,20200101,PF_0006024_01,080600,2319,22885,473503,2,10000015,착과군,4.3,점
138,20200101,PF_0006024_01,080600,2319,22885,473504,2,10000012,열매수,75.0,개
139,20200101,PF_0006024_01,080600,2319,22885,473505,2,10000041,최종화방차수,7.0,차
140,20200101,PF_0006024_01,080600,2319,22885,473506,3,10000002,생장길이,6.0,cm
141,20200101,PF_0006024_01,080600,2319,22885,473507,3,10000008,화방높이,35.0,cm
142,20200101,PF_0006024_01,080600,2319,22885,473508,3,10000007,줄기직경,8.27,mm
143,20200101,PF_0006024_01,080600,2319,22885,473509,3,10000004,엽장,39.0,cm
144,20200101,PF_0006024_01,080600,2319,22885,473510,3,10000005,엽폭,33.0,cm
145,20200101,PF_0006024_01,080600,2319,22885,473511,3,10000003,엽수,7.0,개
146,20200101,PF_0006024_01,080600,2319,22885,473512,3,10000014,개화군,7.23,점
147,20200101,PF_0006024_01,080600,2319,22885,473513,3,10000015,착과군,6.31,점
148,20200101,PF_0006024_01,080600,2319,22885,473514,3,10000012,열매수,64.0,개
149,20200101,PF_0006024_01,080600,2319,22885,473515,3,10000041,최종화방차수,8.0,차
150,20200101,PF_0006024_01,080600,2319,22885,473516,4,10000002,생장길이,4.0,cm
151,20200101,PF_0006024_01,080600,2319,22885,473517,4,10000008,화방높이,30.0,cm
152,20200101,PF_0006024_01,080600,2319,22885,473518,4,10000007,줄기직경,8.47,mm
153,20200101,PF_0006024_01,080600,2319,22885,473519,4,10000004,엽장,38.0,cm
154,20200101,PF_0006024_01,080600,2319,22885,473520,4,10000005,엽폭,31.0,cm
155,20200101,PF_0006024_01,080600,2319,22885,473521,4,10000003,엽수,7.0,개
156,20200101,PF_0006024_01,080600,2319,22885,473522,4,10000014,개화군,7.17,점
157,20200101,PF_0006024_01,080600,2319,22885,473523,4,10000015,착과군,6.27,점
158,20200101,PF_0006024_01,080600,2319,22885,473524,4,10000012,열매수,72.0,개
159,20200101,PF_0006024_01,080600,2319,22885,473525,4,10000041,최종화방차수,8.0,차
160,20200108,PF_0006024_01,080600,2319,23225,478894,1,10000002,생장길이,15.0,cm
161,20200108,PF_0006024_01,080600,2319,23225,478895,1,10000008,화방높이,11.0,cm
162,20200108,PF_0006024_01,080600,2319,23225,478896,1,10000007,줄기직경,8.94,mm
163,20200108,PF_0006024_01,080600,2319,23225,478897,1,10000004,엽장,36.0,cm
164,20200108,PF_0006024_01,080600,2319,23225,478898,1,10000005,엽폭,39.0,cm
165,20200108,PF_0006024_01,080600,2319,23225,478899,1,10000003,엽수,8.0,개
166,20200108,PF_0006024_01,080600,2319,23225,478900,1,10000014,개화군,6.31,점
167,20200108,PF_0006024_01,080600,2319,23225,478901,1,10000015,착과군,5.38,점
168,20200108,PF_0006024_01,080600,2319,23225,478902,1,10000012,열매수,79.0,개
169,20200108,PF_0006024_01,080600,2319,23225,478903,1,10000041,최종화방차수,7.0,차
170,20200108,PF_0006024_01,080600,2319,23225,478904,2,10000002,생장길이,17.0,cm
171,20200108,PF_0006024_01,080600,2319,23225,478905,2,10000008,화방높이,10.0,cm
172,20200108,PF_0006024_01,080600,2319,23225,478906,2,10000007,줄기직경,7.42,mm
173,20200108,PF_0006024_01,080600,2319,23225,478907,2,10000004,엽장,39.0,cm
174,20200108,PF_0006024_01,080600,2319,23225,478908,2,10000005,엽폭,34.0,cm
175,20200108,PF_0006024_01,080600,2319,23225,478909,2,10000003,엽수,10.0,개
176,20200108,PF_0006024_01,080600,2319,23225,478910,2,10000014,개화군,6.22,점
177,20200108,PF_0006024_01,080600,2319,23225,478911,2,10000015,착과군,5.06,점
178,20200108,PF_0006024_01,080600,2319,23225,478912,2,10000012,열매수,76.0,개
179,20200108,PF_0006024_01,080600,2319,23225,478913,2,10000041,최종화방차수,7.0,차
180,20200108,PF_0006024_01,080600,2319,23225,478914,3,10000002,생장길이,9.0,cm
181,20200108,PF_0006024_01,080600,2319,23225,478915,3,10000008,화방높이,17.0,cm
182,20200108,PF_0006024_01,080600,2319,23225,478916,3,10000007,줄기직경,7.37,mm
183,20200108,PF_0006024_01,080600,2319,23225,478917,3,10000004,엽장,38.0,cm
184,20200108,PF_0006024_01,080600,2319,23225,478918,3,10000005,엽폭,34.0,cm
185,20200108,PF_0006024_01,080600,2319,23225,478919,3,10000003,엽수,8.0,개
186,20200108,PF_0006024_01,080600,2319,23225,478920,3,10000014,개화군,7.36,점
187,20200108,PF_0006024_01,080600,2319,23225,478921,3,10000015,착과군,6.6,점
188,20200108,PF_0006024_01,080600,2319,23225,478922,3,10000012,열매수,61.0,개
189,20200108,PF_0006024_01,080600,2319,23225,478923,3,10000041,최종화방차수,8.0,차
190,20200108,PF_0006024_01,080600,2319,23225,478924,4,10000002,생장길이,18.0,cm
191,20200108,PF_0006024_01,080600,2319,23225,478925,4,10000008,화방높이,12.0,cm
192,20200108,PF_0006024_01,080600,2319,23225,478926,4,10000007,줄기직경,8.68,mm
193,20200108,PF_0006024_01,080600,2319,23225,478927,4,10000004,엽장,39.0,cm
194,20200108,PF_0006024_01,080600,2319,23225,478928,4,10000005,엽폭,33.0,cm
195,20200108,PF_0006024_01,080600,2319,23225,478929,4,10000003,엽수,9.0,개
196,20200108,PF_0006024_01,080600,2319,23225,478930,4,10000014,개화군,7.31,점
197,20200108,PF_0006024_01,080600,2319,23225,478931,4,10000015,착과군,6.5,점
198,20200108,PF_0006024_01,080600,2319,23225,478932,4,10000012,열매수,81.0,개
199,20200108,PF_0006024_01,080600,2319,23225,478933,4,10000041,최종화방차수,8.0,차
200,20200117,PF_0006024_01,080600,2319,23561,482560,1,10000002,생장길이,13.0,cm
201,20200117,PF_0006024_01,080600,2319,23561,482561,1,10000008,화방높이,30.0,cm
202,20200117,PF_0006024_01,080600,2319,23561,482562,1,10000007,줄기직경,9.05,mm
203,20200117,PF_0006024_01,080600,2319,23561,482563,1,10000004,엽장,37.0,cm
204,20200117,PF_0006024_01,080600,2319,23561,482564,1,10000005,엽폭,37.0,cm
205,20200117,PF_0006024_01,080600,2319,23561,482565,1,10000003,엽수,11.0,개
206,20200117,PF_0006024_01,080600,2319,23561,482566,1,10000014,개화군,7.29,점
207,20200117,PF_0006024_01,080600,2319,23561,482567,1,10000015,착과군,6.17,점
208,20200117,PF_0006024_01,080600,2319,23561,482568,1,10000012,열매수,67.0,개
209,20200117,PF_0006024_01,080600,2319,23561,482569,1,10000041,최종화방차수,8.0,차
210,20200117,PF_0006024_01,080600,2319,23561,482570,2,10000002,생장길이,4.0,cm
211,20200117,PF_0006024_01,080600,2319,23561,482571,2,10000008,화방높이,24.0,cm
212,20200117,PF_0006024_01,080600,2319,23561,482572,2,10000007,줄기직경,7.88,mm
213,20200117,PF_0006024_01,080600,2319,23561,482573,2,10000004,엽장,37.0,cm
214,20200117,PF_0006024_01,080600,2319,23561,482574,2,10000005,엽폭,27.0,cm
215,20200117,PF_0006024_01,080600,2319,23561,482575,2,10000003,엽수,11.0,개
216,20200117,PF_0006024_01,080600,2319,23561,482576,2,10000014,개화군,7.14,점
217,20200117,PF_0006024_01,080600,2319,23561,482577,2,10000015,착과군,6.8,점
218,20200117,PF_0006024_01,080600,2319,23561,482578,2,10000012,열매수,66.0,개
219,20200117,PF_0006024_01,080600,2319,23561,482579,2,10000041,최종화방차수,8.0,차
220,20200117,PF_0006024_01,080600,2319,23561,482580,3,10000002,생장길이,0.0,cm
221,20200117,PF_0006024_01,080600,2319,23561,482581,3,10000008,화방높이,0.0,cm
222,20200117,PF_0006024_01,080600,2319,23561,482582,3,10000007,줄기직경,5.66,mm
223,20200117,PF_0006024_01,080600,2319,23561,482583,3,10000004,엽장,34.0,cm
224,20200117,PF_0006024_01,080600,2319,23561,482584,3,10000005,엽폭,28.0,cm
225,20200117,PF_0006024_01,080600,2319,23561,482585,3,10000003,엽수,5.0,개
226,20200117,PF_0006024_01,080600,2319,23561,482586,3,10000014,개화군,4.4,점
227,20200117,PF_0006024_01,080600,2319,23561,482587,3,10000015,착과군,2.75,점
228,20200117,PF_0006024_01,080600,2319,23561,482588,3,10000012,열매수,68.0,개
229,20200117,PF_0006024_01,080600,2319,23561,482589,3,10000041,최종화방차수,5.0,차
230,20200117,PF_0006024_01,080600,2319,23561,482590,4,10000002,생장길이,7.0,cm
231,20200117,PF_0006024_01,080600,2319,23561,482591,4,10000008,화방높이,28.0,cm
232,20200117,PF_0006024_01,080600,2319,23561,482592,4,10000007,줄기직경,7.66,mm
233,20200117,PF_0006024_01,080600,2319,23561,482593,4,10000004,엽장,38.0,cm
234,20200117,PF_0006024_01,080600,2319,23561,482594,4,10000005,엽폭,32.0,cm
235,20200117,PF_0006024_01,080600,2319,23561,482595,4,10000003,엽수,10.0,개
236,20200117,PF_0006024_01,080600,2319,23561,482596,4,10000014,개화군,8.3,점
237,20200117,PF_0006024_01,080600,2319,23561,482597,4,10000015,착과군,7.14,점
238,20200117,PF_0006024_01,080600,2319,23561,482598,4,10000012,열매수,78.0,개
239,20200117,PF_0006024_01,080600,2319,23561,482599,4,10000041,최종화방차수,9.0,차
240,20200124,PF_0006024_01,080600,2319,24213,491997,1,10000002,생장길이,8.0,cm
241,20200124,PF_0006024_01,080600,2319,24213,491998,1,10000008,화방높이,16.0,cm
242,20200124,PF_0006024_01,080600,2319,24213,491999,1,10000007,줄기직경,5.88,mm
243,20200124,PF_0006024_01,080600,2319,24213,492000,1,10000004,엽장,40.0,cm
244,20200124,PF_0006024_01,080600,2319,24213,492001,1,10000005,엽폭,39.0,cm
245,20200124,PF_0006024_01,080600,2319,24213,492002,1,10000003,엽수,9.0,개
246,20200124,PF_0006024_01,080600,2319,24213,492003,1,10000014,개화군,7.29,점
247,20200124,PF_0006024_01,080600,2319,24213,492004,1,10000015,착과군,6.06,점
248,20200124,PF_0006024_01,080600,2319,24213,492005,1,10000012,열매수,47.0,개
249,20200124,PF_0006024_01,080600,2319,24213,492006,1,10000041,최종화방차수,8.0,차
250,20200124,PF_0006024_01,080600,2319,24213,492007,2,10000002,생장길이,5.0,cm
251,20200124,PF_0006024_01,080600,2319,24213,492008,2,10000008,화방높이,20.0,cm
252,20200124,PF_0006024_01,080600,2319,24213,492009,2,10000007,줄기직경,5.65,mm
253,20200124,PF_0006024_01,080600,2319,24213,492010,2,10000004,엽장,32.0,cm
254,20200124,PF_0006024_01,080600,2319,24213,492011,2,10000005,엽폭,25.0,cm
255,20200124,PF_0006024_01,080600,2319,24213,492012,2,10000003,엽수,8.23,개
256,20200124,PF_0006024_01,080600,2319,24213,492013,2,10000014,개화군,7.3,점
257,20200124,PF_0006024_01,080600,2319,24213,492014,2,10000015,착과군,6.25,점
258,20200124,PF_0006024_01,080600,2319,24213,492015,2,10000012,열매수,39.0,개
259,20200124,PF_0006024_01,080600,2319,24213,492016,2,10000041,최종화방차수,8.0,차
260,20200124,PF_0006024_01,080600,2319,24213,492017,3,10000002,생장길이,295.0,cm
261,20200124,PF_0006024_01,080600,2319,24213,492018,3,10000008,화방높이,17.0,cm
262,20200124,PF_0006024_01,080600,2319,24213,492019,3,10000007,줄기직경,6.18,mm
263,20200124,PF_0006024_01,080600,2319,24213,492020,3,10000004,엽장,36.0,cm
264,20200124,PF_0006024_01,080600,2319,24213,492021,3,10000005,엽폭,29.0,cm
265,20200124,PF_0006024_01,080600,2319,24213,492022,3,10000003,엽수,7.0,개
266,20200124,PF_0006024_01,080600,2319,24213,492023,3,10000014,개화군,6.09,점
267,20200124,PF_0006024_01,080600,2319,24213,492024,3,10000015,착과군,4.1,점
268,20200124,PF_0006024_01,080600,2319,24213,492025,3,10000012,열매수,62.0,개
269,20200124,PF_0006024_01,080600,2319,24213,492026,3,10000041,최종화방차수,7.0,차
270,20200124,PF_0006024_01,080600,2319,24213,492037,4,10000002,생장길이,10.0,cm
271,20200124,PF_0006024_01,080600,2319,24213,492038,4,10000008,화방높이,17.0,cm
272,20200124,PF_0006024_01,080600,2319,24213,492039,4,10000007,줄기직경,7.14,mm
273,20200124,PF_0006024_01,080600,2319,24213,492040,4,10000004,엽장,39.0,cm
274,20200124,PF_0006024_01,080600,2319,24213,492041,4,10000005,엽폭,28.0,cm
275,20200124,PF_0006024_01,080600,2319,24213,492042,4,10000003,엽수,9.0,개
276,20200124,PF_0006024_01,080600,2319,24213,492043,4,10000014,개화군,6.08,점
277,20200124,PF_0006024_01,080600,2319,24213,492044,4,10000015,착과군,5.11,점
278,20200124,PF_0006024_01,080600,2319,24213,492045,4,10000012,열매수,59.0,개
279,20200124,PF_0006024_01,080600,2319,24213,492046,4,10000041,최종화방차수,7.0,차
280,20200131,PF_0006024_01,080600,2319,24409,496643,1,10000002,생장길이,14.0,cm
281,20200131,PF_0006024_01,080600,2319,24409,496644,1,10000008,화방높이,32.0,cm
282,20200131,PF_0006024_01,080600,2319,24409,496645,1,10000007,줄기직경,6.15,mm
283,20200131,PF_0006024_01,080600,2319,24409,496646,1,10000004,엽장,37.0,cm
284,20200131,PF_0006024_01,080600,2319,24409,496647,1,10000005,엽폭,35.0,cm
285,20200131,PF_0006024_01,080600,2319,24409,496648,1,10000003,엽수,12.0,개
286,20200131,PF_0006024_01,080600,2319,24409,496649,1,10000014,개화군,7.06,점
287,20200131,PF_0006024_01,080600,2319,24409,496650,1,10000015,착과군,5.12,점
288,20200131,PF_0006024_01,080600,2319,24409,496651,1,10000012,열매수,48.0,개
289,20200131,PF_0006024_01,080600,2319,24409,496652,1,10000041,최종화방차수,8.0,차
290,20200131,PF_0006024_01,080600,2319,24409,496653,2,10000002,생장길이,0.0,cm
291,20200131,PF_0006024_01,080600,2319,24409,496654,2,10000008,화방높이,19.0,cm
292,20200131,PF_0006024_01,080600,2319,24409,496655,2,10000007,줄기직경,7.5,mm
293,20200131,PF_0006024_01,080600,2319,24409,496656,2,10000004,엽장,30.0,cm
294,20200131,PF_0006024_01,080600,2319,24409,496657,2,10000005,엽폭,28.0,cm
295,20200131,PF_0006024_01,080600,2319,24409,496658,2,10000003,엽수,7.0,개
296,20200131,PF_0006024_01,080600,2319,24409,496659,2,10000014,개화군,7.83,점
297,20200131,PF_0006024_01,080600,2319,24409,496660,2,10000015,착과군,6.5,점
298,20200131,PF_0006024_01,080600,2319,24409,496661,2,10000012,열매수,47.0,개
299,20200131,PF_0006024_01,080600,2319,24409,496662,2,10000041,최종화방차수,8.0,차
300,20200131,PF_0006024_01,080600,2319,24409,496663,3,10000002,생장길이,2.0,cm
301,20200131,PF_0006024_01,080600,2319,24409,496664,3,10000008,화방높이,14.0,cm
302,20200131,PF_0006024_01,080600,2319,24409,496665,3,10000007,줄기직경,6.66,mm
303,20200131,PF_0006024_01,080600,2319,24409,496666,3,10000004,엽장,30.0,cm
304,20200131,PF_0006024_01,080600,2319,24409,496667,3,10000005,엽폭,25.0,cm
305,20200131,PF_0006024_01,080600,2319,24409,496668,3,10000003,엽수,9.0,개
306,20200131,PF_0006024_01,080600,2319,24409,496669,3,10000014,개화군,6.12,점
307,20200131,PF_0006024_01,080600,2319,24409,496670,3,10000015,착과군,5.2,점
308,20200131,PF_0006024_01,080600,2319,24409,496671,3,10000012,열매수,65.0,개
309,20200131,PF_0006024_01,080600,2319,24409,496672,3,10000041,최종화방차수,7.0,차
310,20200131,PF_0006024_01,080600,2319,24409,496673,4,10000002,생장길이,12.0,cm
311,20200131,PF_0006024_01,080600,2319,24409,496674,4,10000008,화방높이,27.0,cm
312,20200131,PF_0006024_01,080600,2319,24409,496675,4,10000007,줄기직경,6.09,mm
313,20200131,PF_0006024_01,080600,2319,24409,496676,4,10000004,엽장,29.0,cm
314,20200131,PF_0006024_01,080600,2319,24409,496677,4,10000005,엽폭,25.0,cm
315,20200131,PF_0006024_01,080600,2319,24409,496678,4,10000003,엽수,9.0,개
316,20200131,PF_0006024_01,080600,2319,24409,496679,4,10000014,개화군,7.38,점
317,20200131,PF_0006024_01,080600,2319,24409,496680,4,10000015,착과군,5.2,점
318,20200131,PF_0006024_01,080600,2319,24409,496681,4,10000012,열매수,61.0,개
319,20200131,PF_0006024_01,080600,2319,24409,496682,4,10000041,최종화방차수,8.0,차
320,20200207,PF_0006024_01,080600,2319,24597,504369,1,10000002,생장길이,12.0,cm
321,20200207,PF_0006024_01,080600,2319,24597,504370,1,10000008,화방높이,15.0,cm
322,20200207,PF_0006024_01,080600,2319,24597,504371,1,10000007,줄기직경,7.76,mm
323,20200207,PF_0006024_01,080600,2319,24597,504372,1,10000004,엽장,36.0,cm
324,20200207,PF_0006024_01,080600,2319,24597,504373,1,10000005,엽폭,26.0,cm
325,20200207,PF_0006024_01,080600,2319,24597,504374,1,10000003,엽수,9.0,개
326,20200207,PF_0006024_01,080600,2319,24597,504375,1,10000014,개화군,9.4,점
327,20200207,PF_0006024_01,080600,2319,24597,504376,1,10000015,착과군,7.33,점
328,20200207,PF_0006024_01,080600,2319,24597,504377,1,10000012,열매수,40.0,개
329,20200207,PF_0006024_01,080600,2319,24597,504378,1,10000041,최종화방차수,10.0,차
330,20200207,PF_0006024_01,080600,2319,24597,504379,2,10000002,생장길이,100.0,cm
331,20200207,PF_0006024_01,080600,2319,24597,504380,2,10000008,화방높이,7.0,cm
332,20200207,PF_0006024_01,080600,2319,24597,504381,2,10000007,줄기직경,9.26,mm
333,20200207,PF_0006024_01,080600,2319,24597,504382,2,10000004,엽장,30.0,cm
334,20200207,PF_0006024_01,080600,2319,24597,504383,2,10000005,엽폭,23.0,cm
335,20200207,PF_0006024_01,080600,2319,24597,504384,2,10000003,엽수,6.0,개
336,20200207,PF_0006024_01,080600,2319,24597,504385,2,10000014,개화군,7.18,점
337,20200207,PF_0006024_01,080600,2319,24597,504386,2,10000015,착과군,5.33,점
338,20200207,PF_0006024_01,080600,2319,24597,504387,2,10000012,열매수,55.0,개
339,20200207,PF_0006024_01,080600,2319,24597,504388,2,10000041,최종화방차수,8.0,차
340,20200207,PF_0006024_01,080600,2319,24597,504389,3,10000002,생장길이,2.0,cm
341,20200207,PF_0006024_01,080600,2319,24597,504390,3,10000008,화방높이,13.0,cm
342,20200207,PF_0006024_01,080600,2319,24597,504391,3,10000007,줄기직경,6.73,mm
343,20200207,PF_0006024_01,080600,2319,24597,504392,3,10000004,엽장,31.0,cm
344,20200207,PF_0006024_01,080600,2319,24597,504393,3,10000005,엽폭,25.0,cm
345,20200207,PF_0006024_01,080600,2319,24597,504394,3,10000003,엽수,5.0,개
346,20200207,PF_0006024_01,080600,2319,24597,504395,3,10000014,개화군,7.75,점
347,20200207,PF_0006024_01,080600,2319,24597,504396,3,10000015,착과군,5.29,점
348,20200207,PF_0006024_01,080600,2319,24597,504397,3,10000012,열매수,63.0,개
349,20200207,PF_0006024_01,080600,2319,24597,504398,3,10000041,최종화방차수,8.0,차
350,20200207,PF_0006024_01,080600,2319,24597,504399,4,10000002,생장길이,298.0,cm
351,20200207,PF_0006024_01,080600,2319,24597,504400,4,10000008,화방높이,12.0,cm
352,20200207,PF_0006024_01,080600,2319,24597,504401,4,10000007,줄기직경,7.91,mm
353,20200207,PF_0006024_01,080600,2319,24597,504402,4,10000004,엽장,35.0,cm
354,20200207,PF_0006024_01,080600,2319,24597,504403,4,10000005,엽폭,27.0,cm
355,20200207,PF_0006024_01,080600,2319,24597,504404,4,10000003,엽수,8.23,개
356,20200207,PF_0006024_01,080600,2319,24597,504405,4,10000014,개화군,7.09,점
357,20200207,PF_0006024_01,080600,2319,24597,504406,4,10000015,착과군,0.0,점
358,20200207,PF_0006024_01,080600,2319,24597,504407,4,10000012,열매수,47.0,개
359,20200207,PF_0006024_01,080600,2319,24597,504408,4,10000041,최종화방차수,8.0,차
360,20200214,PF_0006024_01,080600,2319,24769,510081,1,10000002,생장길이,20.0,cm
361,20200214,PF_0006024_01,080600,2319,24769,510082,1,10000008,화방높이,35.0,cm
362,20200214,PF_0006024_01,080600,2319,24769,510083,1,10000007,줄기직경,7.55,mm
363,20200214,PF_0006024_01,080600,2319,24769,510084,1,10000004,엽장,31.0,cm
364,20200214,PF_0006024_01,080600,2319,24769,510085,1,10000005,엽폭,32.0,cm
365,20200214,PF_0006024_01,080600,2319,24769,510086,1,10000003,엽수,9.0,개
366,20200214,PF_0006024_01,080600,2319,24769,510087,1,10000014,개화군,9.5,점
367,20200214,PF_0006024_01,080600,2319,24769,510088,1,10000015,착과군,8.29,점
368,20200214,PF_0006024_01,080600,2319,24769,510089,1,10000012,열매수,45.0,개
369,20200214,PF_0006024_01,080600,2319,24769,510090,1,10000041,최종화방차수,10.0,차
370,20200214,PF_0006024_01,080600,2319,24769,510091,2,10000002,생장길이,383.0,cm
371,20200214,PF_0006024_01,080600,2319,24769,510092,2,10000008,화방높이,15.0,cm
372,20200214,PF_0006024_01,080600,2319,24769,510093,2,10000007,줄기직경,8.11,mm
373,20200214,PF_0006024_01,080600,2319,24769,510094,2,10000004,엽장,41.0,cm
374,20200214,PF_0006024_01,080600,2319,24769,510095,2,10000005,엽폭,43.0,cm
375,20200214,PF_0006024_01,080600,2319,24769,510096,2,10000003,엽수,10.0,개
376,20200214,PF_0006024_01,080600,2319,24769,510097,2,10000014,개화군,9.44,점
377,20200214,PF_0006024_01,080600,2319,24769,510098,2,10000015,착과군,8.44,점
378,20200214,PF_0006024_01,080600,2319,24769,510099,2,10000012,열매수,35.0,개
379,20200214,PF_0006024_01,080600,2319,24769,510100,2,10000041,최종화방차수,10.0,차
380,20200214,PF_0006024_01,080600,2319,24769,510101,3,10000002,생장길이,397.0,cm
381,20200214,PF_0006024_01,080600,2319,24769,510102,3,10000008,화방높이,25.0,cm
382,20200214,PF_0006024_01,080600,2319,24769,510103,3,10000007,줄기직경,7.77,mm
383,20200214,PF_0006024_01,080600,2319,24769,510104,3,10000004,엽장,39.0,cm
384,20200214,PF_0006024_01,080600,2319,24769,510105,3,10000005,엽폭,33.0,cm
385,20200214,PF_0006024_01,080600,2319,24769,510106,3,10000003,엽수,9.0,개
386,20200214,PF_0006024_01,080600,2319,24769,510107,3,10000014,개화군,9.1,점
387,20200214,PF_0006024_01,080600,2319,24769,510108,3,10000015,착과군,8.71,점
388,20200214,PF_0006024_01,080600,2319,24769,510109,3,10000012,열매수,45.0,개
389,20200214,PF_0006024_01,080600,2319,24769,510110,3,10000041,최종화방차수,10.0,차
390,20200214,PF_0006024_01,080600,2319,24769,510120,4,10000002,생장길이,20.0,cm
391,20200214,PF_0006024_01,080600,2319,24769,510121,4,10000008,화방높이,12.0,cm
392,20200214,PF_0006024_01,080600,2319,24769,510122,4,10000007,줄기직경,6.2,mm
393,20200214,PF_0006024_01,080600,2319,24769,510123,4,10000004,엽장,29.0,cm
394,20200214,PF_0006024_01,080600,2319,24769,510124,4,10000005,엽폭,24.0,cm
395,20200214,PF_0006024_01,080600,2319,24769,510125,4,10000003,엽수,6.0,개
396,20200214,PF_0006024_01,080600,2319,24769,510126,4,10000014,개화군,6.88,점
397,20200214,PF_0006024_01,080600,2319,24769,510127,4,10000015,착과군,5.11,점
398,20200214,PF_0006024_01,080600,2319,24769,510128,4,10000012,열매수,63.0,개
399,20200214,PF_0006024_01,080600,2319,24769,510129,4,10000041,최종화방차수,7.0,차
400,20200222,PF_0006024_01,080600,2319,25440,516180,1,10000002,생장길이,21.0,cm
401,20200222,PF_0006024_01,080600,2319,25440,516181,1,10000008,화방높이,8.0,cm
402,20200222,PF_0006024_01,080600,2319,25440,516182,1,10000007,줄기직경,8.04,mm
403,20200222,PF_0006024_01,080600,2319,25440,516183,1,10000004,엽장,36.0,cm
404,20200222,PF_0006024_01,080600,2319,25440,516184,1,10000005,엽폭,29.0,cm
405,20200222,PF_0006024_01,080600,2319,25440,516185,1,10000003,엽수,7.0,개
406,20200222,PF_0006024_01,080600,2319,25440,516186,1,10000014,개화군,12.14,점
407,20200222,PF_0006024_01,080600,2319,25440,516187,1,10000015,착과군,10.35,점
408,20200222,PF_0006024_01,080600,2319,25440,516188,1,10000012,열매수,52.0,개
409,20200222,PF_0006024_01,080600,2319,25440,516189,1,10000041,최종화방차수,13.0,차
410,20200222,PF_0006024_01,080600,2319,25440,516190,2,10000002,생장길이,15.0,cm
411,20200222,PF_0006024_01,080600,2319,25440,516191,2,10000008,화방높이,14.0,cm
412,20200222,PF_0006024_01,080600,2319,25440,516192,2,10000007,줄기직경,8.42,mm
413,20200222,PF_0006024_01,080600,2319,25440,516193,2,10000004,엽장,37.0,cm
414,20200222,PF_0006024_01,080600,2319,25440,516194,2,10000005,엽폭,23.0,cm
415,20200222,PF_0006024_01,080600,2319,25440,516195,2,10000003,엽수,6.0,개
416,20200222,PF_0006024_01,080600,2319,25440,516196,2,10000014,개화군,11.2,점
417,20200222,PF_0006024_01,080600,2319,25440,516197,2,10000015,착과군,9.64,점
418,20200222,PF_0006024_01,080600,2319,25440,516198,2,10000012,열매수,47.0,개
419,20200222,PF_0006024_01,080600,2319,25440,516199,2,10000041,최종화방차수,12.0,차
420,20200222,PF_0006024_01,080600,2319,25440,516200,3,10000002,생장길이,20.0,cm
421,20200222,PF_0006024_01,080600,2319,25440,516201,3,10000008,화방높이,7.0,cm
422,20200222,PF_0006024_01,080600,2319,25440,516202,3,10000007,줄기직경,7.21,mm
423,20200222,PF_0006024_01,080600,2319,25440,516203,3,10000004,엽장,37.0,cm
424,20200222,PF_0006024_01,080600,2319,25440,516204,3,10000005,엽폭,24.0,cm
425,20200222,PF_0006024_01,080600,2319,25440,516205,3,10000003,엽수,5.0,개
426,20200222,PF_0006024_01,080600,2319,25440,516206,3,10000014,개화군,11.21,점
427,20200222,PF_0006024_01,080600,2319,25440,516207,3,10000015,착과군,9.42,점
428,20200222,PF_0006024_01,080600,2319,25440,516208,3,10000012,열매수,68.0,개
429,20200222,PF_0006024_01,080600,2319,25440,516209,3,10000041,최종화방차수,12.0,차
430,20200222,PF_0006024_01,080600,2319,25440,516210,4,10000002,생장길이,17.0,cm
431,20200222,PF_0006024_01,080600,2319,25440,516211,4,10000008,화방높이,5.0,cm
432,20200222,PF_0006024_01,080600,2319,25440,516212,4,10000007,줄기직경,6.49,mm
433,20200222,PF_0006024_01,080600,2319,25440,516213,4,10000004,엽장,24.0,cm
434,20200222,PF_0006024_01,080600,2319,25440,516214,4,10000005,엽폭,20.0,cm
435,20200222,PF_0006024_01,080600,2319,25440,516215,4,10000003,엽수,6.0,개
436,20200222,PF_0006024_01,080600,2319,25440,516216,4,10000014,개화군,7.38,점
437,20200222,PF_0006024_01,080600,2319,25440,516217,4,10000015,착과군,6.5,점
438,20200222,PF_0006024_01,080600,2319,25440,516218,4,10000012,열매수,60.0,개
439,20200222,PF_0006024_01,080600,2319,25440,516219,4,10000041,최종화방차수,8.0,차
440,20200228,PF_0006024_01,080600,2319,27181,523264,1,10000002,생장길이,12.0,cm
441,20200228,PF_0006024_01,080600,2319,27181,523265,1,10000008,화방높이,13.0,cm
442,20200228,PF_0006024_01,080600,2319,27181,523266,1,10000007,줄기직경,7.29,mm
443,20200228,PF_0006024_01,080600,2319,27181,523267,1,10000004,엽장,35.0,cm
444,20200228,PF_0006024_01,080600,2319,27181,523268,1,10000005,엽폭,24.0,cm
445,20200228,PF_0006024_01,080600,2319,27181,523269,1,10000003,엽수,7.0,개
446,20200228,PF_0006024_01,080600,2319,27181,523270,1,10000014,개화군,10.18,점
447,20200228,PF_0006024_01,080600,2319,27181,523271,1,10000015,착과군,9.5,점
448,20200228,PF_0006024_01,080600,2319,27181,523272,1,10000012,열매수,49.0,개
449,20200228,PF_0006024_01,080600,2319,27181,523273,1,10000041,최종화방차수,11.0,차
450,20200228,PF_0006024_01,080600,2319,27181,523274,2,10000002,생장길이,4.0,cm
451,20200228,PF_0006024_01,080600,2319,27181,523275,2,10000008,화방높이,14.0,cm
452,20200228,PF_0006024_01,080600,2319,27181,523276,2,10000007,줄기직경,6.35,mm
453,20200228,PF_0006024_01,080600,2319,27181,523277,2,10000004,엽장,30.0,cm
454,20200228,PF_0006024_01,080600,2319,27181,523278,2,10000005,엽폭,26.0,cm
455,20200228,PF_0006024_01,080600,2319,27181,523279,2,10000003,엽수,5.0,개
456,20200228,PF_0006024_01,080600,2319,27181,523280,2,10000014,개화군,0.0,점
457,20200228,PF_0006024_01,080600,2319,27181,523281,2,10000015,착과군,7.5,점
458,20200228,PF_0006024_01,080600,2319,27181,523282,2,10000012,열매수,13.0,개
459,20200228,PF_0006024_01,080600,2319,27181,523283,2,10000041,최종화방차수,8.0,차
460,20200228,PF_0006024_01,080600,2319,27181,523284,3,10000002,생장길이,15.0,cm
461,20200228,PF_0006024_01,080600,2319,27181,523285,3,10000008,화방높이,8.0,cm
462,20200228,PF_0006024_01,080600,2319,27181,523286,3,10000007,줄기직경,8.76,mm
463,20200228,PF_0006024_01,080600,2319,27181,523287,3,10000004,엽장,34.0,cm
464,20200228,PF_0006024_01,080600,2319,27181,523288,3,10000005,엽폭,33.0,cm
465,20200228,PF_0006024_01,080600,2319,27181,523289,3,10000003,엽수,8.0,개
466,20200228,PF_0006024_01,080600,2319,27181,523290,3,10000014,개화군,11.27,점
467,20200228,PF_0006024_01,080600,2319,27181,523291,3,10000015,착과군,10.4,점
468,20200228,PF_0006024_01,080600,2319,27181,523292,3,10000012,열매수,34.0,개
469,20200228,PF_0006024_01,080600,2319,27181,523293,3,10000041,최종화방차수,12.0,차
470,20200228,PF_0006024_01,080600,2319,27181,523294,4,10000002,생장길이,10.0,cm
471,20200228,PF_0006024_01,080600,2319,27181,523295,4,10000008,화방높이,10.0,cm
472,20200228,PF_0006024_01,080600,2319,27181,523296,4,10000007,줄기직경,5.74,mm
473,20200228,PF_0006024_01,080600,2319,27181,523297,4,10000004,엽장,25.0,cm
474,20200228,PF_0006024_01,080600,2319,27181,523298,4,10000005,엽폭,22.0,cm
475,20200228,PF_0006024_01,080600,2319,27181,523299,4,10000003,엽수,6.0,개
476,20200228,PF_0006024_01,080600,2319,27181,523300,4,10000014,개화군,0.0,점
477,20200228,PF_0006024_01,080600,2319,27181,523301,4,10000015,착과군,6.75,점
478,20200228,PF_0006024_01,080600,2319,27181,523302,4,10000012,열매수,41.0,개
479,20200228,PF_0006024_01,080600,2319,27181,523303,4,10000041,최종화방차수,7.0,차
480,20200306,PF_0006024_01,080600,2319,28080,530020,1,10000002,생장길이,16.0,cm
481,20200306,PF_0006024_01,080600,2319,28080,530021,1,10000008,화방높이,9.0,cm
482,20200306,PF_0006024_01,080600,2319,28080,530022,1,10000007,줄기직경,7.79,mm
483,20200306,PF_0006024_01,080600,2319,28080,530023,1,10000004,엽장,37.0,cm
484,20200306,PF_0006024_01,080600,2319,28080,530024,1,10000005,엽폭,29.0,cm
485,20200306,PF_0006024_01,080600,2319,28080,530025,1,10000003,엽수,9.0,개
486,20200306,PF_0006024_01,080600,2319,28080,530026,1,10000014,개화군,11.33,점
487,20200306,PF_0006024_01,080600,2319,28080,530027,1,10000015,착과군,10.6,점
488,20200306,PF_0006024_01,080600,2319,28080,530028,1,10000012,열매수,49.0,개
489,20200306,PF_0006024_01,080600,2319,28080,530029,1,10000041,최종화방차수,12.0,차
490,20200306,PF_0006024_01,080600,2319,28080,530030,2,10000002,생장길이,19.0,cm
491,20200306,PF_0006024_01,080600,2319,28080,530031,2,10000008,화방높이,11.0,cm
492,20200306,PF_0006024_01,080600,2319,28080,530032,2,10000007,줄기직경,8.23,mm
493,20200306,PF_0006024_01,080600,2319,28080,530033,2,10000004,엽장,37.0,cm
494,20200306,PF_0006024_01,080600,2319,28080,530034,2,10000005,엽폭,37.0,cm
495,20200306,PF_0006024_01,080600,2319,28080,530035,2,10000003,엽수,9.0,개
496,20200306,PF_0006024_01,080600,2319,28080,530036,2,10000014,개화군,12.27,점
497,20200306,PF_0006024_01,080600,2319,28080,530037,2,10000015,착과군,10.2,점
498,20200306,PF_0006024_01,080600,2319,28080,530038,2,10000012,열매수,47.0,개
499,20200306,PF_0006024_01,080600,2319,28080,530039,2,10000041,최종화방차수,13.0,차
500,20200306,PF_0006024_01,080600,2319,28080,530040,3,10000002,생장길이,17.0,cm
501,20200306,PF_0006024_01,080600,2319,28080,530041,3,10000008,화방높이,24.0,cm
502,20200306,PF_0006024_01,080600,2319,28080,530042,3,10000007,줄기직경,9.16,mm
503,20200306,PF_0006024_01,080600,2319,28080,530043,3,10000004,엽장,44.0,cm
504,20200306,PF_0006024_01,080600,2319,28080,530044,3,10000005,엽폭,38.0,cm
505,20200306,PF_0006024_01,080600,2319,28080,530045,3,10000003,엽수,8.0,개
506,20200306,PF_0006024_01,080600,2319,28080,530046,3,10000014,개화군,12.42,점
507,20200306,PF_0006024_01,080600,2319,28080,530047,3,10000015,착과군,11.11,점
508,20200306,PF_0006024_01,080600,2319,28080,530048,3,10000012,열매수,48.0,개
509,20200306,PF_0006024_01,080600,2319,28080,530049,3,10000041,최종화방차수,13.0,차
510,20200306,PF_0006024_01,080600,2319,28080,530050,4,10000002,생장길이,16.0,cm
511,20200306,PF_0006024_01,080600,2319,28080,530051,4,10000008,화방높이,7.0,cm
512,20200306,PF_0006024_01,080600,2319,28080,530052,4,10000007,줄기직경,5.14,mm
513,20200306,PF_0006024_01,080600,2319,28080,530053,4,10000004,엽장,27.0,cm
514,20200306,PF_0006024_01,080600,2319,28080,530054,4,10000005,엽폭,21.0,cm
515,20200306,PF_0006024_01,080600,2319,28080,530055,4,10000003,엽수,7.0,개
516,20200306,PF_0006024_01,080600,2319,28080,530056,4,10000014,개화군,0.0,점
517,20200306,PF_0006024_01,080600,2319,28080,530057,4,10000015,착과군,8.5,점
518,20200306,PF_0006024_01,080600,2319,28080,530058,4,10000012,열매수,44.0,개
519,20200306,PF_0006024_01,080600,2319,28080,530059,4,10000041,최종화방차수,9.0,차
520,20200313,PF_0006024_01,080600,2319,28811,535873,1,10000002,생장길이,18.0,cm
521,20200313,PF_0006024_01,080600,2319,28811,535874,1,10000008,화방높이,22.0,cm
522,20200313,PF_0006024_01,080600,2319,28811,535875,1,10000007,줄기직경,8.08,mm
523,20200313,PF_0006024_01,080600,2319,28811,535876,1,10000004,엽장,39.0,cm
524,20200313,PF_0006024_01,080600,2319,28811,535877,1,10000005,엽폭,32.0,cm
525,20200313,PF_0006024_01,080600,2319,28811,535878,1,10000003,엽수,6.0,개
526,20200313,PF_0006024_01,080600,2319,28811,535879,1,10000014,개화군,12.42,점
527,20200313,PF_0006024_01,080600,2319,28811,535880,1,10000015,착과군,11.18,점
528,20200313,PF_0006024_01,080600,2319,28811,535881,1,10000012,열매수,63.0,개
529,20200313,PF_0006024_01,080600,2319,28811,535882,1,10000041,최종화방차수,13.0,차
530,20200313,PF_0006024_01,080600,2319,28811,535883,2,10000002,생장길이,19.0,cm
531,20200313,PF_0006024_01,080600,2319,28811,535884,2,10000008,화방높이,13.0,cm
532,20200313,PF_0006024_01,080600,2319,28811,535885,2,10000007,줄기직경,9.72,mm
533,20200313,PF_0006024_01,080600,2319,28811,535886,2,10000004,엽장,40.0,cm
534,20200313,PF_0006024_01,080600,2319,28811,535887,2,10000005,엽폭,31.0,cm
535,20200313,PF_0006024_01,080600,2319,28811,535888,2,10000003,엽수,10.0,개
536,20200313,PF_0006024_01,080600,2319,28811,535889,2,10000014,개화군,13.16,점
537,20200313,PF_0006024_01,080600,2319,28811,535890,2,10000015,착과군,12.13,점
538,20200313,PF_0006024_01,080600,2319,28811,535891,2,10000012,열매수,72.0,개
539,20200313,PF_0006024_01,080600,2319,28811,535892,2,10000041,최종화방차수,14.0,차
540,20200313,PF_0006024_01,080600,2319,28811,535893,3,10000002,생장길이,15.0,cm
541,20200313,PF_0006024_01,080600,2319,28811,535894,3,10000008,화방높이,18.0,cm
542,20200313,PF_0006024_01,080600,2319,28811,535895,3,10000007,줄기직경,9.12,mm
543,20200313,PF_0006024_01,080600,2319,28811,535896,3,10000004,엽장,35.0,cm
544,20200313,PF_0006024_01,080600,2319,28811,535897,3,10000005,엽폭,25.0,cm
545,20200313,PF_0006024_01,080600,2319,28811,535898,3,10000003,엽수,8.0,개
546,20200313,PF_0006024_01,080600,2319,28811,535899,3,10000014,개화군,12.27,점
547,20200313,PF_0006024_01,080600,2319,28811,535900,3,10000015,착과군,11.64,점
548,20200313,PF_0006024_01,080600,2319,28811,535901,3,10000012,열매수,33.0,개
549,20200313,PF_0006024_01,080600,2319,28811,535902,3,10000041,최종화방차수,13.0,차
550,20200313,PF_0006024_01,080600,2319,28811,535903,4,10000002,생장길이,16.0,cm
551,20200313,PF_0006024_01,080600,2319,28811,535904,4,10000008,화방높이,13.0,cm
552,20200313,PF_0006024_01,080600,2319,28811,535905,4,10000007,줄기직경,6.04,mm
553,20200313,PF_0006024_01,080600,2319,28811,535906,4,10000004,엽장,27.0,cm
554,20200313,PF_0006024_01,080600,2319,28811,535907,4,10000005,엽폭,24.0,cm
555,20200313,PF_0006024_01,080600,2319,28811,535908,4,10000003,엽수,7.0,개
556,20200313,PF_0006024_01,080600,2319,28811,535909,4,10000014,개화군,9.11,점
557,20200313,PF_0006024_01,080600,2319,28811,535910,4,10000015,착과군,8.67,점
558,20200313,PF_0006024_01,080600,2319,28811,535911,4,10000012,열매수,15.0,개
559,20200313,PF_0006024_01,080600,2319,28811,535912,4,10000041,최종화방차수,10.0,차
560,20200320,PF_0006024_01,080600,2319,29046,541000,1,10000002,생장길이,27.0,cm
561,20200320,PF_0006024_01,080600,2319,29046,541001,1,10000008,화방높이,19.0,cm
562,20200320,PF_0006024_01,080600,2319,29046,541002,1,10000007,줄기직경,9.78,mm
563,20200320,PF_0006024_01,080600,2319,29046,541003,1,10000004,엽장,39.0,cm
564,20200320,PF_0006024_01,080600,2319,29046,541004,1,10000005,엽폭,29.0,cm
565,20200320,PF_0006024_01,080600,2319,29046,541005,1,10000003,엽수,8.0,개
566,20200320,PF_0006024_01,080600,2319,29046,541006,1,10000014,개화군,13.3,점
567,20200320,PF_0006024_01,080600,2319,29046,541007,1,10000015,착과군,12.27,점
568,20200320,PF_0006024_01,080600,2319,29046,541008,1,10000012,열매수,32.0,개
569,20200320,PF_0006024_01,080600,2319,29046,541009,1,10000041,최종화방차수,14.0,차
570,20200320,PF_0006024_01,080600,2319,29046,541010,2,10000002,생장길이,28.0,cm
571,20200320,PF_0006024_01,080600,2319,29046,541011,2,10000008,화방높이,28.0,cm
572,20200320,PF_0006024_01,080600,2319,29046,541012,2,10000007,줄기직경,9.44,mm
573,20200320,PF_0006024_01,080600,2319,29046,541013,2,10000004,엽장,0.0,cm
574,20200320,PF_0006024_01,080600,2319,29046,541014,2,10000005,엽폭,37.0,cm
575,20200320,PF_0006024_01,080600,2319,29046,541015,2,10000003,엽수,10.0,개
576,20200320,PF_0006024_01,080600,2319,29046,541016,2,10000014,개화군,13.33,점
577,20200320,PF_0006024_01,080600,2319,29046,541017,2,10000015,착과군,12.43,점
578,20200320,PF_0006024_01,080600,2319,29046,541018,2,10000012,열매수,50.0,개
579,20200320,PF_0006024_01,080600,2319,29046,541019,2,10000041,최종화방차수,14.0,차
580,20200320,PF_0006024_01,080600,2319,29046,541020,3,10000002,생장길이,20.0,cm
581,20200320,PF_0006024_01,080600,2319,29046,541021,3,10000008,화방높이,6.0,cm
582,20200320,PF_0006024_01,080600,2319,29046,541022,3,10000007,줄기직경,9.14,mm
583,20200320,PF_0006024_01,080600,2319,29046,541023,3,10000004,엽장,38.0,cm
584,20200320,PF_0006024_01,080600,2319,29046,541024,3,10000005,엽폭,28.0,cm
585,20200320,PF_0006024_01,080600,2319,29046,541025,3,10000003,엽수,8.0,개
586,20200320,PF_0006024_01,080600,2319,29046,541026,3,10000014,개화군,13.13,점
587,20200320,PF_0006024_01,080600,2319,29046,541027,3,10000015,착과군,12.42,점
588,20200320,PF_0006024_01,080600,2319,29046,541028,3,10000012,열매수,45.0,개
589,20200320,PF_0006024_01,080600,2319,29046,541029,3,10000041,최종화방차수,14.0,차
590,20200320,PF_0006024_01,080600,2319,29046,541030,4,10000002,생장길이,21.0,cm
591,20200320,PF_0006024_01,080600,2319,29046,541031,4,10000008,화방높이,9.0,cm
592,20200320,PF_0006024_01,080600,2319,29046,541032,4,10000007,줄기직경,7.76,mm
593,20200320,PF_0006024_01,080600,2319,29046,541033,4,10000004,엽장,31.0,cm
594,20200320,PF_0006024_01,080600,2319,29046,541034,4,10000005,엽폭,27.0,cm
595,20200320,PF_0006024_01,080600,2319,29046,541035,4,10000003,엽수,12.0,개
596,20200320,PF_0006024_01,080600,2319,29046,541036,4,10000014,개화군,10.11,점
597,20200320,PF_0006024_01,080600,2319,29046,541037,4,10000015,착과군,8.67,점
598,20200320,PF_0006024_01,080600,2319,29046,541038,4,10000012,열매수,32.0,개
599,20200320,PF_0006024_01,080600,2319,29046,541039,4,10000041,최종화방차수,11.0,차
600,20200327,PF_0006024_01,080600,2319,29195,545178,1,10000002,생장길이,12.0,cm
601,20200327,PF_0006024_01,080600,2319,29195,545179,1,10000008,화방높이,2.0,cm
602,20200327,PF_0006024_01,080600,2319,29195,545180,1,10000007,줄기직경,9.85,mm
603,20200327,PF_0006024_01,080600,2319,29195,545181,1,10000004,엽장,39.0,cm
604,20200327,PF_0006024_01,080600,2319,29195,545182,1,10000005,엽폭,31.0,cm
605,20200327,PF_0006024_01,080600,2319,29195,545183,1,10000003,엽수,11.0,개
606,20200327,PF_0006024_01,080600,2319,29195,545184,1,10000014,개화군,14.4,점
607,20200327,PF_0006024_01,080600,2319,29195,545185,1,10000015,착과군,12.46,점
608,20200327,PF_0006024_01,080600,2319,29195,545186,1,10000012,열매수,52.0,개
609,20200327,PF_0006024_01,080600,2319,29195,545187,1,10000041,최종화방차수,15.0,차
610,20200327,PF_0006024_01,080600,2319,29195,545188,2,10000002,생장길이,23.0,cm
611,20200327,PF_0006024_01,080600,2319,29195,545189,2,10000008,화방높이,20.0,cm
612,20200327,PF_0006024_01,080600,2319,29195,545190,2,10000007,줄기직경,10.21,mm
613,20200327,PF_0006024_01,080600,2319,29195,545191,2,10000004,엽장,45.0,cm
614,20200327,PF_0006024_01,080600,2319,29195,545192,2,10000005,엽폭,39.0,cm
615,20200327,PF_0006024_01,080600,2319,29195,545193,2,10000003,엽수,13.0,개
616,20200327,PF_0006024_01,080600,2319,29195,545194,2,10000014,개화군,14.29,점
617,20200327,PF_0006024_01,080600,2319,29195,545195,2,10000015,착과군,13.14,점
618,20200327,PF_0006024_01,080600,2319,29195,545196,2,10000012,열매수,38.0,개
619,20200327,PF_0006024_01,080600,2319,29195,545197,2,10000041,최종화방차수,15.0,차
620,20200327,PF_0006024_01,080600,2319,29195,545198,3,10000002,생장길이,13.0,cm
621,20200327,PF_0006024_01,080600,2319,29195,545199,3,10000008,화방높이,8.0,cm
622,20200327,PF_0006024_01,080600,2319,29195,545200,3,10000007,줄기직경,10.2,mm
623,20200327,PF_0006024_01,080600,2319,29195,545201,3,10000004,엽장,43.0,cm
624,20200327,PF_0006024_01,080600,2319,29195,545202,3,10000005,엽폭,33.0,cm
625,20200327,PF_0006024_01,080600,2319,29195,545203,3,10000003,엽수,8.0,개
626,20200327,PF_0006024_01,080600,2319,29195,545204,3,10000014,개화군,14.29,점
627,20200327,PF_0006024_01,080600,2319,29195,545205,3,10000015,착과군,12.45,점
628,20200327,PF_0006024_01,080600,2319,29195,545206,3,10000012,열매수,45.0,개
629,20200327,PF_0006024_01,080600,2319,29195,545207,3,10000041,최종화방차수,15.0,차
630,20200327,PF_0006024_01,080600,2319,29195,545208,4,10000002,생장길이,24.0,cm
631,20200327,PF_0006024_01,080600,2319,29195,545209,4,10000008,화방높이,21.0,cm
632,20200327,PF_0006024_01,080600,2319,29195,545210,4,10000007,줄기직경,7.49,mm
633,20200327,PF_0006024_01,080600,2319,29195,545211,4,10000004,엽장,32.0,cm
634,20200327,PF_0006024_01,080600,2319,29195,545212,4,10000005,엽폭,30.0,cm
635,20200327,PF_0006024_01,080600,2319,29195,545213,4,10000003,엽수,9.0,개
636,20200327,PF_0006024_01,080600,2319,29195,545214,4,10000014,개화군,10.78,점
637,20200327,PF_0006024_01,080600,2319,29195,545215,4,10000015,착과군,9.5,점
638,20200327,PF_0006024_01,080600,2319,29195,545216,4,10000012,열매수,29.0,개
639,20200327,PF_0006024_01,080600,2319,29195,545217,4,10000041,최종화방차수,11.0,차
640,20200403,PF_0006024_01,080600,2319,29356,549566,1,10000002,생장길이,6.0,cm
641,20200403,PF_0006024_01,080600,2319,29356,549567,1,10000008,화방높이,5.0,cm
642,20200403,PF_0006024_01,080600,2319,29356,549568,1,10000007,줄기직경,9.23,mm
643,20200403,PF_0006024_01,080600,2319,29356,549569,1,10000004,엽장,37.0,cm
644,20200403,PF_0006024_01,080600,2319,29356,549570,1,10000005,엽폭,30.0,cm
645,20200403,PF_0006024_01,080600,2319,29356,549571,1,10000003,엽수,10.0,개
646,20200403,PF_0006024_01,080600,2319,29356,549572,1,10000014,개화군,14.56,점
647,20200403,PF_0006024_01,080600,2319,29356,549573,1,10000015,착과군,13.24,점
648,20200403,PF_0006024_01,080600,2319,29356,549574,1,10000012,열매수,44.0,개
649,20200403,PF_0006024_01,080600,2319,29356,549575,1,10000041,최종화방차수,15.0,차
650,20200403,PF_0006024_01,080600,2319,29356,549576,2,10000002,생장길이,7.0,cm
651,20200403,PF_0006024_01,080600,2319,29356,549577,2,10000008,화방높이,4.0,cm
652,20200403,PF_0006024_01,080600,2319,29356,549578,2,10000007,줄기직경,10.29,mm
653,20200403,PF_0006024_01,080600,2319,29356,549579,2,10000004,엽장,44.0,cm
654,20200403,PF_0006024_01,080600,2319,29356,549580,2,10000005,엽폭,36.0,cm
655,20200403,PF_0006024_01,080600,2319,29356,549581,2,10000003,엽수,15.0,개
656,20200403,PF_0006024_01,080600,2319,29356,549582,2,10000014,개화군,15.26,점
657,20200403,PF_0006024_01,080600,2319,29356,549583,2,10000015,착과군,14.1,점
658,20200403,PF_0006024_01,080600,2319,29356,549584,2,10000012,열매수,39.0,개
659,20200403,PF_0006024_01,080600,2319,29356,549585,2,10000041,최종화방차수,16.0,차
660,20200403,PF_0006024_01,080600,2319,29356,549586,3,10000002,생장길이,5.0,cm
661,20200403,PF_0006024_01,080600,2319,29356,549587,3,10000008,화방높이,5.0,cm
662,20200403,PF_0006024_01,080600,2319,29356,549588,3,10000007,줄기직경,9.12,mm
663,20200403,PF_0006024_01,080600,2319,29356,549589,3,10000004,엽장,43.0,cm
664,20200403,PF_0006024_01,080600,2319,29356,549590,3,10000005,엽폭,34.0,cm
665,20200403,PF_0006024_01,080600,2319,29356,549591,3,10000003,엽수,11.0,개
666,20200403,PF_0006024_01,080600,2319,29356,549592,3,10000014,개화군,12.35,점
667,20200403,PF_0006024_01,080600,2319,29356,549593,3,10000015,착과군,13.2,점
668,20200403,PF_0006024_01,080600,2319,29356,549594,3,10000012,열매수,33.0,개
669,20200403,PF_0006024_01,080600,2319,29356,549595,3,10000041,최종화방차수,13.0,차
670,20200403,PF_0006024_01,080600,2319,29356,549596,4,10000002,생장길이,10.0,cm
671,20200403,PF_0006024_01,080600,2319,29356,549597,4,10000008,화방높이,3.0,cm
672,20200403,PF_0006024_01,080600,2319,29356,549598,4,10000007,줄기직경,10.15,mm
673,20200403,PF_0006024_01,080600,2319,29356,549599,4,10000004,엽장,30.0,cm
674,20200403,PF_0006024_01,080600,2319,29356,549600,4,10000005,엽폭,22.0,cm
675,20200403,PF_0006024_01,080600,2319,29356,549601,4,10000003,엽수,10.0,개
676,20200403,PF_0006024_01,080600,2319,29356,549602,4,10000014,개화군,11.43,점
677,20200403,PF_0006024_01,080600,2319,29356,549603,4,10000015,착과군,9.5,점
678,20200403,PF_0006024_01,080600,2319,29356,549604,4,10000012,열매수,18.0,개
679,20200403,PF_0006024_01,080600,2319,29356,549605,4,10000041,최종화방차수,12.0,차
680,20200410,PF_0006024_01,080600,2319,29555,554861,1,10000002,생장길이,0.0,cm
681,20200410,PF_0006024_01,080600,2319,29555,554862,1,10000008,화방높이,0.0,cm
682,20200410,PF_0006024_01,080600,2319,29555,554863,1,10000007,줄기직경,10.08,mm
683,20200410,PF_0006024_01,080600,2319,29555,554864,1,10000004,엽장,40.0,cm
684,20200410,PF_0006024_01,080600,2319,29555,554865,1,10000005,엽폭,32.0,cm
685,20200410,PF_0006024_01,080600,2319,29555,554866,1,10000003,엽수,11.0,개
686,20200410,PF_0006024_01,080600,2319,29555,554867,1,10000014,개화군,14.33,점
687,20200410,PF_0006024_01,080600,2319,29555,554868,1,10000015,착과군,14.5,점
688,20200410,PF_0006024_01,080600,2319,29555,554869,1,10000012,열매수,48.0,개
689,20200410,PF_0006024_01,080600,2319,29555,554870,1,10000041,최종화방차수,15.0,차
690,20200410,PF_0006024_01,080600,2319,29555,554871,2,10000002,생장길이,4.0,cm
691,20200410,PF_0006024_01,080600,2319,29555,554872,2,10000008,화방높이,0.0,cm
692,20200410,PF_0006024_01,080600,2319,29555,554873,2,10000007,줄기직경,10.75,mm
693,20200410,PF_0006024_01,080600,2319,29555,554874,2,10000004,엽장,44.0,cm
694,20200410,PF_0006024_01,080600,2319,29555,554875,2,10000005,엽폭,37.0,cm
695,20200410,PF_0006024_01,080600,2319,29555,554876,2,10000003,엽수,11.0,개
696,20200410,PF_0006024_01,080600,2319,29555,554877,2,10000014,개화군,15.5,점
697,20200410,PF_0006024_01,080600,2319,29555,554878,2,10000015,착과군,14.59,점
698,20200410,PF_0006024_01,080600,2319,29555,554879,2,10000012,열매수,70.0,개
699,20200410,PF_0006024_01,080600,2319,29555,554880,2,10000041,최종화방차수,16.0,차
700,20200410,PF_0006024_01,080600,2319,29555,554881,3,10000002,생장길이,1.0,cm
701,20200410,PF_0006024_01,080600,2319,29555,554882,3,10000008,화방높이,0.0,cm
702,20200410,PF_0006024_01,080600,2319,29555,554883,3,10000007,줄기직경,9.45,mm
703,20200410,PF_0006024_01,080600,2319,29555,554884,3,10000004,엽장,42.0,cm
704,20200410,PF_0006024_01,080600,2319,29555,554885,3,10000005,엽폭,35.0,cm
705,20200410,PF_0006024_01,080600,2319,29555,554886,3,10000003,엽수,7.0,개
706,20200410,PF_0006024_01,080600,2319,29555,554887,3,10000014,개화군,14.18,점
707,20200410,PF_0006024_01,080600,2319,29555,554888,3,10000015,착과군,13.82,점
708,20200410,PF_0006024_01,080600,2319,29555,554889,3,10000012,열매수,44.0,개
709,20200410,PF_0006024_01,080600,2319,29555,554890,3,10000041,최종화방차수,15.0,차
710,20200410,PF_0006024_01,080600,2319,29555,554891,4,10000002,생장길이,10.0,cm
711,20200410,PF_0006024_01,080600,2319,29555,554892,4,10000008,화방높이,2.0,cm
712,20200410,PF_0006024_01,080600,2319,29555,554893,4,10000007,줄기직경,7.54,mm
713,20200410,PF_0006024_01,080600,2319,29555,554894,4,10000004,엽장,35.0,cm
714,20200410,PF_0006024_01,080600,2319,29555,554895,4,10000005,엽폭,28.0,cm
715,20200410,PF_0006024_01,080600,2319,29555,554896,4,10000003,엽수,12.0,개
716,20200410,PF_0006024_01,080600,2319,29555,554897,4,10000014,개화군,12.44,점
717,20200410,PF_0006024_01,080600,2319,29555,554898,4,10000015,착과군,11.44,점
718,20200410,PF_0006024_01,080600,2319,29555,554899,4,10000012,열매수,24.0,개
719,20200410,PF_0006024_01,080600,2319,29555,554900,4,10000041,최종화방차수,13.0,차
720,20200417,PF_0006024_01,080600,2319,29719,558835,1,10000002,생장길이,0.0,cm
721,20200417,PF_0006024_01,080600,2319,29719,558836,1,10000008,화방높이,2.0,cm
722,20200417,PF_0006024_01,080600,2319,29719,558837,1,10000007,줄기직경,8.94,mm
723,20200417,PF_0006024_01,080600,2319,29719,558838,1,10000004,엽장,39.0,cm
724,20200417,PF_0006024_01,080600,2319,29719,558839,1,10000005,엽폭,32.0,cm
725,20200417,PF_0006024_01,080600,2319,29719,558840,1,10000003,엽수,11.0,개
726,20200417,PF_0006024_01,080600,2319,29719,558841,1,10000014,개화군,14.07,점
727,20200417,PF_0006024_01,080600,2319,29719,558842,1,10000015,착과군,13.29,점
728,20200417,PF_0006024_01,080600,2319,29719,558843,1,10000012,열매수,48.0,개
729,20200417,PF_0006024_01,080600,2319,29719,558844,1,10000041,최종화방차수,15.0,차
730,20200417,PF_0006024_01,080600,2319,29719,558845,2,10000002,생장길이,6.0,cm
731,20200417,PF_0006024_01,080600,2319,29719,558846,2,10000008,화방높이,0.0,cm
732,20200417,PF_0006024_01,080600,2319,29719,558847,2,10000007,줄기직경,10.44,mm
733,20200417,PF_0006024_01,080600,2319,29719,558848,2,10000004,엽장,44.0,cm
734,20200417,PF_0006024_01,080600,2319,29719,558849,2,10000005,엽폭,39.0,cm
735,20200417,PF_0006024_01,080600,2319,29719,558850,2,10000003,엽수,10.0,개
736,20200417,PF_0006024_01,080600,2319,29719,558851,2,10000014,개화군,15.67,점
737,20200417,PF_0006024_01,080600,2319,29719,558852,2,10000015,착과군,14.94,점
738,20200417,PF_0006024_01,080600,2319,29719,558853,2,10000012,열매수,86.0,개
739,20200417,PF_0006024_01,080600,2319,29719,558854,2,10000041,최종화방차수,16.0,차
740,20200417,PF_0006024_01,080600,2319,29719,558855,3,10000002,생장길이,0.0,cm
741,20200417,PF_0006024_01,080600,2319,29719,558856,3,10000008,화방높이,0.0,cm
742,20200417,PF_0006024_01,080600,2319,29719,558857,3,10000007,줄기직경,8.86,mm
743,20200417,PF_0006024_01,080600,2319,29719,558858,3,10000004,엽장,36.0,cm
744,20200417,PF_0006024_01,080600,2319,29719,558859,3,10000005,엽폭,30.0,cm
745,20200417,PF_0006024_01,080600,2319,29719,558860,3,10000003,엽수,7.0,개
746,20200417,PF_0006024_01,080600,2319,29719,558861,3,10000014,개화군,14.19,점
747,20200417,PF_0006024_01,080600,2319,29719,558862,3,10000015,착과군,13.94,점
748,20200417,PF_0006024_01,080600,2319,29719,558863,3,10000012,열매수,66.0,개
749,20200417,PF_0006024_01,080600,2319,29719,558864,3,10000041,최종화방차수,15.0,차
750,20200417,PF_0006024_01,080600,2319,29719,558865,4,10000002,생장길이,10.0,cm
751,20200417,PF_0006024_01,080600,2319,29719,558866,4,10000008,화방높이,5.0,cm
752,20200417,PF_0006024_01,080600,2319,29719,558867,4,10000007,줄기직경,8.76,mm
753,20200417,PF_0006024_01,080600,2319,29719,558868,4,10000004,엽장,32.0,cm
754,20200417,PF_0006024_01,080600,2319,29719,558869,4,10000005,엽폭,19.0,cm
755,20200417,PF_0006024_01,080600,2319,29719,558870,4,10000003,엽수,7.0,개
756,20200417,PF_0006024_01,080600,2319,29719,558871,4,10000014,개화군,11.11,점
757,20200417,PF_0006024_01,080600,2319,29719,558872,4,10000015,착과군,11.0,점
758,20200417,PF_0006024_01,080600,2319,29719,558873,4,10000012,열매수,38.0,개
759,20200417,PF_0006024_01,080600,2319,29719,558874,4,10000041,최종화방차수,12.0,차
760,20200424,PF_0006024_01,080600,2319,29963,562640,1,10000002,생장길이,3.0,cm
761,20200424,PF_0006024_01,080600,2319,29963,562641,1,10000008,화방높이,0.0,cm
762,20200424,PF_0006024_01,080600,2319,29963,562642,1,10000007,줄기직경,8.3,mm
763,20200424,PF_0006024_01,080600,2319,29963,562643,1,10000004,엽장,40.0,cm
764,20200424,PF_0006024_01,080600,2319,29963,562644,1,10000005,엽폭,30.0,cm
765,20200424,PF_0006024_01,080600,2319,29963,562645,1,10000003,엽수,8.0,개
766,20200424,PF_0006024_01,080600,2319,29963,562646,1,10000014,개화군,14.92,점
767,20200424,PF_0006024_01,080600,2319,29963,562647,1,10000015,착과군,14.0,점
768,20200424,PF_0006024_01,080600,2319,29963,562648,1,10000012,열매수,52.0,개
769,20200424,PF_0006024_01,080600,2319,29963,562649,1,10000041,최종화방차수,15.0,차
770,20200424,PF_0006024_01,080600,2319,29963,562650,2,10000002,생장길이,0.0,cm
771,20200424,PF_0006024_01,080600,2319,29963,562651,2,10000008,화방높이,0.0,cm
772,20200424,PF_0006024_01,080600,2319,29963,562652,2,10000007,줄기직경,9.89,mm
773,20200424,PF_0006024_01,080600,2319,29963,562653,2,10000004,엽장,44.0,cm
774,20200424,PF_0006024_01,080600,2319,29963,562654,2,10000005,엽폭,35.0,cm
775,20200424,PF_0006024_01,080600,2319,29963,562655,2,10000003,엽수,9.0,개
776,20200424,PF_0006024_01,080600,2319,29963,562656,2,10000014,개화군,15.08,점
777,20200424,PF_0006024_01,080600,2319,29963,562657,2,10000015,착과군,14.89,점
778,20200424,PF_0006024_01,080600,2319,29963,562658,2,10000012,열매수,90.0,개
779,20200424,PF_0006024_01,080600,2319,29963,562659,2,10000041,최종화방차수,16.0,차
780,20200424,PF_0006024_01,080600,2319,29963,562660,3,10000002,생장길이,0.0,cm
781,20200424,PF_0006024_01,080600,2319,29963,562661,3,10000008,화방높이,0.0,cm
782,20200424,PF_0006024_01,080600,2319,29963,562662,3,10000007,줄기직경,9.23,mm
783,20200424,PF_0006024_01,080600,2319,29963,562663,3,10000004,엽장,43.0,cm
784,20200424,PF_0006024_01,080600,2319,29963,562664,3,10000005,엽폭,34.0,cm
785,20200424,PF_0006024_01,080600,2319,29963,562665,3,10000003,엽수,7.0,개
786,20200424,PF_0006024_01,080600,2319,29963,562666,3,10000014,개화군,0.0,점
787,20200424,PF_0006024_01,080600,2319,29963,562667,3,10000015,착과군,14.88,점
788,20200424,PF_0006024_01,080600,2319,29963,562668,3,10000012,열매수,75.0,개
789,20200424,PF_0006024_01,080600,2319,29963,562669,3,10000041,최종화방차수,15.0,차
790,20200424,PF_0006024_01,080600,2319,29963,562670,4,10000002,생장길이,4.0,cm
791,20200424,PF_0006024_01,080600,2319,29963,562671,4,10000008,화방높이,0.0,cm
792,20200424,PF_0006024_01,080600,2319,29963,562672,4,10000007,줄기직경,7.85,mm
793,20200424,PF_0006024_01,080600,2319,29963,562673,4,10000004,엽장,39.0,cm
794,20200424,PF_0006024_01,080600,2319,29963,562674,4,10000005,엽폭,31.0,cm
795,20200424,PF_0006024_01,080600,2319,29963,562675,4,10000003,엽수,10.0,개
796,20200424,PF_0006024_01,080600,2319,29963,562676,4,10000014,개화군,0.0,점
797,20200424,PF_0006024_01,080600,2319,29963,562677,4,10000015,착과군,13.0,점
798,20200424,PF_0006024_01,080600,2319,29963,562678,4,10000012,열매수,54.0,개
799,20200424,PF_0006024_01,080600,2319,29963,562679,4,10000041,최종화방차수,13.0,차
800,20200501,PF_0006024_01,080600,2319,30055,565610,1,10000002,생장길이,0.0,cm
801,20200501,PF_0006024_01,080600,2319,30055,565611,1,10000008,화방높이,0.0,cm
802,20200501,PF_0006024_01,080600,2319,30055,565612,1,10000007,줄기직경,9.65,mm
803,20200501,PF_0006024_01,080600,2319,30055,565613,1,10000004,엽장,38.0,cm
804,20200501,PF_0006024_01,080600,2319,30055,565614,1,10000005,엽폭,30.0,cm
805,20200501,PF_0006024_01,080600,2319,30055,565615,1,10000003,엽수,9.0,개
806,20200501,PF_0006024_01,080600,2319,30055,565616,1,10000014,개화군,0.0,점
807,20200501,PF_0006024_01,080600,2319,30055,565617,1,10000015,착과군,15.0,점
808,20200501,PF_0006024_01,080600,2319,30055,565618,1,10000012,열매수,88.0,개
809,20200501,PF_0006024_01,080600,2319,30055,565619,1,10000041,최종화방차수,15.0,차
810,20200501,PF_0006024_01,080600,2319,30055,565620,2,10000002,생장길이,0.0,cm
811,20200501,PF_0006024_01,080600,2319,30055,565621,2,10000008,화방높이,0.0,cm
812,20200501,PF_0006024_01,080600,2319,30055,565622,2,10000007,줄기직경,10.63,mm
813,20200501,PF_0006024_01,080600,2319,30055,565623,2,10000004,엽장,45.0,cm
814,20200501,PF_0006024_01,080600,2319,30055,565624,2,10000005,엽폭,37.0,cm
815,20200501,PF_0006024_01,080600,2319,30055,565625,2,10000003,엽수,11.0,개
816,20200501,PF_0006024_01,080600,2319,30055,565626,2,10000014,개화군,0.0,점
817,20200501,PF_0006024_01,080600,2319,30055,565627,2,10000015,착과군,15.0,점
818,20200501,PF_0006024_01,080600,2319,30055,565628,2,10000012,열매수,91.0,개
819,20200501,PF_0006024_01,080600,2319,30055,565629,2,10000041,최종화방차수,16.0,차
820,20200501,PF_0006024_01,080600,2319,30055,565630,3,10000002,생장길이,2.0,cm
821,20200501,PF_0006024_01,080600,2319,30055,565631,3,10000008,화방높이,0.0,cm
822,20200501,PF_0006024_01,080600,2319,30055,565632,3,10000007,줄기직경,9.31,mm
823,20200501,PF_0006024_01,080600,2319,30055,565633,3,10000004,엽장,48.0,cm
824,20200501,PF_0006024_01,080600,2319,30055,565634,3,10000005,엽폭,36.0,cm
825,20200501,PF_0006024_01,080600,2319,30055,565635,3,10000003,엽수,7.0,개
826,20200501,PF_0006024_01,080600,2319,30055,565636,3,10000014,개화군,0.0,점
827,20200501,PF_0006024_01,080600,2319,30055,565637,3,10000015,착과군,14.9,점
828,20200501,PF_0006024_01,080600,2319,30055,565638,3,10000012,열매수,37.0,개
829,20200501,PF_0006024_01,080600,2319,30055,565639,3,10000041,최종화방차수,15.0,차
830,20200501,PF_0006024_01,080600,2319,30055,565640,4,10000002,생장길이,3.0,cm
831,20200501,PF_0006024_01,080600,2319,30055,565641,4,10000008,화방높이,0.0,cm
832,20200501,PF_0006024_01,080600,2319,30055,565642,4,10000007,줄기직경,8.01,mm
833,20200501,PF_0006024_01,080600,2319,30055,565643,4,10000004,엽장,40.0,cm
834,20200501,PF_0006024_01,080600,2319,30055,565644,4,10000005,엽폭,31.0,cm
835,20200501,PF_0006024_01,080600,2319,30055,565645,4,10000003,엽수,9.0,개
836,20200501,PF_0006024_01,080600,2319,30055,565646,4,10000014,개화군,0.0,점
837,20200501,PF_0006024_01,080600,2319,30055,565647,4,10000015,착과군,12.0,점
838,20200501,PF_0006024_01,080600,2319,30055,565648,4,10000012,열매수,32.0,개
839,20200501,PF_0006024_01,080600,2319,30055,565649,4,10000041,최종화방차수,12.0,차
840,20200508,PF_0006024_01,080600,2319,30319,572994,1,10000002,생장길이,0.0,cm
841,20200508,PF_0006024_01,080600,2319,30319,572995,1,10000008,화방높이,0.0,cm
842,20200508,PF_0006024_01,080600,2319,30319,572996,1,10000007,줄기직경,9.04,mm
843,20200508,PF_0006024_01,080600,2319,30319,572997,1,10000004,엽장,38.0,cm
844,20200508,PF_0006024_01,080600,2319,30319,572998,1,10000005,엽폭,30.0,cm
845,20200508,PF_0006024_01,080600,2319,30319,572999,1,10000003,엽수,8.0,개
846,20200508,PF_0006024_01,080600,2319,30319,573000,1,10000014,개화군,0.0,점
847,20200508,PF_0006024_01,080600,2319,30319,573001,1,10000015,착과군,15.0,점
848,20200508,PF_0006024_01,080600,2319,30319,573002,1,10000012,열매수,38.0,개
849,20200508,PF_0006024_01,080600,2319,30319,573003,1,10000041,최종화방차수,15.0,차
850,20200508,PF_0006024_01,080600,2319,30319,573004,2,10000002,생장길이,0.0,cm
851,20200508,PF_0006024_01,080600,2319,30319,573005,2,10000008,화방높이,0.0,cm
852,20200508,PF_0006024_01,080600,2319,30319,573006,2,10000007,줄기직경,10.08,mm
853,20200508,PF_0006024_01,080600,2319,30319,573007,2,10000004,엽장,48.0,cm
854,20200508,PF_0006024_01,080600,2319,30319,573008,2,10000005,엽폭,32.0,cm
855,20200508,PF_0006024_01,080600,2319,30319,573009,2,10000003,엽수,10.0,개
856,20200508,PF_0006024_01,080600,2319,30319,573010,2,10000014,개화군,0.0,점
857,20200508,PF_0006024_01,080600,2319,30319,573011,2,10000015,착과군,16.0,점
858,20200508,PF_0006024_01,080600,2319,30319,573012,2,10000012,열매수,67.0,개
859,20200508,PF_0006024_01,080600,2319,30319,573013,2,10000041,최종화방차수,16.0,차
860,20200508,PF_0006024_01,080600,2319,30319,573014,3,10000002,생장길이,0.0,cm
861,20200508,PF_0006024_01,080600,2319,30319,573015,3,10000008,화방높이,0.0,cm
862,20200508,PF_0006024_01,080600,2319,30319,573016,3,10000007,줄기직경,8.56,mm
863,20200508,PF_0006024_01,080600,2319,30319,573017,3,10000004,엽장,40.0,cm
864,20200508,PF_0006024_01,080600,2319,30319,573018,3,10000005,엽폭,35.0,cm
865,20200508,PF_0006024_01,080600,2319,30319,573019,3,10000003,엽수,6.0,개
866,20200508,PF_0006024_01,080600,2319,30319,573020,3,10000014,개화군,0.0,점
867,20200508,PF_0006024_01,080600,2319,30319,573021,3,10000015,착과군,15.0,점
868,20200508,PF_0006024_01,080600,2319,30319,573022,3,10000012,열매수,43.0,개
869,20200508,PF_0006024_01,080600,2319,30319,573023,3,10000041,최종화방차수,15.0,차
870,20200508,PF_0006024_01,080600,2319,30319,573024,4,10000002,생장길이,0.0,cm
871,20200508,PF_0006024_01,080600,2319,30319,573025,4,10000008,화방높이,0.0,cm
872,20200508,PF_0006024_01,080600,2319,30319,573026,4,10000007,줄기직경,9.41,mm
873,20200508,PF_0006024_01,080600,2319,30319,573027,4,10000004,엽장,39.0,cm
874,20200508,PF_0006024_01,080600,2319,30319,573028,4,10000005,엽폭,31.0,cm
875,20200508,PF_0006024_01,080600,2319,30319,573029,4,10000003,엽수,8.0,개
876,20200508,PF_0006024_01,080600,2319,30319,573030,4,10000014,개화군,0.0,점
877,20200508,PF_0006024_01,080600,2319,30319,573031,4,10000015,착과군,11.9,점
878,20200508,PF_0006024_01,080600,2319,30319,573032,4,10000012,열매수,43.0,개
879,20200508,PF_0006024_01,080600,2319,30319,573033,4,10000041,최종화방차수,15.0,차
880,20200516,PF_0006024_01,080600,2319,30522,575400,1,10000002,생장길이,0.0,cm
881,20200516,PF_0006024_01,080600,2319,30522,575401,1,10000008,화방높이,0.0,cm
882,20200516,PF_0006024_01,080600,2319,30522,575402,1,10000007,줄기직경,9.07,mm
883,20200516,PF_0006024_01,080600,2319,30522,575403,1,10000004,엽장,39.0,cm
884,20200516,PF_0006024_01,080600,2319,30522,575404,1,10000005,엽폭,30.0,cm
885,20200516,PF_0006024_01,080600,2319,30522,575405,1,10000003,엽수,8.0,개
886,20200516,PF_0006024_01,080600,2319,30522,575406,1,10000014,개화군,0.0,점
887,20200516,PF_0006024_01,080600,2319,30522,575407,1,10000015,착과군,15.0,점
888,20200516,PF_0006024_01,080600,2319,30522,575408,1,10000012,열매수,42.0,개
889,20200516,PF_0006024_01,080600,2319,30522,575409,1,10000041,최종화방차수,15.0,차
890,20200516,PF_0006024_01,080600,2319,30522,575410,2,10000002,생장길이,0.0,cm
891,20200516,PF_0006024_01,080600,2319,30522,575411,2,10000008,화방높이,0.0,cm
892,20200516,PF_0006024_01,080600,2319,30522,575412,2,10000007,줄기직경,9.7,mm
893,20200516,PF_0006024_01,080600,2319,30522,575413,2,10000004,엽장,44.0,cm
894,20200516,PF_0006024_01,080600,2319,30522,575414,2,10000005,엽폭,32.0,cm
895,20200516,PF_0006024_01,080600,2319,30522,575415,2,10000003,엽수,9.0,개
896,20200516,PF_0006024_01,080600,2319,30522,575416,2,10000014,개화군,0.0,점
897,20200516,PF_0006024_01,080600,2319,30522,575417,2,10000015,착과군,16.0,점
898,20200516,PF_0006024_01,080600,2319,30522,575418,2,10000012,열매수,72.0,개
899,20200516,PF_0006024_01,080600,2319,30522,575419,2,10000041,최종화방차수,16.0,차
900,20200516,PF_0006024_01,080600,2319,30522,575420,3,10000002,생장길이,0.0,cm
901,20200516,PF_0006024_01,080600,2319,30522,575421,3,10000008,화방높이,0.0,cm
902,20200516,PF_0006024_01,080600,2319,30522,575422,3,10000007,줄기직경,10.17,mm
903,20200516,PF_0006024_01,080600,2319,30522,575423,3,10000004,엽장,43.0,cm
904,20200516,PF_0006024_01,080600,2319,30522,575424,3,10000005,엽폭,29.0,cm
905,20200516,PF_0006024_01,080600,2319,30522,575425,3,10000003,엽수,5.0,개
906,20200516,PF_0006024_01,080600,2319,30522,575426,3,10000014,개화군,0.0,점
907,20200516,PF_0006024_01,080600,2319,30522,575427,3,10000015,착과군,15.0,점
908,20200516,PF_0006024_01,080600,2319,30522,575428,3,10000012,열매수,32.0,개
909,20200516,PF_0006024_01,080600,2319,30522,575429,3,10000041,최종화방차수,15.0,차
910,20200516,PF_0006024_01,080600,2319,30522,575430,4,10000002,생장길이,0.0,cm
911,20200516,PF_0006024_01,080600,2319,30522,575431,4,10000008,화방높이,0.0,cm
912,20200516,PF_0006024_01,080600,2319,30522,575432,4,10000007,줄기직경,9.15,mm
913,20200516,PF_0006024_01,080600,2319,30522,575433,4,10000004,엽장,40.0,cm
914,20200516,PF_0006024_01,080600,2319,30522,575434,4,10000005,엽폭,32.0,cm
915,20200516,PF_0006024_01,080600,2319,30522,575435,4,10000003,엽수,6.0,개
916,20200516,PF_0006024_01,080600,2319,30522,575436,4,10000014,개화군,0.0,점
917,20200516,PF_0006024_01,080600,2319,30522,575437,4,10000015,착과군,12.0,점
918,20200516,PF_0006024_01,080600,2319,30522,575438,4,10000012,열매수,33.0,개
919,20200516,PF_0006024_01,080600,2319,30522,575439,4,10000041,최종화방차수,12.0,차
920,20200522,PF_0006024_01,080600,2319,30782,578800,1,10000002,생장길이,0.0,cm
921,20200522,PF_0006024_01,080600,2319,30782,578801,1,10000008,화방높이,0.0,cm
922,20200522,PF_0006024_01,080600,2319,30782,578802,1,10000007,줄기직경,9.18,mm
923,20200522,PF_0006024_01,080600,2319,30782,578803,1,10000004,엽장,36.0,cm
924,20200522,PF_0006024_01,080600,2319,30782,578804,1,10000005,엽폭,31.0,cm
925,20200522,PF_0006024_01,080600,2319,30782,578805,1,10000003,엽수,9.0,개
926,20200522,PF_0006024_01,080600,2319,30782,578806,1,10000014,개화군,0.0,점
927,20200522,PF_0006024_01,080600,2319,30782,578807,1,10000015,착과군,15.0,점
928,20200522,PF_0006024_01,080600,2319,30782,578808,1,10000012,열매수,32.0,개
929,20200522,PF_0006024_01,080600,2319,30782,578809,1,10000041,최종화방차수,15.0,차
930,20200522,PF_0006024_01,080600,2319,30782,578810,2,10000002,생장길이,0.0,cm
931,20200522,PF_0006024_01,080600,2319,30782,578811,2,10000008,화방높이,0.0,cm
932,20200522,PF_0006024_01,080600,2319,30782,578812,2,10000007,줄기직경,10.61,mm
933,20200522,PF_0006024_01,080600,2319,30782,578813,2,10000004,엽장,41.0,cm
934,20200522,PF_0006024_01,080600,2319,30782,578814,2,10000005,엽폭,35.0,cm
935,20200522,PF_0006024_01,080600,2319,30782,578815,2,10000003,엽수,10.0,개
936,20200522,PF_0006024_01,080600,2319,30782,578816,2,10000014,개화군,0.0,점
937,20200522,PF_0006024_01,080600,2319,30782,578817,2,10000015,착과군,16.0,점
938,20200522,PF_0006024_01,080600,2319,30782,578818,2,10000012,열매수,37.0,개
939,20200522,PF_0006024_01,080600,2319,30782,578819,2,10000041,최종화방차수,16.0,차
940,20200522,PF_0006024_01,080600,2319,30782,578820,3,10000002,생장길이,0.0,cm
941,20200522,PF_0006024_01,080600,2319,30782,578821,3,10000008,화방높이,0.0,cm
942,20200522,PF_0006024_01,080600,2319,30782,578822,3,10000007,줄기직경,8.19,mm
943,20200522,PF_0006024_01,080600,2319,30782,578823,3,10000004,엽장,34.0,cm
944,20200522,PF_0006024_01,080600,2319,30782,578824,3,10000005,엽폭,29.0,cm
945,20200522,PF_0006024_01,080600,2319,30782,578825,3,10000003,엽수,5.0,개
946,20200522,PF_0006024_01,080600,2319,30782,578826,3,10000014,개화군,0.0,점
947,20200522,PF_0006024_01,080600,2319,30782,578827,3,10000015,착과군,15.0,점
948,20200522,PF_0006024_01,080600,2319,30782,578828,3,10000012,열매수,19.0,개
949,20200522,PF_0006024_01,080600,2319,30782,578829,3,10000041,최종화방차수,15.0,차
950,20200522,PF_0006024_01,080600,2319,30782,578840,4,10000002,생장길이,0.0,cm
951,20200522,PF_0006024_01,080600,2319,30782,578841,4,10000008,화방높이,0.0,cm
952,20200522,PF_0006024_01,080600,2319,30782,578842,4,10000007,줄기직경,7.56,mm
953,20200522,PF_0006024_01,080600,2319,30782,578843,4,10000004,엽장,37.0,cm
954,20200522,PF_0006024_01,080600,2319,30782,578844,4,10000005,엽폭,32.0,cm
955,20200522,PF_0006024_01,080600,2319,30782,578845,4,10000003,엽수,6.0,개
956,20200522,PF_0006024_01,080600,2319,30782,578846,4,10000014,개화군,0.0,점
957,20200522,PF_0006024_01,080600,2319,30782,578847,4,10000015,착과군,11.0,점
958,20200522,PF_0006024_01,080600,2319,30782,578848,4,10000012,열매수,9.0,개
959,20200522,PF_0006024_01,080600,2319,30782,578849,4,10000041,최종화방차수,11.0,차
960,20200529,PF_0006024_01,080600,2319,31103,585200,1,10000002,생장길이,0.0,cm
961,20200529,PF_0006024_01,080600,2319,31103,585201,1,10000008,화방높이,0.0,cm
962,20200529,PF_0006024_01,080600,2319,31103,585202,1,10000007,줄기직경,9.16,mm
963,20200529,PF_0006024_01,080600,2319,31103,585203,1,10000004,엽장,37.0,cm
964,20200529,PF_0006024_01,080600,2319,31103,585204,1,10000005,엽폭,29.0,cm
965,20200529,PF_0006024_01,080600,2319,31103,585205,1,10000003,엽수,13.0,개
966,20200529,PF_0006024_01,080600,2319,31103,585206,1,10000014,개화군,0.0,점
967,20200529,PF_0006024_01,080600,2319,31103,585207,1,10000015,착과군,16.0,점
968,20200529,PF_0006024_01,080600,2319,31103,585208,1,10000012,열매수,22.0,개
969,20200529,PF_0006024_01,080600,2319,31103,585209,1,10000041,최종화방차수,16.0,차
970,20200529,PF_0006024_01,080600,2319,31103,585210,2,10000002,생장길이,0.0,cm
971,20200529,PF_0006024_01,080600,2319,31103,585211,2,10000008,화방높이,0.0,cm
972,20200529,PF_0006024_01,080600,2319,31103,585212,2,10000007,줄기직경,11.33,mm
973,20200529,PF_0006024_01,080600,2319,31103,585213,2,10000004,엽장,41.0,cm
974,20200529,PF_0006024_01,080600,2319,31103,585214,2,10000005,엽폭,32.0,cm
975,20200529,PF_0006024_01,080600,2319,31103,585215,2,10000003,엽수,9.0,개
976,20200529,PF_0006024_01,080600,2319,31103,585216,2,10000014,개화군,0.0,점
977,20200529,PF_0006024_01,080600,2319,31103,585217,2,10000015,착과군,16.0,점
978,20200529,PF_0006024_01,080600,2319,31103,585218,2,10000012,열매수,25.0,개
979,20200529,PF_0006024_01,080600,2319,31103,585219,2,10000041,최종화방차수,16.0,차
980,20200529,PF_0006024_01,080600,2319,31103,585220,3,10000002,생장길이,0.0,cm
981,20200529,PF_0006024_01,080600,2319,31103,585221,3,10000008,화방높이,0.0,cm
982,20200529,PF_0006024_01,080600,2319,31103,585222,3,10000007,줄기직경,8.53,mm
983,20200529,PF_0006024_01,080600,2319,31103,585223,3,10000004,엽장,38.0,cm
984,20200529,PF_0006024_01,080600,2319,31103,585224,3,10000005,엽폭,32.0,cm
985,20200529,PF_0006024_01,080600,2319,31103,585225,3,10000003,엽수,7.0,개
986,20200529,PF_0006024_01,080600,2319,31103,585226,3,10000014,개화군,0.0,점
987,20200529,PF_0006024_01,080600,2319,31103,585227,3,10000015,착과군,15.0,점
988,20200529,PF_0006024_01,080600,2319,31103,585228,3,10000012,열매수,12.0,개
989,20200529,PF_0006024_01,080600,2319,31103,585229,3,10000041,최종화방차수,15.0,차
990,20200529,PF_0006024_01,080600,2319,31103,585230,4,10000002,생장길이,0.0,cm
991,20200529,PF_0006024_01,080600,2319,31103,585231,4,10000008,화방높이,0.0,cm
992,20200529,PF_0006024_01,080600,2319,31103,585232,4,10000007,줄기직경,7.82,mm
993,20200529,PF_0006024_01,080600,2319,31103,585233,4,10000004,엽장,39.0,cm
994,20200529,PF_0006024_01,080600,2319,31103,585234,4,10000005,엽폭,34.0,cm
995,20200529,PF_0006024_01,080600,2319,31103,585235,4,10000003,엽수,7.0,개
996,20200529,PF_0006024_01,080600,2319,31103,585236,4,10000014,개화군,0.0,점
997,20200529,PF_0006024_01,080600,2319,31103,585237,4,10000015,착과군,12.0,점
998,20200529,PF_0006024_01,080600,2319,31103,585238,4,10000012,열매수,11.0,개
999,20200529,PF_0006024_01,080600,2319,31103,585239,4,10000041,최종화방차수,12.0,차
1000,20200605,PF_0006024_01,080600,2319,31206,587015,1,10000002,생장길이,0.0,cm
1001,20200605,PF_0006024_01,080600,2319,31206,587016,1,10000008,화방높이,0.0,cm
1002,20200605,PF_0006024_01,080600,2319,31206,587017,1,10000007,줄기직경,8.68,mm
1003,20200605,PF_0006024_01,080600,2319,31206,587018,1,10000004,엽장,36.0,cm
1004,20200605,PF_0006024_01,080600,2319,31206,587019,1,10000005,엽폭,20.0,cm
1005,20200605,PF_0006024_01,080600,2319,31206,587020,1,10000003,엽수,8.0,개
1006,20200605,PF_0006024_01,080600,2319,31206,587021,1,10000014,개화군,0.0,점
1007,20200605,PF_0006024_01,080600,2319,31206,587022,1,10000015,착과군,16.0,점
1008,20200605,PF_0006024_01,080600,2319,31206,587023,1,10000012,열매수,6.0,개
1009,20200605,PF_0006024_01,080600,2319,31206,587024,1,10000041,최종화방차수,16.0,차
1010,20200605,PF_0006024_01,080600,2319,31206,587025,2,10000002,생장길이,0.0,cm
1011,20200605,PF_0006024_01,080600,2319,31206,587026,2,10000008,화방높이,0.0,cm
1012,20200605,PF_0006024_01,080600,2319,31206,587027,2,10000007,줄기직경,11.23,mm
1013,20200605,PF_0006024_01,080600,2319,31206,587028,2,10000004,엽장,40.0,cm
1014,20200605,PF_0006024_01,080600,2319,31206,587029,2,10000005,엽폭,28.0,cm
1015,20200605,PF_0006024_01,080600,2319,31206,587030,2,10000003,엽수,7.0,개
1016,20200605,PF_0006024_01,080600,2319,31206,587031,2,10000014,개화군,0.0,점
1017,20200605,PF_0006024_01,080600,2319,31206,587032,2,10000015,착과군,16.0,점
1018,20200605,PF_0006024_01,080600,2319,31206,587033,2,10000012,열매수,7.0,개
1019,20200605,PF_0006024_01,080600,2319,31206,587034,2,10000041,최종화방차수,16.0,차
1020,20200605,PF_0006024_01,080600,2319,31206,587035,3,10000002,생장길이,0.0,cm
1021,20200605,PF_0006024_01,080600,2319,31206,587036,3,10000008,화방높이,0.0,cm
1022,20200605,PF_0006024_01,080600,2319,31206,587037,3,10000007,줄기직경,10.39,mm
1023,20200605,PF_0006024_01,080600,2319,31206,587038,3,10000004,엽장,24.0,cm
1024,20200605,PF_0006024_01,080600,2319,31206,587039,3,10000005,엽폭,20.0,cm
1025,20200605,PF_0006024_01,080600,2319,31206,587040,3,10000003,엽수,9.0,개
1026,20200605,PF_0006024_01,080600,2319,31206,587041,3,10000014,개화군,0.0,점
1027,20200605,PF_0006024_01,080600,2319,31206,587042,3,10000015,착과군,15.0,점
1028,20200605,PF_0006024_01,080600,2319,31206,587043,3,10000012,열매수,3.0,개
1029,20200605,PF_0006024_01,080600,2319,31206,587044,3,10000041,최종화방차수,15.0,차
1030,20200605,PF_0006024_01,080600,2319,31206,587045,4,10000002,생장길이,0.0,cm
1031,20200605,PF_0006024_01,080600,2319,31206,587046,4,10000008,화방높이,0.0,cm
1032,20200605,PF_0006024_01,080600,2319,31206,587047,4,10000007,줄기직경,8.38,mm
1033,20200605,PF_0006024_01,080600,2319,31206,587048,4,10000004,엽장,40.0,cm
1034,20200605,PF_0006024_01,080600,2319,31206,587049,4,10000005,엽폭,30.0,cm
1035,20200605,PF_0006024_01,080600,2319,31206,587050,4,10000003,엽수,4.0,개
1036,20200605,PF_0006024_01,080600,2319,31206,587051,4,10000014,개화군,0.0,점
1037,20200605,PF_0006024_01,080600,2319,31206,587052,4,10000015,착과군,12.0,점
1038,20200605,PF_0006024_01,080600,2319,31206,587053,4,10000012,열매수,6.0,개
1039,20200605,PF_0006024_01,080600,2319,31206,587054,4,10000041,최종화방차수,12.0,차
