,id,frmYear,frmMonth,frmAr,frmhsId,outtrn,frmWeek
0,81,2017,8,2700.0,81,0.0,31
1,81,2017,8,2700.0,81,0.0,32
2,81,2017,8,2700.0,81,0.0,33
3,81,2017,8,2700.0,81,0.0,34
4,81,2017,8,2700.0,81,0.0,35
5,81,2017,9,2700.0,81,0.0,36
6,81,2017,9,2700.0,81,0.0,37
7,81,2017,9,2700.0,81,0.0,38
8,81,2017,9,2700.0,81,0.0,39
9,81,2017,10,2700.0,81,0.0,40
10,81,2017,10,2700.0,81,0.0,41
11,81,2017,10,2700.0,81,245.0,42
12,81,2017,10,2700.0,81,11440.0,43
13,81,2017,10,2700.0,81,8351.0,44
14,81,2017,11,2700.0,81,6943.0,45
15,81,2017,11,2700.0,81,8316.0,46
16,81,2017,11,2700.0,81,5181.0,47
17,81,2017,11,2700.0,81,5527.0,48
18,81,2017,12,2700.0,81,6148.0,49
19,81,2017,12,2700.0,81,6074.0,50
20,81,2017,12,2700.0,81,6629.0,51
21,81,2017,12,2700.0,81,6031.0,52
22,81,2018,1,2700.0,81,6302.0,1
23,81,2018,1,2700.0,81,4941.0,2
24,81,2018,1,2700.0,81,5654.0,3
25,81,2018,1,2700.0,81,4326.0,4
26,81,2018,1,2700.0,81,3442.0,5
27,81,2018,2,2700.0,81,3548.0,6
28,81,2018,2,2700.0,81,4714.0,7
29,81,2018,2,2700.0,81,5273.0,8
30,81,2018,2,2700.0,81,7096.0,9
31,81,2018,3,2700.0,81,8413.0,10
32,81,2018,3,2700.0,81,9146.0,11
33,81,2018,3,2700.0,81,5353.0,12
34,81,2018,3,2700.0,81,8071.0,13
35,81,2018,4,2700.0,81,6977.0,14
36,81,2018,4,2700.0,81,7375.0,15
37,81,2018,4,2700.0,81,6872.0,16
38,81,2018,4,2700.0,81,6903.0,17
39,81,2018,5,2700.0,81,6518.0,18
40,81,2018,5,2700.0,81,11373.0,19
41,81,2018,5,2700.0,81,10238.0,20
42,81,2018,5,2700.0,81,11736.0,21
43,81,2018,5,2700.0,81,5797.0,22
44,81,2018,6,2700.0,81,6825.0,23
45,81,2018,6,2700.0,81,8908.0,24
46,81,2018,6,2700.0,81,3277.0,25
47,81,2018,6,2700.0,81,3825.0,26
48,81,2018,7,2700.0,81,0.0,27
49,81,2018,7,2700.0,81,0.0,28
0,9,2017,8,3400.0,9,0.0,34
1,9,2017,8,3400.0,9,0.0,35
2,9,2017,9,3400.0,9,0.0,36
3,9,2017,9,3400.0,9,0.0,37
4,9,2017,9,3400.0,9,0.0,38
5,9,2017,9,3400.0,9,0.0,39
6,9,2017,10,3400.0,9,0.0,40
7,9,2017,10,3400.0,9,0.0,41
8,9,2017,10,3400.0,9,0.0,42
9,9,2017,10,3400.0,9,3140.0,43
10,9,2017,10,3400.0,9,0.0,44
11,9,2017,11,3400.0,9,7780.0,45
12,9,2017,11,3400.0,9,7660.0,46
13,9,2017,11,3400.0,9,8540.0,47
14,9,2017,11,3400.0,9,5840.0,48
15,9,2017,12,3400.0,9,7493.0,49
16,9,2017,12,3400.0,9,5320.0,50
17,9,2017,12,3400.0,9,5480.0,51
18,9,2017,12,3400.0,9,6450.0,52
19,9,2018,1,3400.0,9,3569.0,1
20,9,2018,1,3400.0,9,6950.0,2
21,9,2018,1,3400.0,9,5380.0,3
22,9,2018,1,3400.0,9,6230.0,4
23,9,2018,1,3400.0,9,5888.0,5
24,9,2018,2,3400.0,9,7807.0,6
25,9,2018,2,3400.0,9,5360.0,7
26,9,2018,2,3400.0,9,6030.0,8
27,9,2018,2,3400.0,9,7430.0,9
28,9,2018,3,3400.0,9,5320.0,10
29,9,2018,3,3400.0,9,6230.0,11
30,9,2018,3,3400.0,9,5260.0,12
31,9,2018,3,3400.0,9,5340.0,13
32,9,2018,4,3400.0,9,4959.0,14
33,9,2018,4,3400.0,9,9240.0,15
34,9,2018,4,3400.0,9,9486.0,16
35,9,2018,4,3400.0,9,9440.0,17
36,9,2018,5,3400.0,9,8226.0,18
37,9,2018,5,3400.0,9,9326.0,19
38,9,2018,5,3400.0,9,9645.0,20
39,9,2018,5,3400.0,9,9870.0,21
40,9,2018,5,3400.0,9,9260.0,22
41,9,2018,6,3400.0,9,6493.0,23
42,9,2018,6,3400.0,9,8420.0,24
43,9,2018,6,3400.0,9,6230.0,25
44,9,2018,6,3400.0,9,6670.0,26
45,9,2018,7,3400.0,9,14220.0,27
0,21,2017,9,800.0,21,0.0,38
1,21,2017,9,800.0,21,0.0,39
2,21,2017,10,800.0,21,0.0,40
3,21,2017,10,800.0,21,0.0,41
4,21,2017,10,800.0,21,0.0,42
5,21,2017,10,800.0,21,0.0,43
6,21,2017,10,800.0,21,0.0,44
7,21,2017,11,800.0,21,0.0,45
8,21,2017,11,800.0,21,1375.0,46
9,21,2017,11,800.0,21,1934.0,47
10,21,2017,11,800.0,21,1128.0,48
11,21,2017,12,800.0,21,2138.0,49
12,21,2017,12,800.0,21,3096.0,50
13,21,2017,12,800.0,21,2761.0,51
14,21,2017,12,800.0,21,1598.0,52
15,21,2018,1,800.0,21,3105.0,1
16,21,2018,1,800.0,21,2192.0,2
17,21,2018,1,800.0,21,1377.0,3
18,21,2018,1,800.0,21,1821.0,4
19,21,2018,1,800.0,21,1827.0,5
20,21,2018,2,800.0,21,1206.0,6
21,21,2018,2,800.0,21,1374.0,7
22,21,2018,2,800.0,21,2971.0,8
23,21,2018,2,800.0,21,3767.0,9
24,21,2018,3,800.0,21,1742.0,10
25,21,2018,3,800.0,21,3024.0,11
26,21,2018,3,800.0,21,2160.0,12
27,21,2018,3,800.0,21,1940.0,13
28,21,2018,4,800.0,21,2454.0,14
29,21,2018,4,800.0,21,3550.0,15
30,21,2018,4,800.0,21,3380.0,16
31,21,2018,4,800.0,21,3701.0,17
32,21,2018,5,800.0,21,4507.0,18
33,21,2018,5,800.0,21,3656.0,19
34,21,2018,5,800.0,21,3894.0,20
35,21,2018,5,800.0,21,3531.0,21
36,21,2018,5,800.0,21,1531.0,22
37,21,2018,6,800.0,21,4968.0,23
38,21,2018,6,800.0,21,2964.0,24
39,21,2018,6,800.0,21,0.0,25
0,25,2017,8,2950.0,25,0.0,35
1,25,2017,9,2950.0,25,0.0,36
2,25,2017,9,2950.0,25,0.0,37
3,25,2017,9,2950.0,25,0.0,38
4,25,2017,9,2950.0,25,0.0,39
5,25,2017,10,2950.0,25,0.0,40
6,25,2017,10,2950.0,25,0.0,41
7,25,2017,10,2950.0,25,0.0,42
8,25,2017,10,2950.0,25,0.0,43
9,25,2017,10,2950.0,25,0.0,44
10,25,2017,11,2950.0,25,0.0,45
11,25,2017,11,2950.0,25,0.0,46
12,25,2017,11,2950.0,25,2368.0,47
13,25,2017,11,2950.0,25,6804.0,48
14,25,2017,12,2950.0,25,9888.0,49
15,25,2017,12,2950.0,25,8208.0,50
16,25,2017,12,2950.0,25,8628.0,51
17,25,2017,12,2950.0,25,8671.0,52
18,25,2018,1,2950.0,25,9792.0,1
19,25,2018,1,2950.0,25,6540.0,2
20,25,2018,1,2950.0,25,5928.0,3
21,25,2018,1,2950.0,25,5448.0,4
22,25,2018,1,2950.0,25,5160.0,5
23,25,2018,2,2950.0,25,2736.0,6
24,25,2018,2,2950.0,25,4104.0,7
25,25,2018,2,2950.0,25,7068.0,8
26,25,2018,2,2950.0,25,6984.0,9
27,25,2018,3,2950.0,25,7560.0,10
28,25,2018,3,2950.0,25,10272.0,11
29,25,2018,3,2950.0,25,8640.0,12
30,25,2018,3,2950.0,25,7008.0,13
31,25,2018,4,2950.0,25,7812.0,14
32,25,2018,4,2950.0,25,8316.0,15
33,25,2018,4,2950.0,25,8568.0,16
34,25,2018,4,2950.0,25,7188.0,17
35,25,2018,5,2950.0,25,8412.0,18
36,25,2018,5,2950.0,25,11340.0,19
37,25,2018,5,2950.0,25,11993.0,20
38,25,2018,5,2950.0,25,4590.0,21
39,25,2018,5,2950.0,25,0.0,22
40,25,2018,6,2950.0,25,0.0,23
41,25,2018,6,2950.0,25,0.0,24
0,27,2017,8,900.0,27,0.0,34
1,27,2017,8,900.0,27,0.0,35
2,27,2017,9,900.0,27,0.0,36
3,27,2017,9,900.0,27,0.0,37
4,27,2017,9,900.0,27,0.0,38
5,27,2017,9,900.0,27,0.0,39
6,27,2017,10,900.0,27,0.0,40
7,27,2017,10,900.0,27,0.0,41
8,27,2017,10,900.0,27,0.0,42
9,27,2017,10,900.0,27,1130.0,43
10,27,2017,10,900.0,27,1417.0,44
11,27,2017,11,900.0,27,2496.0,45
12,27,2017,11,900.0,27,2587.0,46
13,27,2017,11,900.0,27,1649.0,47
14,27,2017,11,900.0,27,2059.0,48
15,27,2017,12,900.0,27,2133.0,49
16,27,2017,12,900.0,27,2250.0,50
17,27,2017,12,900.0,27,3504.0,51
18,27,2017,12,900.0,27,2090.0,52
19,27,2018,1,900.0,27,4294.0,1
20,27,2018,1,900.0,27,1714.0,2
21,27,2018,1,900.0,27,1430.0,3
22,27,2018,1,900.0,27,1410.0,4
23,27,2018,1,900.0,27,1930.0,5
24,27,2018,2,900.0,27,2520.0,6
25,27,2018,2,900.0,27,2360.0,7
26,27,2018,2,900.0,27,2620.0,8
27,27,2018,2,900.0,27,3395.0,9
28,27,2018,3,900.0,27,2338.0,10
29,27,2018,3,900.0,27,2200.0,11
30,27,2018,3,900.0,27,4085.0,12
31,27,2018,3,900.0,27,2900.0,13
32,27,2018,4,900.0,27,1645.0,14
33,27,2018,4,900.0,27,4020.0,15
34,27,2018,4,900.0,27,3670.0,16
35,27,2018,4,900.0,27,3547.0,17
36,27,2018,5,900.0,27,6625.0,18
37,27,2018,5,900.0,27,4660.0,19
38,27,2018,5,900.0,27,4340.0,20
39,27,2018,5,900.0,27,3620.0,21
40,27,2018,5,900.0,27,3340.0,22
41,27,2018,6,900.0,27,4340.0,23
42,27,2018,6,900.0,27,2860.0,24
43,27,2018,6,900.0,27,1100.0,25
44,27,2018,6,900.0,27,0.0,26
0,28,2017,8,2960.0,28,0.0,32
1,28,2017,8,2960.0,28,0.0,33
2,28,2017,8,2960.0,28,0.0,34
3,28,2017,8,2960.0,28,0.0,35
4,28,2017,9,2960.0,28,0.0,36
5,28,2017,9,2960.0,28,0.0,37
6,28,2017,9,2960.0,28,0.0,38
7,28,2017,9,2960.0,28,0.0,39
8,28,2017,10,2960.0,28,0.0,40
9,28,2017,10,2960.0,28,0.0,41
10,28,2017,10,2960.0,28,1160.0,42
11,28,2017,10,2960.0,28,6385.0,43
12,28,2017,10,2960.0,28,13520.0,44
13,28,2017,11,2960.0,28,14414.0,45
14,28,2017,11,2960.0,28,18093.0,46
15,28,2017,11,2960.0,28,12287.0,47
16,28,2017,11,2960.0,28,13939.0,48
17,28,2017,12,2960.0,28,13080.0,49
18,28,2017,12,2960.0,28,15082.0,50
19,28,2017,12,2960.0,28,11807.0,51
20,28,2017,12,2960.0,28,9858.0,52
21,28,2018,1,2960.0,28,7894.0,1
22,28,2018,1,2960.0,28,6284.0,2
23,28,2018,1,2960.0,28,6798.0,3
24,28,2018,1,2960.0,28,6011.0,4
25,28,2018,1,2960.0,28,5596.0,5
26,28,2018,2,2960.0,28,7648.0,6
27,28,2018,2,2960.0,28,5304.0,7
28,28,2018,2,2960.0,28,9204.0,8
29,28,2018,2,2960.0,28,9204.0,9
30,28,2018,3,2960.0,28,8891.0,10
31,28,2018,3,2960.0,28,9171.0,11
32,28,2018,3,2960.0,28,7742.0,12
33,28,2018,3,2960.0,28,9295.0,13
34,28,2018,4,2960.0,28,10128.0,14
35,28,2018,4,2960.0,28,1031.0,15
36,28,2018,4,2960.0,28,9488.0,16
37,28,2018,4,2960.0,28,8437.0,17
38,28,2018,5,2960.0,28,7650.0,18
39,28,2018,5,2960.0,28,13247.0,19
40,28,2018,5,2960.0,28,10660.0,20
41,28,2018,5,2960.0,28,11791.0,21
42,28,2018,5,2960.0,28,6227.0,22
43,28,2018,6,2960.0,28,11258.0,23
44,28,2018,6,2960.0,28,9465.0,24
45,28,2018,6,2960.0,28,8787.0,25
46,28,2018,6,2960.0,28,7752.0,26
47,28,2018,7,2960.0,28,10490.0,27
48,28,2018,7,2960.0,28,2443.0,28
49,28,2018,7,2960.0,28,4870.0,29
50,28,2018,7,2960.0,28,0.0,30
0,29,2017,8,1200.0,29,0.0,34
1,29,2017,8,1200.0,29,0.0,35
2,29,2017,9,1200.0,29,0.0,36
3,29,2017,9,1200.0,29,0.0,37
4,29,2017,9,1200.0,29,0.0,38
5,29,2017,9,1200.0,29,0.0,39
6,29,2017,10,1200.0,29,0.0,40
7,29,2017,10,1200.0,29,0.0,41
8,29,2017,10,1200.0,29,725.0,42
9,29,2017,10,1200.0,29,2825.0,43
10,29,2017,10,1200.0,29,3671.0,44
11,29,2017,11,1200.0,29,2633.0,45
12,29,2017,11,1200.0,29,3227.0,46
13,29,2017,11,1200.0,29,3023.0,47
14,29,2017,11,1200.0,29,3580.0,48
15,29,2017,12,1200.0,29,3233.0,49
16,29,2017,12,1200.0,29,4842.0,50
17,29,2017,12,1200.0,29,1399.0,51
18,29,2017,12,1200.0,29,3752.0,52
19,29,2018,1,1200.0,29,2623.0,1
20,29,2018,1,1200.0,29,2242.0,2
21,29,2018,1,1200.0,29,2045.0,3
22,29,2018,1,1200.0,29,1981.0,4
23,29,2018,1,1200.0,29,2537.0,5
24,29,2018,2,1200.0,29,1297.0,6
25,29,2018,2,1200.0,29,1538.0,7
26,29,2018,2,1200.0,29,2554.0,8
27,29,2018,2,1200.0,29,2333.0,9
28,29,2018,3,1200.0,29,2233.0,10
29,29,2018,3,1200.0,29,2454.0,11
30,29,2018,3,1200.0,29,2191.0,12
31,29,2018,3,1200.0,29,2460.0,13
32,29,2018,4,1200.0,29,2945.0,14
33,29,2018,4,1200.0,29,2000.0,15
34,29,2018,4,1200.0,29,4352.0,16
35,29,2018,4,1200.0,29,4799.0,17
36,29,2018,5,1200.0,29,4777.0,18
37,29,2018,5,1200.0,29,3667.0,19
38,29,2018,5,1200.0,29,2220.0,20
39,29,2018,5,1200.0,29,2542.0,21
40,29,2018,5,1200.0,29,2705.0,22
41,29,2018,6,1200.0,29,2967.0,23
42,29,2018,6,1200.0,29,2732.0,24
43,29,2018,6,1200.0,29,1276.0,25
44,29,2018,6,1200.0,29,0.0,26
0,31,2017,8,1280.0,31,0.0,34
1,31,2017,8,1280.0,31,0.0,35
2,31,2017,9,1280.0,31,0.0,36
3,31,2017,9,1280.0,31,0.0,37
4,31,2017,9,1280.0,31,0.0,38
5,31,2017,9,1280.0,31,0.0,39
6,31,2017,10,1280.0,31,0.0,40
7,31,2017,10,1280.0,31,0.0,41
8,31,2017,10,1280.0,31,0.0,42
9,31,2017,10,1280.0,31,0.0,43
10,31,2017,10,1280.0,31,0.0,44
11,31,2017,11,1280.0,31,890.0,45
12,31,2017,11,1280.0,31,1230.0,46
13,31,2017,11,1280.0,31,1320.0,47
14,31,2017,11,1280.0,31,1550.0,48
15,31,2017,12,1280.0,31,1860.0,49
16,31,2017,12,1280.0,31,1960.0,50
17,31,2017,12,1280.0,31,2660.0,51
18,31,2017,12,1280.0,31,4320.0,52
19,31,2018,1,1280.0,31,3280.0,1
20,31,2018,1,1280.0,31,2230.0,2
21,31,2018,1,1280.0,31,480.0,3
22,31,2018,1,1280.0,31,510.0,4
23,31,2018,1,1280.0,31,9850.0,5
24,31,2018,2,1280.0,31,1130.0,6
25,31,2018,2,1280.0,31,1250.0,7
26,31,2018,2,1280.0,31,2530.0,8
27,31,2018,2,1280.0,31,2210.0,9
28,31,2018,3,1280.0,31,2660.0,10
29,31,2018,3,1280.0,31,2860.0,11
30,31,2018,3,1280.0,31,3490.0,12
31,31,2018,3,1280.0,31,2970.0,13
32,31,2018,4,1280.0,31,3770.0,14
33,31,2018,4,1280.0,31,4880.0,15
34,31,2018,4,1280.0,31,5620.0,16
35,31,2018,4,1280.0,31,5390.0,17
36,31,2018,5,1280.0,31,5880.0,18
37,31,2018,5,1280.0,31,4370.0,19
38,31,2018,5,1280.0,31,5990.0,20
39,31,2018,5,1280.0,31,3660.0,21
40,31,2018,5,1280.0,31,5930.0,22
41,31,2018,6,1280.0,31,4200.0,23
42,31,2018,6,1280.0,31,3340.0,24
43,31,2018,6,1280.0,31,4210.0,25
44,31,2018,6,1280.0,31,4830.0,26
45,31,2018,7,1280.0,31,2690.0,27
46,31,2018,7,1280.0,31,0.0,28
47,31,2018,7,1280.0,31,0.0,30
48,31,2018,8,1280.0,31,0.0,31
0,32,2017,7,1300.0,32,0.0,28
1,32,2017,7,1300.0,32,0.0,29
2,32,2017,7,1300.0,32,0.0,30
3,32,2017,8,1300.0,32,0.0,31
4,32,2017,8,1300.0,32,0.0,32
5,32,2017,8,1300.0,32,0.0,33
6,32,2017,8,1300.0,32,0.0,34
7,32,2017,8,1300.0,32,675.0,35
8,32,2017,9,1300.0,32,530.0,36
9,32,2017,9,1300.0,32,470.0,37
10,32,2017,9,1300.0,32,779.0,38
11,32,2017,9,1300.0,32,1546.0,39
12,32,2017,10,1300.0,32,820.0,40
13,32,2017,10,1300.0,32,1207.0,41
14,32,2017,10,1300.0,32,1638.0,42
15,32,2017,10,1300.0,32,1842.0,43
16,32,2017,10,1300.0,32,2805.0,44
17,32,2017,11,1300.0,32,2224.0,45
18,32,2017,11,1300.0,32,3034.0,46
19,32,2017,11,1300.0,32,3288.0,47
20,32,2017,11,1300.0,32,2896.0,48
21,32,2017,12,1300.0,32,2407.0,49
22,32,2017,12,1300.0,32,2692.0,50
23,32,2017,12,1300.0,32,3218.0,51
24,32,2017,12,1300.0,32,2571.0,52
25,32,2018,1,1300.0,32,2761.0,1
26,32,2018,1,1300.0,32,2400.0,2
27,32,2018,1,1300.0,32,1801.0,3
28,32,2018,1,1300.0,32,1484.0,4
29,32,2018,1,1300.0,32,1594.0,5
30,32,2018,2,1300.0,32,2021.0,6
31,32,2018,2,1300.0,32,1473.0,7
32,32,2018,2,1300.0,32,3707.0,8
33,32,2018,2,1300.0,32,2815.0,9
34,32,2018,3,1300.0,32,3060.0,10
35,32,2018,3,1300.0,32,2749.0,11
36,32,2018,3,1300.0,32,2498.0,12
37,32,2018,3,1300.0,32,2913.0,13
38,32,2018,4,1300.0,32,2626.0,14
39,32,2018,4,1300.0,32,3128.0,15
40,32,2018,4,1300.0,32,3240.0,16
41,32,2018,4,1300.0,32,3334.0,17
42,32,2018,5,1300.0,32,4412.0,18
43,32,2018,5,1300.0,32,4837.0,19
44,32,2018,5,1300.0,32,4865.0,20
45,32,2018,5,1300.0,32,6081.0,21
46,32,2018,5,1300.0,32,4607.0,22
47,32,2018,6,1300.0,32,4151.0,23
48,32,2018,6,1300.0,32,4041.0,24
49,32,2018,6,1300.0,32,3190.0,25
50,32,2018,6,1300.0,32,959.0,26
51,32,2018,7,1300.0,32,0.0,27
0,39,2017,8,1700.0,39,0.0,34
1,39,2017,8,1700.0,39,0.0,35
2,39,2017,9,1700.0,39,0.0,36
3,39,2017,9,1700.0,39,0.0,37
4,39,2017,9,1700.0,39,0.0,38
5,39,2017,9,1700.0,39,0.0,39
6,39,2017,10,1700.0,39,0.0,40
7,39,2017,10,1700.0,39,0.0,41
8,39,2017,10,1700.0,39,0.0,42
9,39,2017,10,1700.0,39,402.0,43
10,39,2017,10,1700.0,39,10524.0,44
11,39,2017,11,1700.0,39,4408.0,45
12,39,2017,11,1700.0,39,4098.0,46
13,39,2017,11,1700.0,39,3056.0,47
14,39,2017,11,1700.0,39,2685.0,48
15,39,2017,12,1700.0,39,2568.0,49
16,39,2017,12,1700.0,39,2377.0,50
17,39,2017,12,1700.0,39,3594.0,51
18,39,2017,12,1700.0,39,1677.0,52
19,39,2018,1,1700.0,39,2559.0,1
20,39,2018,1,1700.0,39,1326.0,2
21,39,2018,1,1700.0,39,2525.0,3
22,39,2018,1,1700.0,39,1296.0,4
23,39,2018,1,1700.0,39,2244.0,5
24,39,2018,2,1700.0,39,966.0,6
25,39,2018,2,1700.0,39,1131.0,7
26,39,2018,2,1700.0,39,1791.0,8
27,39,2018,2,1700.0,39,2759.0,9
28,39,2018,3,1700.0,39,3236.0,10
29,39,2018,3,1700.0,39,4462.0,11
30,39,2018,3,1700.0,39,1932.0,12
31,39,2018,3,1700.0,39,3070.0,13
32,39,2018,4,1700.0,39,3878.0,14
33,39,2018,4,1700.0,39,4266.0,15
34,39,2018,4,1700.0,39,2507.0,16
35,39,2018,4,1700.0,39,5240.0,17
36,39,2018,5,1700.0,39,5743.0,18
37,39,2018,5,1700.0,39,4850.0,19
38,39,2018,5,1700.0,39,5010.0,20
39,39,2018,5,1700.0,39,5891.0,21
40,39,2018,5,1700.0,39,3052.0,22
41,39,2018,6,1700.0,39,2093.0,23
42,39,2018,6,1700.0,39,5127.0,24
43,39,2018,6,1700.0,39,3112.0,25
44,39,2018,6,1700.0,39,2180.0,26
45,39,2018,7,1700.0,39,0.0,27
0,42,2017,8,2000.0,42,0.0,33
1,42,2017,8,2000.0,42,0.0,34
2,42,2017,8,2000.0,42,0.0,35
3,42,2017,9,2000.0,42,0.0,36
4,42,2017,9,2000.0,42,0.0,37
5,42,2017,9,2000.0,42,0.0,38
6,42,2017,9,2000.0,42,0.0,39
7,42,2017,10,2000.0,42,0.0,40
8,42,2017,10,2000.0,42,0.0,41
9,42,2017,10,2000.0,42,0.0,42
10,42,2017,10,2000.0,42,0.0,43
11,42,2017,10,2000.0,42,0.0,44
12,42,2017,11,2000.0,42,642.0,45
13,42,2017,11,2000.0,42,1453.0,46
14,42,2017,11,2000.0,42,1566.0,47
15,42,2017,11,2000.0,42,2434.0,48
16,42,2017,12,2000.0,42,1872.0,49
17,42,2017,12,2000.0,42,2052.0,50
18,42,2017,12,2000.0,42,4874.0,51
19,42,2017,12,2000.0,42,4317.0,52
20,42,2018,1,2000.0,42,1981.0,1
21,42,2018,1,2000.0,42,3633.0,2
22,42,2018,1,2000.0,42,1895.0,3
23,42,2018,1,2000.0,42,3854.0,4
24,42,2018,1,2000.0,42,2078.0,5
25,42,2018,2,2000.0,42,5253.0,6
26,42,2018,2,2000.0,42,2558.0,7
27,42,2018,2,2000.0,42,2985.0,8
28,42,2018,2,2000.0,42,6680.0,9
29,42,2018,3,2000.0,42,3025.0,10
30,42,2018,3,2000.0,42,5130.0,11
31,42,2018,3,2000.0,42,2517.0,12
32,42,2018,3,2000.0,42,4294.0,13
33,42,2018,4,2000.0,42,2954.0,14
34,42,2018,4,2000.0,42,5458.0,15
35,42,2018,4,2000.0,42,3556.0,16
36,42,2018,4,2000.0,42,7015.0,17
37,42,2018,5,2000.0,42,4246.0,18
38,42,2018,5,2000.0,42,4167.0,19
39,42,2018,5,2000.0,42,4425.0,20
40,42,2018,5,2000.0,42,4390.0,21
41,42,2018,5,2000.0,42,4509.0,22
42,42,2018,6,2000.0,42,3011.0,23
43,42,2018,6,2000.0,42,3521.0,24
44,42,2018,6,2000.0,42,3153.0,25
45,42,2018,6,2000.0,42,3518.0,26
46,42,2018,7,2000.0,42,0.0,27
47,42,2018,7,2000.0,42,0.0,28
0,44,2017,8,1200.0,44,0.0,33
1,44,2017,8,1200.0,44,0.0,34
2,44,2017,8,1200.0,44,0.0,35
3,44,2017,9,1200.0,44,0.0,36
4,44,2017,9,1200.0,44,0.0,37
5,44,2017,9,1200.0,44,0.0,38
6,44,2017,9,1200.0,44,0.0,39
7,44,2017,10,1200.0,44,0.0,40
8,44,2017,10,1200.0,44,0.0,41
9,44,2017,10,1200.0,44,0.0,42
10,44,2017,10,1200.0,44,0.0,43
11,44,2017,10,1200.0,44,0.0,44
12,44,2017,11,1200.0,44,526.0,45
13,44,2017,11,1200.0,44,1190.0,46
14,44,2017,11,1200.0,44,1283.0,47
15,44,2017,11,1200.0,44,1844.0,48
16,44,2017,12,1200.0,44,1347.0,49
17,44,2017,12,1200.0,44,1477.0,50
18,44,2017,12,1200.0,44,3509.0,51
19,44,2017,12,1200.0,44,3107.0,52
20,44,2018,1,1200.0,44,1188.0,1
21,44,2018,1,1200.0,44,2179.0,2
22,44,2018,1,1200.0,44,1137.0,3
23,44,2018,1,1200.0,44,2312.0,4
24,44,2018,1,1200.0,44,1246.0,5
25,44,2018,2,1200.0,44,3413.0,6
26,44,2018,2,1200.0,44,1662.0,7
27,44,2018,2,1200.0,44,1940.0,8
28,44,2018,2,1200.0,44,4965.0,9
29,44,2018,3,1200.0,44,2571.0,10
30,44,2018,3,1200.0,44,4359.0,11
31,44,2018,3,1200.0,44,2139.0,12
32,44,2018,3,1200.0,44,3649.0,13
33,44,2018,4,1200.0,44,2658.0,14
34,44,2018,4,1200.0,44,4911.0,15
35,44,2018,4,1200.0,44,3200.0,16
36,44,2018,4,1200.0,44,6313.0,17
37,44,2018,5,1200.0,44,5042.0,18
0,45,2017,8,1600.0,45,0.0,34
1,45,2017,8,1600.0,45,0.0,35
2,45,2017,9,1600.0,45,0.0,36
3,45,2017,9,1600.0,45,0.0,37
4,45,2017,9,1600.0,45,0.0,38
5,45,2017,9,1600.0,45,0.0,39
6,45,2017,10,1600.0,45,0.0,40
7,45,2017,10,1600.0,45,0.0,41
8,45,2017,10,1600.0,45,0.0,42
9,45,2017,10,1600.0,45,0.0,43
10,45,2017,10,1600.0,45,0.0,44
11,45,2017,11,1600.0,45,0.0,45
12,45,2017,11,1600.0,45,1626.0,46
13,45,2017,11,1600.0,45,2065.0,47
14,45,2017,11,1600.0,45,2458.0,48
15,45,2017,12,1600.0,45,1724.0,49
16,45,2017,12,1600.0,45,1721.0,50
17,45,2017,12,1600.0,45,3552.0,51
18,45,2017,12,1600.0,45,3730.0,52
19,45,2018,1,1600.0,45,1515.0,1
20,45,2018,1,1600.0,45,2774.0,2
21,45,2018,1,1600.0,45,1106.0,3
22,45,2018,1,1600.0,45,2394.0,4
23,45,2018,1,1600.0,45,1080.0,5
24,45,2018,2,1600.0,45,4021.0,6
25,45,2018,2,1600.0,45,1816.0,7
26,45,2018,2,1600.0,45,2173.0,8
27,45,2018,2,1600.0,45,5319.0,9
28,45,2018,3,1600.0,45,2245.0,10
29,45,2018,3,1600.0,45,4627.0,11
30,45,2018,3,1600.0,45,2497.0,12
31,45,2018,3,1600.0,45,5002.0,13
32,45,2018,4,1600.0,45,3614.0,14
33,45,2018,4,1600.0,45,7603.0,15
34,45,2018,4,1600.0,45,3674.0,16
35,45,2018,4,1600.0,45,7220.0,17
36,45,2018,5,1600.0,45,5592.0,18
37,45,2018,5,1600.0,45,5147.0,19
38,45,2018,5,1600.0,45,5309.0,20
39,45,2018,5,1600.0,45,5444.0,21
40,45,2018,5,1600.0,45,5067.0,22
0,48,2017,10,1600.0,48,0.0,41
1,48,2017,10,1600.0,48,0.0,42
2,48,2017,10,1600.0,48,0.0,43
3,48,2017,10,1600.0,48,0.0,44
4,48,2017,11,1600.0,48,0.0,45
5,48,2017,11,1600.0,48,0.0,46
6,48,2017,11,1600.0,48,0.0,47
7,48,2017,11,1600.0,48,0.0,48
8,48,2017,12,1600.0,48,0.0,49
9,48,2017,12,1600.0,48,0.0,50
10,48,2017,12,1600.0,48,0.0,51
11,48,2017,12,1600.0,48,1212.607525,52
12,48,2018,1,1600.0,48,3643.46261,1
13,48,2018,1,1600.0,48,4207.46611,2
14,48,2018,1,1600.0,48,5177.55213,3
15,48,2018,1,1600.0,48,5685.15528,4
16,48,2018,1,1600.0,48,4743.269435,5
17,48,2018,2,1600.0,48,4703.78919,6
18,48,2018,2,1600.0,48,1347.968365,7
19,48,2018,2,1600.0,48,6074.317695,8
20,48,2018,2,1600.0,48,4337.186915,9
21,48,2018,3,1600.0,48,3271.2203,10
22,48,2018,3,1600.0,48,6796.242175,11
23,48,2018,3,1600.0,48,3835.2238,12
24,48,2018,3,1600.0,48,4715.06926,13
25,48,2018,4,1600.0,48,6079.95773,14
26,48,2018,4,1600.0,48,6141.998115,15
27,48,2018,4,1600.0,48,5561.07451,16
28,48,2018,4,1600.0,48,3993.14478,17
29,48,2018,5,1600.0,48,5984.077135,18
30,48,2018,5,1600.0,48,4889.910345,19
31,48,2018,5,1600.0,48,6841.362455,20
32,48,2018,5,1600.0,48,3682.942855,21
33,48,2018,5,1600.0,48,6345.039375,22
34,48,2018,6,1600.0,48,6085.597765,23
35,48,2018,6,1600.0,48,6378.879585,24
36,48,2018,6,1600.0,48,3547.582015,25
37,48,2018,6,1600.0,48,2836.937605,26
38,48,2018,7,1600.0,48,3885.984115,27
39,48,2018,7,1600.0,48,1488.96924,28
40,48,2018,7,1600.0,48,0.0,29
0,50,2017,8,1550.0,50,0.0,34
1,50,2017,8,1550.0,50,0.0,35
2,50,2017,9,1550.0,50,0.0,36
3,50,2017,9,1550.0,50,0.0,37
4,50,2017,9,1550.0,50,0.0,38
5,50,2017,9,1550.0,50,0.0,39
6,50,2017,10,1550.0,50,0.0,40
7,50,2017,10,1550.0,50,2800.0,41
8,50,2017,10,1550.0,50,2555.0,42
9,50,2017,10,1550.0,50,4450.0,43
10,50,2017,10,1550.0,50,2880.0,44
11,50,2017,11,1550.0,50,2805.0,45
12,50,2017,11,1550.0,50,4235.0,46
13,50,2017,11,1550.0,50,2810.0,47
14,50,2017,11,1550.0,50,2540.0,48
15,50,2017,12,1550.0,50,1945.0,49
16,50,2017,12,1550.0,50,1795.0,50
17,50,2017,12,1550.0,50,2085.0,51
18,50,2017,12,1550.0,50,2360.0,52
19,50,2018,1,1550.0,50,2535.0,1
20,50,2018,1,1550.0,50,2165.0,2
21,50,2018,1,1550.0,50,1755.0,3
22,50,2018,1,1550.0,50,1675.0,4
23,50,2018,1,1550.0,50,1785.0,5
24,50,2018,2,1550.0,50,2000.0,6
25,50,2018,2,1550.0,50,2175.0,7
26,50,2018,2,1550.0,50,2575.0,8
27,50,2018,2,1550.0,50,3255.0,9
28,50,2018,3,1550.0,50,1780.0,10
29,50,2018,3,1550.0,50,1955.0,11
30,50,2018,3,1550.0,50,1345.0,12
31,50,2018,3,1550.0,50,755.0,13
32,50,2018,4,1550.0,50,1805.0,14
33,50,2018,4,1550.0,50,2395.0,15
34,50,2018,4,1550.0,50,2745.0,16
35,50,2018,4,1550.0,50,2310.0,17
36,50,2018,5,1550.0,50,3365.0,18
37,50,2018,5,1550.0,50,4110.0,19
38,50,2018,5,1550.0,50,3090.0,20
39,50,2018,5,1550.0,50,2715.0,21
40,50,2018,5,1550.0,50,2285.0,22
41,50,2018,6,1550.0,50,490.0,23
0,51,2017,8,1500.0,51,0.0,34
1,51,2017,8,1500.0,51,0.0,35
2,51,2017,9,1500.0,51,0.0,36
3,51,2017,9,1500.0,51,0.0,37
4,51,2017,9,1500.0,51,0.0,38
5,51,2017,9,1500.0,51,0.0,39
6,51,2017,10,1500.0,51,0.0,40
7,51,2017,10,1500.0,51,0.0,41
8,51,2017,10,1500.0,51,0.0,42
9,51,2017,10,1500.0,51,0.0,43
10,51,2017,10,1500.0,51,360.0,44
11,51,2017,11,1500.0,51,2225.0,45
12,51,2017,11,1500.0,51,2795.0,46
13,51,2017,11,1500.0,51,4300.0,47
14,51,2017,11,1500.0,51,4350.0,48
15,51,2017,12,1500.0,51,2055.0,49
16,51,2017,12,1500.0,51,2735.0,50
17,51,2017,12,1500.0,51,3690.0,51
18,51,2017,12,1500.0,51,2625.0,52
19,51,2018,1,1500.0,51,3020.0,1
20,51,2018,1,1500.0,51,4515.0,2
21,51,2018,1,1500.0,51,2215.0,3
22,51,2018,1,1500.0,51,3150.0,4
23,51,2018,1,1500.0,51,1120.0,5
24,51,2018,2,1500.0,51,1285.0,6
25,51,2018,2,1500.0,51,1240.0,7
26,51,2018,2,1500.0,51,2115.0,8
27,51,2018,2,1500.0,51,1790.0,9
28,51,2018,3,1500.0,51,2545.0,10
29,51,2018,3,1500.0,51,2390.0,11
30,51,2018,3,1500.0,51,1850.0,12
31,51,2018,3,1500.0,51,3040.0,13
32,51,2018,4,1500.0,51,4540.0,14
33,51,2018,4,1500.0,51,4390.0,15
34,51,2018,4,1500.0,51,2470.0,16
35,51,2018,4,1500.0,51,2445.0,17
36,51,2018,5,1500.0,51,4045.0,18
37,51,2018,5,1500.0,51,2745.0,19
38,51,2018,5,1500.0,51,3325.0,20
39,51,2018,5,1500.0,51,5425.0,21
40,51,2018,5,1500.0,51,5080.0,22
41,51,2018,6,1500.0,51,4445.0,23
42,51,2018,6,1500.0,51,4320.0,24
43,51,2018,6,1500.0,51,2240.0,25
44,51,2018,6,1500.0,51,2230.0,26
45,51,2018,7,1500.0,51,0.0,27
0,53,2017,8,1500.0,53,0.0,33
1,53,2017,8,1500.0,53,0.0,34
2,53,2017,8,1500.0,53,0.0,35
3,53,2017,9,1500.0,53,0.0,36
4,53,2017,9,1500.0,53,0.0,37
5,53,2017,9,1500.0,53,0.0,38
6,53,2017,9,1500.0,53,0.0,39
7,53,2017,10,1500.0,53,0.0,40
8,53,2017,10,1500.0,53,0.0,41
9,53,2017,10,1500.0,53,0.0,42
10,53,2017,10,1500.0,53,1256.0,43
11,53,2017,10,1500.0,53,4811.0,44
12,53,2017,11,1500.0,53,4519.0,45
13,53,2017,11,1500.0,53,3531.0,46
14,53,2017,11,1500.0,53,4154.0,47
15,53,2017,11,1500.0,53,1823.0,48
16,53,2017,12,1500.0,53,2841.0,49
17,53,2017,12,1500.0,53,1947.0,50
18,53,2017,12,1500.0,53,2186.0,51
19,53,2017,12,1500.0,53,3018.0,52
20,53,2018,1,1500.0,53,1358.0,1
21,53,2018,1,1500.0,53,1481.0,2
22,53,2018,1,1500.0,53,1628.0,3
23,53,2018,1,1500.0,53,1409.0,4
24,53,2018,1,1500.0,53,2769.0,5
25,53,2018,2,1500.0,53,2434.0,6
26,53,2018,2,1500.0,53,1710.0,7
27,53,2018,2,1500.0,53,2045.0,8
28,53,2018,2,1500.0,53,1844.0,9
29,53,2018,3,1500.0,53,1358.0,10
30,53,2018,3,1500.0,53,2585.0,11
31,53,2018,3,1500.0,53,2966.0,12
32,53,2018,3,1500.0,53,2893.0,13
33,53,2018,4,1500.0,53,2714.0,14
34,53,2018,4,1500.0,53,3461.0,15
35,53,2018,4,1500.0,53,3934.0,16
36,53,2018,4,1500.0,53,1505.0,17
37,53,2018,5,1500.0,53,5040.0,18
38,53,2018,5,1500.0,53,4046.0,19
39,53,2018,5,1500.0,53,3098.0,20
40,53,2018,5,1500.0,53,6730.0,21
41,53,2018,5,1500.0,53,1160.0,22
42,53,2018,6,1500.0,53,3125.0,23
43,53,2018,6,1500.0,53,724.0,24
44,53,2018,6,1500.0,53,3552.0,25
45,53,2018,6,1500.0,53,3476.0,26
0,54,2017,10,1800.0,54,0.0,43
1,54,2017,10,1800.0,54,0.0,44
2,54,2017,11,1800.0,54,0.0,45
3,54,2017,11,1800.0,54,0.0,46
4,54,2017,11,1800.0,54,0.0,47
5,54,2017,11,1800.0,54,0.0,48
6,54,2017,12,1800.0,54,0.0,49
7,54,2017,12,1800.0,54,0.0,50
8,54,2017,12,1800.0,54,0.0,51
9,54,2017,12,1800.0,54,0.0,52
10,54,2018,1,1800.0,54,1790.0,1
11,54,2018,1,1800.0,54,3260.0,2
12,54,2018,1,1800.0,54,2775.0,3
13,54,2018,1,1800.0,54,4130.0,4
14,54,2018,1,1800.0,54,3420.0,5
15,54,2018,2,1800.0,54,5010.0,6
16,54,2018,2,1800.0,54,2345.0,7
17,54,2018,2,1800.0,54,2455.0,8
18,54,2018,2,1800.0,54,1510.0,9
19,54,2018,3,1800.0,54,3240.0,10
20,54,2018,3,1800.0,54,5330.0,11
21,54,2018,3,1800.0,54,2365.0,12
22,54,2018,3,1800.0,54,4995.0,13
23,54,2018,4,1800.0,54,3825.0,14
24,54,2018,4,1800.0,54,3365.0,15
25,54,2018,4,1800.0,54,3975.0,16
26,54,2018,4,1800.0,54,2380.0,17
27,54,2018,5,1800.0,54,2790.0,18
28,54,2018,5,1800.0,54,5350.0,19
29,54,2018,5,1800.0,54,3320.0,20
30,54,2018,5,1800.0,54,3395.0,21
31,54,2018,5,1800.0,54,3435.0,22
32,54,2018,6,1800.0,54,5180.0,23
33,54,2018,6,1800.0,54,3750.0,24
34,54,2018,6,1800.0,54,2045.0,25
35,54,2018,6,1800.0,54,2225.0,26
36,54,2018,7,1800.0,54,0.0,27
37,54,2018,7,1800.0,54,0.0,28
38,54,2018,7,1800.0,54,0.0,29
39,54,2018,7,1800.0,54,0.0,30
40,54,2018,8,1800.0,54,0.0,31
0,56,2017,8,2800.0,56,0.0,35
1,56,2017,9,2800.0,56,0.0,36
2,56,2017,9,2800.0,56,0.0,37
3,56,2017,9,2800.0,56,0.0,38
4,56,2017,9,2800.0,56,0.0,39
5,56,2017,10,2800.0,56,0.0,40
6,56,2017,10,2800.0,56,0.0,41
7,56,2017,10,2800.0,56,0.0,42
8,56,2017,10,2800.0,56,0.0,43
9,56,2017,10,2800.0,56,0.0,44
10,56,2017,11,2800.0,56,0.0,45
11,56,2017,11,2800.0,56,0.0,46
12,56,2017,11,2800.0,56,4962.0,47
13,56,2017,11,2800.0,56,5612.0,48
14,56,2017,12,2800.0,56,10460.0,49
15,56,2017,12,2800.0,56,8014.0,50
16,56,2017,12,2800.0,56,3897.0,51
17,56,2017,12,2800.0,56,9273.0,52
18,56,2018,1,2800.0,56,8464.0,1
19,56,2018,1,2800.0,56,5975.0,2
20,56,2018,1,2800.0,56,3725.0,3
21,56,2018,1,2800.0,56,6159.0,4
22,56,2018,1,2800.0,56,3388.0,5
23,56,2018,2,2800.0,56,5306.0,6
24,56,2018,2,2800.0,56,6698.0,7
25,56,2018,2,2800.0,56,5313.0,8
26,56,2018,2,2800.0,56,3440.0,9
27,56,2018,3,2800.0,56,4165.0,10
28,56,2018,3,2800.0,56,4065.0,11
29,56,2018,3,2800.0,56,11034.0,12
30,56,2018,3,2800.0,56,7419.0,13
31,56,2018,4,2800.0,56,7896.0,14
32,56,2018,4,2800.0,56,4684.0,15
33,56,2018,4,2800.0,56,8030.0,16
34,56,2018,4,2800.0,56,3357.0,17
35,56,2018,5,2800.0,56,13294.0,18
36,56,2018,5,2800.0,56,6539.0,19
0,57,2017,8,1800.0,57,0.0,35
1,57,2017,9,1800.0,57,0.0,36
2,57,2017,9,1800.0,57,0.0,37
3,57,2017,9,1800.0,57,0.0,38
4,57,2017,9,1800.0,57,0.0,39
5,57,2017,10,1800.0,57,0.0,40
6,57,2017,10,1800.0,57,0.0,41
7,57,2017,10,1800.0,57,45.0,42
8,57,2017,10,1800.0,57,3747.0,43
9,57,2017,10,1800.0,57,6425.0,44
10,57,2017,11,1800.0,57,8630.0,45
11,57,2017,11,1800.0,57,7893.0,46
12,57,2017,11,1800.0,57,4209.0,47
13,57,2017,11,1800.0,57,2707.0,48
14,57,2017,12,1800.0,57,3685.0,49
15,57,2017,12,1800.0,57,2877.0,50
16,57,2017,12,1800.0,57,3999.0,51
17,57,2017,12,1800.0,57,5596.0,52
18,57,2018,1,1800.0,57,1485.0,1
19,57,2018,1,1800.0,57,3124.0,2
20,57,2018,1,1800.0,57,4275.0,3
21,57,2018,1,1800.0,57,5074.0,4
22,57,2018,1,1800.0,57,4071.0,5
23,57,2018,2,1800.0,57,2751.0,6
24,57,2018,2,1800.0,57,2965.0,7
25,57,2018,2,1800.0,57,3641.0,8
26,57,2018,2,1800.0,57,3550.0,9
27,57,2018,3,1800.0,57,3670.0,10
28,57,2018,3,1800.0,57,4255.0,11
29,57,2018,3,1800.0,57,4105.0,12
30,57,2018,3,1800.0,57,3464.0,13
31,57,2018,4,1800.0,57,2839.0,14
32,57,2018,4,1800.0,57,5805.0,15
33,57,2018,4,1800.0,57,3907.0,16
34,57,2018,4,1800.0,57,4783.0,17
35,57,2018,5,1800.0,57,3126.0,18
36,57,2018,5,1800.0,57,5060.0,19
37,57,2018,5,1800.0,57,1455.0,20
38,57,2018,5,1800.0,57,875.0,21
0,59,2017,8,1300.0,59,0.0,34
1,59,2017,8,1300.0,59,0.0,35
2,59,2017,9,1300.0,59,0.0,36
3,59,2017,9,1300.0,59,0.0,37
4,59,2017,9,1300.0,59,0.0,38
5,59,2017,9,1300.0,59,0.0,39
6,59,2017,10,1300.0,59,0.0,40
7,59,2017,10,1300.0,59,0.0,41
8,59,2017,10,1300.0,59,0.0,42
9,59,2017,10,1300.0,59,0.0,43
10,59,2017,10,1300.0,59,0.0,44
11,59,2017,11,1300.0,59,0.0,45
12,59,2017,11,1300.0,59,0.0,46
13,59,2017,11,1300.0,59,2431.7,47
14,59,2017,11,1300.0,59,4764.0,48
15,59,2017,12,1300.0,59,2926.9,49
16,59,2017,12,1300.0,59,4369.6,50
17,59,2017,12,1300.0,59,1807.9,51
18,59,2017,12,1300.0,59,2000.0,52
19,59,2018,1,1300.0,59,2650.8,1
20,59,2018,1,1300.0,59,2569.0,2
21,59,2018,1,1300.0,59,2411.9,3
22,59,2018,1,1300.0,59,2096.6,4
23,59,2018,1,1300.0,59,2132.0,5
24,59,2018,2,1300.0,59,3374.9,6
25,59,2018,2,1300.0,59,1643.6,7
26,59,2018,2,1300.0,59,3647.5,8
27,59,2018,2,1300.0,59,1914.8,9
28,59,2018,3,1300.0,59,1764.7,10
29,59,2018,3,1300.0,59,1538.6,11
30,59,2018,3,1300.0,59,1518.1,12
31,59,2018,3,1300.0,59,1462.5,13
32,59,2018,4,1300.0,59,2307.2,14
33,59,2018,4,1300.0,59,2045.2,15
34,59,2018,4,1300.0,59,1619.5,16
35,59,2018,4,1300.0,59,2619.7,17
36,59,2018,5,1300.0,59,2320.4,18
37,59,2018,5,1300.0,59,3217.3,19
38,59,2018,5,1300.0,59,2264.7,20
39,59,2018,5,1300.0,59,3299.3,21
40,59,2018,5,1300.0,59,2142.9,22
41,59,2018,6,1300.0,59,2759.2,23
42,59,2018,6,1300.0,59,4404.2,24
43,59,2018,6,1300.0,59,1985.6,25
44,59,2018,6,1300.0,59,1134.8,26
45,59,2018,7,1300.0,59,1494.4,27
0,201,2017,4,3000.0,201,0.0,16
1,201,2017,4,3000.0,201,0.0,17
2,201,2017,5,3000.0,201,0.0,18
3,201,2017,5,3000.0,201,0.0,19
4,201,2017,5,3000.0,201,0.0,20
5,201,2017,5,3000.0,201,0.0,21
6,201,2017,5,3000.0,201,0.0,22
7,201,2017,6,3000.0,201,0.0,23
8,201,2017,6,3000.0,201,0.0,24
9,201,2017,6,3000.0,201,0.0,25
10,201,2017,6,3000.0,201,0.0,26
11,201,2017,7,3000.0,201,0.0,27
12,201,2017,7,3000.0,201,0.0,28
13,201,2017,7,3000.0,201,0.0,29
14,201,2016,8,3000.0,201,0.0,32
15,201,2016,8,3000.0,201,0.0,33
16,201,2016,8,3000.0,201,0.0,34
17,201,2016,8,3000.0,201,0.0,35
18,201,2016,9,3000.0,201,0.0,36
19,201,2016,9,3000.0,201,0.0,37
20,201,2016,9,3000.0,201,0.0,38
21,201,2016,9,3000.0,201,0.0,39
22,201,2016,10,3000.0,201,0.0,40
23,201,2016,10,3000.0,201,0.0,41
24,201,2016,10,3000.0,201,0.0,42
25,201,2016,10,3000.0,201,0.0,43
26,201,2016,10,3000.0,201,0.0,44
27,201,2016,11,3000.0,201,0.0,45
28,201,2016,11,3000.0,201,0.0,46
29,201,2016,11,3000.0,201,0.0,47
30,201,2016,11,3000.0,201,0.0,48
31,201,2016,12,3000.0,201,0.0,49
32,201,2016,12,3000.0,201,0.0,50
33,201,2016,12,3000.0,201,0.0,51
34,201,2016,12,3000.0,201,0.0,52
35,201,2017,1,3000.0,201,0.0,1
36,201,2017,1,3000.0,201,0.0,2
37,201,2017,1,3000.0,201,0.0,3
38,201,2017,1,3000.0,201,0.0,4
39,201,2017,1,3000.0,201,0.0,5
40,201,2017,2,3000.0,201,0.0,6
41,201,2017,2,3000.0,201,0.0,7
42,201,2017,2,3000.0,201,0.0,8
43,201,2017,2,3000.0,201,0.0,9
44,201,2017,3,3000.0,201,0.0,10
45,201,2017,3,3000.0,201,0.0,11
46,201,2017,3,3000.0,201,0.0,12
47,201,2017,3,3000.0,201,0.0,13
48,201,2017,4,3000.0,201,0.0,14
49,201,2017,4,3000.0,201,0.0,15
0,202,2017,4,3258.0,202,0.0,17
1,202,2017,5,3258.0,202,0.0,18
2,202,2017,5,3258.0,202,0.0,19
3,202,2017,5,3258.0,202,0.0,20
4,202,2017,5,3258.0,202,0.0,21
5,202,2017,5,3258.0,202,0.0,22
6,202,2017,6,3258.0,202,0.0,23
7,202,2017,6,3258.0,202,0.0,24
8,202,2017,6,3258.0,202,0.0,25
9,202,2017,6,3258.0,202,0.0,26
10,202,2017,7,3258.0,202,0.0,27
11,202,2017,7,3258.0,202,0.0,28
12,202,2017,7,3258.0,202,0.0,29
13,202,2016,10,3258.0,202,0.0,40
14,202,2016,10,3258.0,202,0.0,41
15,202,2016,10,3258.0,202,0.0,42
16,202,2016,10,3258.0,202,0.0,43
17,202,2016,10,3258.0,202,0.0,44
18,202,2016,11,3258.0,202,0.0,45
19,202,2016,11,3258.0,202,0.0,46
20,202,2016,11,3258.0,202,0.0,47
21,202,2016,11,3258.0,202,0.0,48
22,202,2016,12,3258.0,202,0.0,49
23,202,2016,12,3258.0,202,0.0,50
24,202,2016,12,3258.0,202,0.0,51
25,202,2016,12,3258.0,202,0.0,52
26,202,2016,1,3258.0,202,0.0,53
27,202,2017,1,3258.0,202,0.0,1
28,202,2017,1,3258.0,202,0.0,2
29,202,2017,1,3258.0,202,0.0,3
30,202,2017,1,3258.0,202,0.0,4
31,202,2017,1,3258.0,202,0.0,5
32,202,2017,2,3258.0,202,0.0,6
33,202,2017,2,3258.0,202,0.0,7
34,202,2017,2,3258.0,202,0.0,8
35,202,2017,2,3258.0,202,0.0,9
36,202,2017,3,3258.0,202,0.0,10
37,202,2017,3,3258.0,202,0.0,11
38,202,2017,3,3258.0,202,0.0,12
39,202,2017,3,3258.0,202,0.0,13
40,202,2017,4,3258.0,202,0.0,14
41,202,2017,4,3258.0,202,0.0,15
42,202,2017,4,3258.0,202,0.0,16
43,202,2016,8,3258.0,202,0.0,34
44,202,2016,8,3258.0,202,0.0,35
45,202,2016,9,3258.0,202,0.0,36
46,202,2016,9,3258.0,202,0.0,37
47,202,2016,9,3258.0,202,0.0,38
48,202,2016,9,3258.0,202,0.0,39
0,204,2015,4,3000.0,204,0.0,15
1,204,2015,4,3000.0,204,0.0,16
2,204,2015,4,3000.0,204,0.0,17
3,204,2015,5,3000.0,204,0.0,18
4,204,2015,5,3000.0,204,0.0,19
5,204,2015,5,3000.0,204,0.0,20
6,204,2015,5,3000.0,204,0.0,21
7,204,2015,5,3000.0,204,0.0,22
8,204,2015,6,3000.0,204,0.0,23
9,204,2015,6,3000.0,204,0.0,24
10,204,2015,6,3000.0,204,0.0,25
11,204,2015,6,3000.0,204,0.0,26
12,204,2015,7,3000.0,204,0.0,27
13,204,2015,7,3000.0,204,0.0,28
14,204,2015,7,3000.0,204,0.0,29
15,204,2015,7,3000.0,204,0.0,30
16,204,2014,9,3000.0,204,0.0,38
17,204,2014,9,3000.0,204,0.0,39
18,204,2014,10,3000.0,204,0.0,40
19,204,2014,10,3000.0,204,0.0,41
20,204,2014,10,3000.0,204,0.0,42
21,204,2014,10,3000.0,204,0.0,43
22,204,2014,10,3000.0,204,0.0,44
23,204,2014,11,3000.0,204,0.0,45
24,204,2014,11,3000.0,204,0.0,46
25,204,2014,11,3000.0,204,0.0,47
26,204,2014,11,3000.0,204,0.0,48
27,204,2014,12,3000.0,204,0.0,49
28,204,2014,12,3000.0,204,0.0,50
29,204,2014,12,3000.0,204,0.0,51
30,204,2014,12,3000.0,204,0.0,52
31,204,2015,1,3000.0,204,0.0,1
32,204,2015,1,3000.0,204,0.0,2
33,204,2015,1,3000.0,204,0.0,3
34,204,2015,1,3000.0,204,0.0,4
35,204,2015,1,3000.0,204,0.0,5
36,204,2015,2,3000.0,204,0.0,6
37,204,2015,2,3000.0,204,0.0,7
38,204,2015,2,3000.0,204,0.0,8
39,204,2015,2,3000.0,204,0.0,9
40,204,2015,3,3000.0,204,0.0,10
41,204,2015,3,3000.0,204,0.0,11
42,204,2015,3,3000.0,204,0.0,12
43,204,2015,3,3000.0,204,0.0,13
44,204,2015,4,3000.0,204,0.0,14
45,204,2014,8,3000.0,204,0.0,35
46,204,2014,9,3000.0,204,0.0,36
47,204,2014,9,3000.0,204,0.0,37
0,205,2015,8,3000.0,205,0.0,32
1,205,2015,8,3000.0,205,0.0,33
2,205,2015,8,3000.0,205,0.0,34
3,205,2015,8,3000.0,205,0.0,35
4,205,2015,9,3000.0,205,0.0,36
5,205,2015,9,3000.0,205,0.0,37
6,205,2015,9,3000.0,205,0.0,38
7,205,2015,9,3000.0,205,0.0,39
8,205,2015,10,3000.0,205,0.0,40
9,205,2015,10,3000.0,205,0.0,41
10,205,2015,10,3000.0,205,0.0,42
11,205,2015,10,3000.0,205,0.0,43
12,205,2015,10,3000.0,205,0.0,44
13,205,2015,11,3000.0,205,0.0,45
14,205,2015,11,3000.0,205,0.0,46
15,205,2015,11,3000.0,205,0.0,47
16,205,2015,11,3000.0,205,0.0,48
17,205,2015,12,3000.0,205,0.0,49
18,205,2015,12,3000.0,205,0.0,50
19,205,2015,12,3000.0,205,0.0,51
20,205,2015,12,3000.0,205,0.0,52
21,205,2015,1,3000.0,205,0.0,53
22,205,2016,1,3000.0,205,0.0,1
23,205,2016,1,3000.0,205,0.0,2
24,205,2016,1,3000.0,205,0.0,3
25,205,2016,1,3000.0,205,0.0,4
26,205,2016,1,3000.0,205,0.0,5
27,205,2016,2,3000.0,205,0.0,6
28,205,2016,2,3000.0,205,0.0,7
29,205,2016,2,3000.0,205,0.0,8
30,205,2016,2,3000.0,205,0.0,9
31,205,2016,3,3000.0,205,0.0,10
32,205,2016,3,3000.0,205,0.0,11
33,205,2016,3,3000.0,205,0.0,12
34,205,2016,3,3000.0,205,0.0,13
35,205,2016,4,3000.0,205,0.0,14
36,205,2016,4,3000.0,205,0.0,15
37,205,2016,4,3000.0,205,0.0,16
38,205,2016,4,3000.0,205,0.0,17
39,205,2016,5,3000.0,205,0.0,18
40,205,2016,5,3000.0,205,0.0,19
41,205,2016,5,3000.0,205,0.0,20
42,205,2016,5,3000.0,205,0.0,21
43,205,2016,5,3000.0,205,0.0,22
44,205,2016,6,3000.0,205,0.0,23
45,205,2016,6,3000.0,205,0.0,24
46,205,2016,6,3000.0,205,0.0,25
47,205,2016,6,3000.0,205,0.0,26
48,205,2016,7,3000.0,205,0.0,27
49,205,2016,7,3000.0,205,0.0,28
50,205,2016,7,3000.0,205,0.0,29
51,205,2016,7,3000.0,205,0.0,30
0,206,2015,7,3000.0,206,0.0,27
1,206,2015,7,3000.0,206,0.0,28
2,206,2015,7,3000.0,206,0.0,29
3,206,2015,7,3000.0,206,0.0,30
4,206,2015,8,3000.0,206,0.0,31
5,206,2015,8,3000.0,206,0.0,32
6,206,2015,8,3000.0,206,0.0,33
7,206,2015,8,3000.0,206,0.0,34
8,206,2015,8,3000.0,206,0.0,35
9,206,2015,9,3000.0,206,0.0,36
10,206,2015,9,3000.0,206,0.0,37
11,206,2015,9,3000.0,206,0.0,38
12,206,2015,9,3000.0,206,0.0,39
13,206,2015,10,3000.0,206,0.0,40
14,206,2015,10,3000.0,206,0.0,41
15,206,2015,10,3000.0,206,0.0,42
16,206,2015,10,3000.0,206,0.0,43
17,206,2015,10,3000.0,206,0.0,44
18,206,2015,11,3000.0,206,0.0,45
19,206,2015,11,3000.0,206,0.0,46
20,206,2015,11,3000.0,206,0.0,47
21,206,2015,11,3000.0,206,0.0,48
22,206,2015,12,3000.0,206,0.0,49
23,206,2015,12,3000.0,206,0.0,50
24,206,2015,12,3000.0,206,0.0,51
25,206,2015,12,3000.0,206,0.0,52
26,206,2016,1,3000.0,206,0.0,1
27,206,2016,1,3000.0,206,0.0,2
28,206,2016,1,3000.0,206,0.0,3
29,206,2016,1,3000.0,206,0.0,4
30,206,2016,1,3000.0,206,0.0,5
31,206,2016,2,3000.0,206,0.0,6
32,206,2016,2,3000.0,206,0.0,7
33,206,2016,2,3000.0,206,0.0,8
34,206,2016,2,3000.0,206,0.0,9
35,206,2016,3,3000.0,206,0.0,10
36,206,2016,3,3000.0,206,0.0,11
37,206,2016,3,3000.0,206,0.0,12
38,206,2016,3,3000.0,206,0.0,13
39,206,2016,4,3000.0,206,0.0,14
40,206,2016,4,3000.0,206,0.0,15
41,206,2016,4,3000.0,206,0.0,16
42,206,2016,4,3000.0,206,0.0,17
43,206,2016,5,3000.0,206,0.0,18
44,206,2016,5,3000.0,206,0.0,19
45,206,2016,5,3000.0,206,0.0,20
46,206,2016,5,3000.0,206,0.0,21
47,206,2016,5,3000.0,206,0.0,22
48,206,2016,6,3000.0,206,0.0,23
49,206,2016,6,3000.0,206,0.0,24
50,206,2016,6,3000.0,206,0.0,25
51,206,2016,6,3000.0,206,0.0,26
52,206,2016,7,3000.0,206,0.0,27
53,206,2016,7,3000.0,206,0.0,28
54,206,2016,7,3000.0,206,0.0,29
55,206,2016,7,3000.0,206,0.0,30
0,207,2016,9,3000.0,207,0.0,39
1,207,2016,10,3000.0,207,0.0,40
2,207,2016,10,3000.0,207,0.0,41
3,207,2016,10,3000.0,207,0.0,42
4,207,2016,10,3000.0,207,0.0,43
5,207,2016,10,3000.0,207,0.0,44
6,207,2016,11,3000.0,207,0.0,45
7,207,2016,11,3000.0,207,0.0,46
8,207,2016,11,3000.0,207,0.0,47
9,207,2016,11,3000.0,207,0.0,48
10,207,2016,12,3000.0,207,0.0,49
11,207,2016,12,3000.0,207,0.0,50
12,207,2016,12,3000.0,207,0.0,51
13,207,2016,12,3000.0,207,0.0,52
14,207,2016,1,3000.0,207,0.0,53
15,207,2017,1,3000.0,207,0.0,1
16,207,2017,1,3000.0,207,0.0,2
17,207,2017,1,3000.0,207,0.0,3
18,207,2017,1,3000.0,207,0.0,4
19,207,2017,1,3000.0,207,0.0,5
20,207,2017,2,3000.0,207,0.0,6
21,207,2017,2,3000.0,207,0.0,7
22,207,2017,2,3000.0,207,0.0,8
23,207,2017,2,3000.0,207,0.0,9
24,207,2017,3,3000.0,207,0.0,10
25,207,2017,3,3000.0,207,0.0,11
26,207,2017,3,3000.0,207,0.0,12
27,207,2017,3,3000.0,207,0.0,13
28,207,2017,4,3000.0,207,0.0,14
29,207,2017,4,3000.0,207,0.0,15
30,207,2017,4,3000.0,207,0.0,16
31,207,2017,4,3000.0,207,0.0,17
32,207,2017,5,3000.0,207,0.0,18
33,207,2017,5,3000.0,207,0.0,19
34,207,2017,5,3000.0,207,0.0,20
35,207,2017,5,3000.0,207,0.0,21
36,207,2017,5,3000.0,207,0.0,22
37,207,2017,6,3000.0,207,0.0,23
38,207,2017,6,3000.0,207,0.0,24
39,207,2017,6,3000.0,207,0.0,25
40,207,2017,6,3000.0,207,0.0,26
41,207,2017,7,3000.0,207,0.0,27
42,207,2017,7,3000.0,207,0.0,28
0,209,2014,9,3100.0,209,0.0,39
1,209,2014,10,3100.0,209,0.0,40
2,209,2014,10,3100.0,209,0.0,41
3,209,2014,10,3100.0,209,0.0,42
4,209,2014,10,3100.0,209,0.0,43
5,209,2014,10,3100.0,209,0.0,44
6,209,2014,11,3100.0,209,0.0,45
7,209,2014,11,3100.0,209,0.0,46
8,209,2014,11,3100.0,209,0.0,47
9,209,2014,11,3100.0,209,0.0,48
10,209,2014,12,3100.0,209,0.0,49
11,209,2014,12,3100.0,209,0.0,50
12,209,2014,12,3100.0,209,0.0,51
13,209,2014,12,3100.0,209,0.0,52
14,209,2014,1,3100.0,209,0.0,53
15,209,2015,1,3100.0,209,0.0,1
16,209,2015,1,3100.0,209,0.0,2
17,209,2015,1,3100.0,209,0.0,3
18,209,2015,1,3100.0,209,0.0,4
19,209,2015,1,3100.0,209,0.0,5
20,209,2015,2,3100.0,209,0.0,6
21,209,2015,2,3100.0,209,0.0,7
22,209,2015,2,3100.0,209,0.0,8
23,209,2015,2,3100.0,209,0.0,9
24,209,2015,3,3100.0,209,0.0,10
25,209,2015,3,3100.0,209,0.0,11
26,209,2015,3,3100.0,209,0.0,12
27,209,2015,3,3100.0,209,0.0,13
28,209,2015,4,3100.0,209,0.0,14
29,209,2015,4,3100.0,209,0.0,15
30,209,2015,4,3100.0,209,0.0,16
31,209,2015,4,3100.0,209,0.0,17
32,209,2015,5,3100.0,209,0.0,18
33,209,2015,5,3100.0,209,0.0,19
34,209,2015,5,3100.0,209,0.0,20
35,209,2015,5,3100.0,209,0.0,21
36,209,2015,5,3100.0,209,0.0,22
37,209,2015,6,3100.0,209,0.0,23
38,209,2015,6,3100.0,209,0.0,24
39,209,2015,6,3100.0,209,0.0,25
40,209,2015,6,3100.0,209,0.0,26
41,209,2015,7,3100.0,209,0.0,27
42,209,2015,7,3100.0,209,0.0,28
43,209,2015,7,3100.0,209,0.0,29
44,209,2015,7,3100.0,209,0.0,30
0,210,2015,8,870.0,210,0.0,34
1,210,2015,8,870.0,210,0.0,35
2,210,2015,9,870.0,210,0.0,36
3,210,2015,9,870.0,210,0.0,37
4,210,2015,9,870.0,210,0.0,38
5,210,2015,9,870.0,210,0.0,39
6,210,2015,10,870.0,210,0.0,40
7,210,2015,10,870.0,210,0.0,41
8,210,2015,10,870.0,210,0.0,42
9,210,2015,10,870.0,210,0.0,43
10,210,2015,10,870.0,210,0.0,44
11,210,2015,11,870.0,210,0.0,45
12,210,2015,11,870.0,210,0.0,46
13,210,2015,11,870.0,210,0.0,47
14,210,2015,11,870.0,210,0.0,48
15,210,2015,12,870.0,210,0.0,49
16,210,2015,12,870.0,210,0.0,50
17,210,2015,12,870.0,210,0.0,51
18,210,2015,12,870.0,210,0.0,52
19,210,2016,1,870.0,210,0.0,1
20,210,2016,1,870.0,210,0.0,2
21,210,2016,1,870.0,210,0.0,3
22,210,2016,1,870.0,210,0.0,4
23,210,2016,1,870.0,210,0.0,5
24,210,2016,2,870.0,210,0.0,6
25,210,2016,2,870.0,210,0.0,7
26,210,2016,2,870.0,210,0.0,8
27,210,2016,2,870.0,210,0.0,9
28,210,2016,3,870.0,210,0.0,10
29,210,2016,3,870.0,210,0.0,11
30,210,2016,3,870.0,210,0.0,12
31,210,2016,3,870.0,210,0.0,13
32,210,2016,4,870.0,210,0.0,14
33,210,2016,4,870.0,210,0.0,15
34,210,2016,4,870.0,210,0.0,16
35,210,2016,4,870.0,210,0.0,17
36,210,2016,5,870.0,210,0.0,18
37,210,2016,5,870.0,210,0.0,19
38,210,2016,5,870.0,210,0.0,20
39,210,2016,5,870.0,210,0.0,21
40,210,2016,5,870.0,210,0.0,22
41,210,2016,6,870.0,210,0.0,23
42,210,2016,6,870.0,210,0.0,24
43,210,2016,6,870.0,210,0.0,25
44,210,2016,6,870.0,210,0.0,26
45,210,2016,7,870.0,210,0.0,27
46,210,2016,7,870.0,210,0.0,28
47,210,2016,7,870.0,210,0.0,29
48,210,2016,7,870.0,210,0.0,30
0,315,2018,10,900.0,315,0.0,43
1,315,2018,10,900.0,315,0.0,44
2,315,2018,11,900.0,315,0.0,45
3,315,2018,11,900.0,315,0.0,46
4,315,2018,11,900.0,315,0.0,47
5,315,2018,11,900.0,315,0.0,48
6,315,2018,12,900.0,315,0.0,49
7,315,2018,12,900.0,315,0.0,50
8,315,2018,12,900.0,315,0.0,51
9,315,2018,12,900.0,315,0.0,52
10,315,2019,1,900.0,315,0.0,1
11,315,2019,1,900.0,315,0.0,2
12,315,2019,1,900.0,315,70.0,3
13,315,2019,1,900.0,315,580.0,4
14,315,2019,1,900.0,315,1632.0,5
15,315,2019,2,900.0,315,1709.0,6
16,315,2019,2,900.0,315,3060.0,7
17,315,2019,2,900.0,315,2746.0,8
18,315,2019,2,900.0,315,4174.0,9
19,315,2019,3,900.0,315,3509.0,10
20,315,2019,3,900.0,315,2614.0,11
21,315,2019,3,900.0,315,2461.0,12
22,315,2019,3,900.0,315,3898.0,13
23,315,2019,4,900.0,315,3679.0,14
24,315,2019,4,900.0,315,4334.0,15
25,315,2019,4,900.0,315,5346.0,16
26,315,2019,4,900.0,315,4119.0,17
27,315,2019,5,900.0,315,4975.0,18
28,315,2019,5,900.0,315,3575.0,19
29,315,2019,5,900.0,315,5332.0,20
30,315,2019,5,900.0,315,5172.0,21
31,315,2019,5,900.0,315,2056.0,22
32,315,2019,6,900.0,315,4520.0,23
33,315,2019,6,900.0,315,4218.0,24
34,315,2019,6,900.0,315,3872.0,25
35,315,2019,6,900.0,315,3894.0,26
36,315,2019,7,900.0,315,3463.0,27
0,316,2018,8,2960.0,316,0.0,34
1,316,2018,8,2960.0,316,0.0,35
2,316,2018,9,2960.0,316,0.0,36
3,316,2018,9,2960.0,316,0.0,37
4,316,2018,9,2960.0,316,0.0,38
5,316,2018,9,2960.0,316,0.0,39
6,316,2018,10,2960.0,316,0.0,40
7,316,2018,10,2960.0,316,0.0,41
8,316,2018,10,2960.0,316,0.0,42
9,316,2018,10,2960.0,316,0.0,43
10,316,2018,10,2960.0,316,0.0,44
11,316,2018,11,2960.0,316,0.0,45
12,316,2018,11,2960.0,316,1295.0,46
13,316,2018,11,2960.0,316,6400.0,47
14,316,2018,11,2960.0,316,6725.0,48
15,316,2018,12,2960.0,316,9203.0,49
16,316,2018,12,2960.0,316,6085.0,50
17,316,2018,12,2960.0,316,6450.0,51
18,316,2018,12,2960.0,316,8489.0,52
19,316,2019,1,2960.0,316,12395.0,1
20,316,2019,1,2960.0,316,4230.0,2
21,316,2019,1,2960.0,316,3600.0,3
22,316,2019,1,2960.0,316,4425.0,4
23,316,2019,1,2960.0,316,5400.0,5
24,316,2019,2,2960.0,316,4185.0,6
25,316,2019,2,2960.0,316,2905.0,7
26,316,2019,2,2960.0,316,3035.0,8
27,316,2019,2,2960.0,316,3970.0,9
28,316,2019,3,2960.0,316,5320.0,10
29,316,2019,3,2960.0,316,5530.0,11
30,316,2019,3,2960.0,316,5475.0,12
31,316,2019,3,2960.0,316,5385.0,13
32,316,2019,4,2960.0,316,6390.0,14
33,316,2019,4,2960.0,316,6642.0,15
34,316,2019,4,2960.0,316,7982.0,16
35,316,2019,4,2960.0,316,7072.0,17
36,316,2019,5,2960.0,316,2256.0,18
37,316,2019,5,2960.0,316,6734.0,19
38,316,2019,5,2960.0,316,7750.0,20
39,316,2019,5,2960.0,316,10550.0,21
40,316,2019,5,2960.0,316,8050.0,22
41,316,2019,6,2960.0,316,7074.0,23
42,316,2019,6,2960.0,316,6200.0,24
43,316,2019,6,2960.0,316,7050.0,25
44,316,2019,6,2960.0,316,7140.0,26
45,316,2019,7,2960.0,316,2350.0,27
46,316,2019,7,2960.0,316,2350.0,28
47,316,2019,7,2960.0,316,810.0,29
0,318,2018,8,800.0,318,0.0,34
1,318,2018,8,800.0,318,0.0,35
2,318,2018,9,800.0,318,0.0,36
3,318,2018,9,800.0,318,0.0,37
4,318,2018,9,800.0,318,0.0,38
5,318,2018,9,800.0,318,0.0,39
6,318,2018,10,800.0,318,0.0,40
7,318,2018,10,800.0,318,0.0,41
8,318,2018,10,800.0,318,0.0,42
9,318,2018,10,800.0,318,0.0,43
10,318,2018,10,800.0,318,3547.0,44
11,318,2018,11,800.0,318,2627.0,45
12,318,2018,11,800.0,318,2900.0,46
13,318,2018,11,800.0,318,3041.0,47
14,318,2018,11,800.0,318,1752.0,48
15,318,2018,12,800.0,318,1728.0,49
16,318,2018,12,800.0,318,2468.0,50
17,318,2018,12,800.0,318,2882.0,51
18,318,2018,12,800.0,318,1979.0,52
19,318,2019,1,800.0,318,1554.0,1
20,318,2019,1,800.0,318,1502.0,2
21,318,2019,1,800.0,318,1357.0,3
22,318,2019,1,800.0,318,1772.0,4
23,318,2019,1,800.0,318,1537.0,5
24,318,2019,2,800.0,318,2189.0,6
25,318,2019,2,800.0,318,1455.0,7
26,318,2019,2,800.0,318,799.0,8
27,318,2019,2,800.0,318,2256.0,9
28,318,2019,3,800.0,318,2526.0,10
29,318,2019,3,800.0,318,2691.0,11
30,318,2019,3,800.0,318,2336.0,12
31,318,2019,3,800.0,318,2538.0,13
32,318,2019,4,800.0,318,3125.0,14
33,318,2019,4,800.0,318,3044.0,15
34,318,2019,4,800.0,318,3115.0,16
35,318,2019,4,800.0,318,3633.0,17
36,318,2019,5,800.0,318,2330.0,18
37,318,2019,5,800.0,318,5996.0,19
38,318,2019,5,800.0,318,1631.0,20
39,318,2019,5,800.0,318,5861.0,21
40,318,2019,5,800.0,318,3930.0,22
41,318,2019,6,800.0,318,0.0,23
0,319,2018,9,1200.0,319,0.0,37
1,319,2018,9,1200.0,319,0.0,38
2,319,2018,9,1200.0,319,0.0,39
3,319,2018,10,1200.0,319,0.0,40
4,319,2018,10,1200.0,319,0.0,41
5,319,2018,10,1200.0,319,0.0,42
6,319,2018,10,1200.0,319,0.0,43
7,319,2018,10,1200.0,319,0.0,44
8,319,2018,11,1200.0,319,0.0,45
9,319,2018,11,1200.0,319,0.0,46
10,319,2018,11,1200.0,319,0.0,47
11,319,2018,11,1200.0,319,0.0,48
12,319,2018,12,1200.0,319,0.0,49
13,319,2018,12,1200.0,319,0.0,50
14,319,2018,12,1200.0,319,3540.0,51
15,319,2018,12,1200.0,319,1000.0,52
16,319,2019,1,1200.0,319,3228.0,1
17,319,2019,1,1200.0,319,2980.0,2
18,319,2019,1,1200.0,319,2940.0,3
19,319,2019,1,1200.0,319,2485.0,4
20,319,2019,1,1200.0,319,4246.0,5
21,319,2019,2,1200.0,319,2216.0,6
22,319,2019,2,1200.0,319,1922.0,7
23,319,2019,2,1200.0,319,1472.0,8
24,319,2019,2,1200.0,319,1592.0,9
25,319,2019,3,1200.0,319,2618.0,10
26,319,2019,3,1200.0,319,2700.0,11
27,319,2019,3,1200.0,319,3168.0,12
28,319,2019,3,1200.0,319,3976.0,13
29,319,2019,4,1200.0,319,4467.0,14
30,319,2019,4,1200.0,319,6800.0,15
31,319,2019,4,1200.0,319,5261.0,16
32,319,2019,4,1200.0,319,4535.0,17
33,319,2019,5,1200.0,319,4857.0,18
34,319,2019,5,1200.0,319,5991.0,19
35,319,2019,5,1200.0,319,4185.0,20
36,319,2019,5,1200.0,319,6600.0,21
37,319,2019,5,1200.0,319,7121.0,22
38,319,2019,6,1200.0,319,2237.0,23
39,319,2019,6,1200.0,319,0.0,24
0,320,2018,8,800.0,320,0.0,34
1,320,2018,8,800.0,320,0.0,35
2,320,2018,9,800.0,320,0.0,36
3,320,2018,9,800.0,320,0.0,37
4,320,2018,9,800.0,320,0.0,38
5,320,2018,9,800.0,320,0.0,39
6,320,2018,10,800.0,320,300.0,40
7,320,2018,10,800.0,320,300.0,41
8,320,2018,10,800.0,320,300.0,42
9,320,2018,10,800.0,320,300.0,43
10,320,2018,10,800.0,320,300.0,44
11,320,2018,11,800.0,320,3000.0,45
12,320,2018,11,800.0,320,3000.0,46
13,320,2018,11,800.0,320,3000.0,47
14,320,2018,11,800.0,320,3000.0,48
15,320,2018,12,800.0,320,2500.0,49
16,320,2018,12,800.0,320,2500.0,50
17,320,2018,12,800.0,320,2500.0,51
18,320,2018,12,800.0,320,2500.0,52
19,320,2019,1,800.0,320,1600.0,1
20,320,2019,1,800.0,320,1600.0,2
21,320,2019,1,800.0,320,1600.0,3
22,320,2019,1,800.0,320,1600.0,4
23,320,2019,1,800.0,320,1600.0,5
24,320,2019,2,800.0,320,2250.0,6
25,320,2019,2,800.0,320,2250.0,7
26,320,2019,2,800.0,320,2250.0,8
27,320,2019,2,800.0,320,2250.0,9
28,320,2019,3,800.0,320,3000.0,10
29,320,2019,3,800.0,320,3000.0,11
30,320,2019,3,800.0,320,3000.0,12
31,320,2019,3,800.0,320,3000.0,13
32,320,2019,4,800.0,320,3500.0,14
33,320,2019,4,800.0,320,3500.0,15
34,320,2019,4,800.0,320,3500.0,16
35,320,2019,4,800.0,320,3500.0,17
36,320,2019,5,800.0,320,3500.0,18
37,320,2019,5,800.0,320,2000.0,19
38,320,2019,5,800.0,320,2000.0,20
39,320,2019,5,800.0,320,2000.0,21
40,320,2019,5,800.0,320,2000.0,22
41,320,2019,6,800.0,320,1750.0,23
42,320,2019,6,800.0,320,1750.0,24
43,320,2019,6,800.0,320,1750.0,25
44,320,2019,6,800.0,320,1750.0,26
0,324,2018,7,1280.0,324,0.0,29
1,324,2018,7,1280.0,324,0.0,30
2,324,2018,8,1280.0,324,0.0,31
3,324,2018,8,1280.0,324,0.0,32
4,324,2018,8,1280.0,324,0.0,33
5,324,2018,8,1280.0,324,0.0,34
6,324,2018,8,1280.0,324,0.0,35
7,324,2018,9,1280.0,324,0.0,36
8,324,2018,9,1280.0,324,0.0,37
9,324,2018,9,1280.0,324,0.0,38
10,324,2018,9,1280.0,324,0.0,39
11,324,2018,10,1280.0,324,0.0,40
12,324,2018,10,1280.0,324,0.0,41
13,324,2018,10,1280.0,324,0.0,42
14,324,2018,10,1280.0,324,0.0,43
15,324,2018,10,1280.0,324,0.0,44
16,324,2018,11,1280.0,324,0.0,45
17,324,2018,11,1280.0,324,0.0,46
18,324,2018,11,1280.0,324,0.0,47
19,324,2018,11,1280.0,324,2000.0,48
20,324,2018,12,1280.0,324,3000.0,49
21,324,2018,12,1280.0,324,2700.0,50
22,324,2018,12,1280.0,324,3100.0,51
23,324,2018,12,1280.0,324,0.0,52
24,324,2019,1,1280.0,324,6800.0,1
25,324,2019,1,1280.0,324,3100.0,2
26,324,2019,1,1280.0,324,3600.0,3
27,324,2019,1,1280.0,324,3800.0,4
28,324,2019,1,1280.0,324,3500.0,5
29,324,2019,2,1280.0,324,3400.0,6
30,324,2019,2,1280.0,324,3600.0,7
31,324,2019,2,1280.0,324,2900.0,8
32,324,2019,2,1280.0,324,3100.0,9
33,324,2019,3,1280.0,324,4100.0,10
34,324,2019,3,1280.0,324,4200.0,11
35,324,2019,3,1280.0,324,3100.0,12
36,324,2019,3,1280.0,324,0.0,13
37,324,2019,4,1280.0,324,7100.0,14
38,324,2019,4,1280.0,324,4100.0,15
39,324,2019,4,1280.0,324,3900.0,16
40,324,2019,4,1280.0,324,0.0,17
41,324,2019,5,1280.0,324,7000.0,18
42,324,2019,5,1280.0,324,4800.0,19
43,324,2019,5,1280.0,324,2600.0,20
44,324,2019,5,1280.0,324,3100.0,21
45,324,2019,5,1280.0,324,2900.0,22
46,324,2019,6,1280.0,324,3100.0,23
47,324,2019,6,1280.0,324,3300.0,24
48,324,2019,6,1280.0,324,4100.0,25
49,324,2019,6,1280.0,324,2900.0,26
50,324,2019,7,1280.0,324,4300.0,27
51,324,2019,7,1280.0,324,3400.0,28
52,324,2019,7,1280.0,324,3300.0,29
53,324,2019,7,1280.0,324,3300.0,30
54,324,2019,7,1280.0,324,1900.0,31
55,324,2019,8,1280.0,324,1600.0,32
0,325,2018,8,1300.0,325,0.0,32
1,325,2018,8,1300.0,325,0.0,33
2,325,2018,8,1300.0,325,0.0,34
3,325,2018,8,1300.0,325,0.0,35
4,325,2018,9,1300.0,325,0.0,36
5,325,2018,9,1300.0,325,0.0,37
6,325,2018,9,1300.0,325,580.0,38
7,325,2018,9,1300.0,325,1395.0,39
8,325,2018,10,1300.0,325,1685.0,40
9,325,2018,10,1300.0,325,1720.0,41
10,325,2018,10,1300.0,325,1562.0,42
11,325,2018,10,1300.0,325,2710.0,43
12,325,2018,10,1300.0,325,5265.0,44
13,325,2018,11,1300.0,325,2265.0,45
14,325,2018,11,1300.0,325,1450.0,46
15,325,2018,11,1300.0,325,2080.0,47
16,325,2018,11,1300.0,325,3440.0,48
17,325,2018,12,1300.0,325,2650.0,49
18,325,2018,12,1300.0,325,2325.0,50
19,325,2018,12,1300.0,325,3495.0,51
20,325,2018,12,1300.0,325,4080.0,52
21,325,2019,1,1300.0,325,3615.0,1
22,325,2019,1,1300.0,325,2036.0,2
23,325,2019,1,1300.0,325,1730.0,3
24,325,2019,1,1300.0,325,1675.0,4
25,325,2019,1,1300.0,325,2370.0,5
26,325,2019,2,1300.0,325,2575.0,6
27,325,2019,2,1300.0,325,1695.0,7
28,325,2019,2,1300.0,325,1515.0,8
29,325,2019,2,1300.0,325,1310.0,9
30,325,2019,3,1300.0,325,2800.0,10
31,325,2019,3,1300.0,325,2885.0,11
32,325,2019,3,1300.0,325,2810.0,12
33,325,2019,3,1300.0,325,2735.0,13
34,325,2019,4,1300.0,325,3340.0,14
35,325,2019,4,1300.0,325,2870.0,15
36,325,2019,4,1300.0,325,3155.0,16
37,325,2019,4,1300.0,325,3876.0,17
38,325,2019,5,1300.0,325,3494.0,18
39,325,2019,5,1300.0,325,5785.0,19
40,325,2019,5,1300.0,325,5025.0,20
41,325,2019,5,1300.0,325,4920.0,21
42,325,2019,5,1300.0,325,2040.0,22
0,326,2018,8,2700.0,326,0.0,33
1,326,2018,8,2700.0,326,0.0,34
2,326,2018,8,2700.0,326,0.0,35
3,326,2018,9,2700.0,326,0.0,36
4,326,2018,9,2700.0,326,0.0,37
5,326,2018,9,2700.0,326,0.0,38
6,326,2018,9,2700.0,326,0.0,39
7,326,2018,10,2700.0,326,0.0,40
8,326,2018,10,2700.0,326,0.0,41
9,326,2018,10,2700.0,326,340.0,42
10,326,2018,10,2700.0,326,3290.0,43
11,326,2018,10,2700.0,326,7218.0,44
12,326,2018,11,2700.0,326,10143.0,45
13,326,2018,11,2700.0,326,7359.0,46
14,326,2018,11,2700.0,326,12159.0,47
15,326,2018,11,2700.0,326,12632.0,48
16,326,2018,12,2700.0,326,8635.0,49
17,326,2018,12,2700.0,326,4543.0,50
18,326,2018,12,2700.0,326,7573.0,51
19,326,2018,12,2700.0,326,7078.0,52
20,326,2019,1,2700.0,326,6299.0,1
21,326,2019,1,2700.0,326,5749.0,2
22,326,2019,1,2700.0,326,5312.0,3
23,326,2019,1,2700.0,326,6660.0,4
24,326,2019,1,2700.0,326,5444.0,5
25,326,2019,2,2700.0,326,5888.0,6
26,326,2019,2,2700.0,326,4980.0,7
27,326,2019,2,2700.0,326,4498.0,8
28,326,2019,2,2700.0,326,3568.0,9
29,326,2019,3,2700.0,326,4364.0,10
30,326,2019,3,2700.0,326,6192.0,11
31,326,2019,3,2700.0,326,6782.0,12
32,326,2019,3,2700.0,326,6520.0,13
33,326,2019,4,2700.0,326,7090.0,14
34,326,2019,4,2700.0,326,7299.0,15
35,326,2019,4,2700.0,326,9863.0,16
36,326,2019,4,2700.0,326,10204.0,17
37,326,2019,5,2700.0,326,12864.0,18
38,326,2019,5,2700.0,326,10105.0,19
39,326,2019,5,2700.0,326,9867.0,20
40,326,2019,5,2700.0,326,12457.0,21
41,326,2019,5,2700.0,326,9880.0,22
42,326,2019,6,2700.0,326,12188.0,23
43,326,2019,6,2700.0,326,8335.0,24
44,326,2019,6,2700.0,326,7044.0,25
45,326,2019,6,2700.0,326,13903.0,26
46,326,2019,7,2700.0,326,9205.0,27
47,326,2019,7,2700.0,326,9762.0,28
48,326,2019,7,2700.0,326,6212.0,29
0,327,2018,10,1800.0,327,0.0,40
1,327,2018,10,1800.0,327,0.0,41
2,327,2018,10,1800.0,327,0.0,42
3,327,2018,10,1800.0,327,0.0,43
4,327,2018,10,1800.0,327,0.0,44
5,327,2018,11,1800.0,327,0.0,45
6,327,2018,11,1800.0,327,0.0,46
7,327,2018,11,1800.0,327,0.0,47
8,327,2018,11,1800.0,327,53.9077311986518,48
9,327,2018,12,1800.0,327,740.692226669475,49
10,327,2018,12,1800.0,327,2231.78007162418,50
11,327,2018,12,1800.0,327,2064.66610490836,51
12,327,2018,12,1800.0,327,6350.33073520118,52
13,327,2019,1,1800.0,327,6090.0,1
14,327,2019,1,1800.0,327,2600.50895302296,2
15,327,2019,1,1800.0,327,3696.99220560354,3
16,327,2019,1,1800.0,327,2650.10406572572,4
17,327,2019,1,1800.0,327,3554.6757952391,5
18,327,2019,2,1800.0,327,493.79481777965,6
19,327,2019,2,1800.0,327,4250.08552770171,7
20,327,2019,2,1800.0,327,1452.27427849168,8
21,327,2019,2,1800.0,327,1532.05772066568,9
22,327,2019,3,1800.0,327,3464.11080682536,10
23,327,2019,3,1800.0,327,4516.38971982305,11
24,327,2019,3,1800.0,327,1271.14430166421,12
25,327,2018,9,1800.0,327,0.0,37
26,327,2018,9,1800.0,327,0.0,38
27,327,2018,9,1800.0,327,0.0,39
28,327,2019,3,1800.0,327,1566.55866863282,13
29,327,2019,4,1800.0,327,5165.43880345481,14
30,327,2019,4,1800.0,327,4922.85401306088,15
31,327,2019,4,1800.0,327,7320.66989677691,16
32,327,2019,4,1800.0,327,7903.95154834632,17
33,327,2019,5,1800.0,327,7024.17737518433,18
34,327,2019,5,1800.0,327,3414.5156941226,19
35,327,2019,5,1800.0,327,4640.37750157995,20
36,327,2019,5,1800.0,327,7428.48535917422,21
37,327,2019,5,1800.0,327,2626.38466399831,22
38,327,2019,6,1800.0,327,7583.73962502633,23
39,327,2019,6,1800.0,327,2139.0587739625,24
40,327,2019,6,1800.0,327,1658.20181167053,25
41,327,2019,6,1800.0,327,3279.74636612597,26
42,327,2019,7,1800.0,327,3299.15314935749,27
43,327,2019,7,1800.0,327,3348.74826206025,28
44,327,2019,7,1800.0,327,6063.54160522435,29
45,327,2019,7,1800.0,327,2312.64166842216,30
46,327,2019,7,1800.0,327,4355.74468085106,31
0,332,2018,11,800.0,332,0.0,48
1,332,2018,12,800.0,332,0.0,49
2,332,2018,12,800.0,332,0.0,50
3,332,2018,12,800.0,332,0.0,51
4,332,2018,12,800.0,332,0.0,52
5,332,2019,1,800.0,332,2592.0,1
6,332,2019,1,800.0,332,0.0,2
7,332,2019,1,800.0,332,7488.0,3
8,332,2019,1,800.0,332,864.0,4
9,332,2019,1,800.0,332,2304.0,5
10,332,2019,2,800.0,332,0.0,6
11,332,2019,2,800.0,332,4896.0,7
12,332,2019,2,800.0,332,2016.0,8
13,332,2019,2,800.0,332,1440.0,9
14,332,2019,3,800.0,332,0.0,10
15,332,2019,3,800.0,332,1152.0,11
16,332,2019,3,800.0,332,0.0,12
17,332,2019,3,800.0,332,864.0,13
18,332,2019,4,800.0,332,0.0,14
19,332,2019,4,800.0,332,11808.0,15
20,332,2019,4,800.0,332,0.0,16
21,332,2019,4,800.0,332,0.0,17
22,332,2019,5,800.0,332,0.0,18
23,332,2018,9,800.0,332,0.0,36
24,332,2018,9,800.0,332,0.0,37
25,332,2018,9,800.0,332,0.0,38
26,332,2018,9,800.0,332,0.0,39
27,332,2018,10,800.0,332,0.0,40
28,332,2018,10,800.0,332,0.0,41
29,332,2018,10,800.0,332,0.0,42
30,332,2018,10,800.0,332,0.0,43
31,332,2018,10,800.0,332,0.0,44
32,332,2018,11,800.0,332,0.0,45
33,332,2018,11,800.0,332,0.0,46
34,332,2018,11,800.0,332,0.0,47
0,339,2019,5,1700.0,339,2152.0,21
1,339,2019,5,1700.0,339,1291.0,22
2,339,2019,6,1700.0,339,1872.0,23
3,339,2019,6,1700.0,339,1440.0,24
4,339,2019,6,1700.0,339,1038.0,25
5,339,2019,6,1700.0,339,0.0,26
6,339,2019,7,1700.0,339,0.0,27
7,339,2019,7,1700.0,339,0.0,28
8,339,2018,10,1700.0,339,0.0,42
9,339,2018,10,1700.0,339,0.0,43
10,339,2018,10,1700.0,339,0.0,44
11,339,2018,11,1700.0,339,1365.0,45
12,339,2018,11,1700.0,339,4820.0,46
13,339,2018,11,1700.0,339,5200.0,47
14,339,2018,11,1700.0,339,5722.0,48
15,339,2018,12,1700.0,339,4569.0,49
16,339,2018,12,1700.0,339,4053.0,50
17,339,2018,12,1700.0,339,3847.0,51
18,339,2018,12,1700.0,339,3929.0,52
19,339,2019,1,1700.0,339,2560.0,1
20,339,2019,1,1700.0,339,3080.0,2
21,339,2019,1,1700.0,339,2406.0,3
22,339,2019,1,1700.0,339,3543.0,4
23,339,2019,1,1700.0,339,3021.0,5
24,339,2019,2,1700.0,339,3046.0,6
25,339,2019,2,1700.0,339,3467.0,7
26,339,2019,2,1700.0,339,1616.0,8
27,339,2019,2,1700.0,339,2390.0,9
28,339,2019,3,1700.0,339,3012.0,10
29,339,2019,3,1700.0,339,3813.0,11
30,339,2019,3,1700.0,339,1674.0,12
31,339,2019,3,1700.0,339,2510.0,13
32,339,2019,4,1700.0,339,2308.0,14
33,339,2019,4,1700.0,339,2122.0,15
34,339,2019,4,1700.0,339,2560.0,16
35,339,2019,4,1700.0,339,4959.0,17
36,339,2019,5,1700.0,339,1696.0,18
37,339,2019,5,1700.0,339,3000.0,19
38,339,2019,5,1700.0,339,2919.0,20
39,339,2018,8,1700.0,339,0.0,34
40,339,2018,8,1700.0,339,0.0,35
41,339,2018,9,1700.0,339,0.0,36
42,339,2018,9,1700.0,339,0.0,37
43,339,2018,9,1700.0,339,0.0,38
44,339,2018,9,1700.0,339,0.0,39
45,339,2018,10,1700.0,339,0.0,40
46,339,2018,10,1700.0,339,0.0,41
0,344,2019,2,1300.0,344,618.4954918,7
1,344,2019,2,1300.0,344,2656.3697116,8
2,344,2019,2,1300.0,344,2234.5526374,9
3,344,2019,3,1300.0,344,3019.207482,10
4,344,2019,3,1300.0,344,2755.19335,11
5,344,2019,3,1300.0,344,2981.664188,12
6,344,2019,3,1300.0,344,3704.675366,13
7,344,2019,4,1300.0,344,3932.357278,14
8,344,2019,4,1300.0,344,4505.19528,15
9,344,2019,4,1300.0,344,5243.95042,16
10,344,2019,4,1300.0,344,4086.163676,17
11,344,2019,5,1300.0,344,4120.073748,18
12,344,2019,5,1300.0,344,3657.44348,19
13,344,2019,5,1300.0,344,4269.03585,20
14,344,2019,5,1300.0,344,4060.731122,21
15,344,2019,5,1300.0,344,2677.684614,22
16,344,2019,6,1300.0,344,3640.488444,23
17,344,2019,6,1300.0,344,2692.217502,24
18,344,2019,6,1300.0,344,2506.92318,25
19,344,2019,6,1300.0,344,1390.312952,26
20,344,2019,7,1300.0,344,528.028264,27
21,344,2018,9,1300.0,344,0.0,36
22,344,2018,9,1300.0,344,0.0,37
23,344,2018,9,1300.0,344,0.0,38
24,344,2018,9,1300.0,344,0.0,39
25,344,2018,10,1300.0,344,0.0,40
26,344,2018,10,1300.0,344,0.0,41
27,344,2018,10,1300.0,344,611.59237,42
28,344,2018,10,1300.0,344,0.0,43
29,344,2018,10,1300.0,344,932.52698,44
30,344,2018,11,1300.0,344,302.7685,45
31,344,2018,11,1300.0,344,302.7685,46
32,344,2018,11,1300.0,344,0.0,47
33,344,2018,11,1300.0,344,0.0,48
34,344,2018,12,1300.0,344,2309.518118,49
35,344,2018,12,1300.0,344,1740.313338,50
36,344,2018,12,1300.0,344,2609.86447,51
37,344,2018,12,1300.0,344,1415.745506,52
38,344,2019,1,1300.0,344,1118.5479464,1
39,344,2019,1,1300.0,344,811.9040096,2
40,344,2019,1,1300.0,344,411.6440526,3
41,344,2019,1,1300.0,344,1326.2471374,4
42,344,2019,1,1300.0,344,1629.1367448,5
43,344,2019,2,1300.0,344,959.170608,6
0,345,2019,5,1800.0,345,6008.0,20
1,345,2019,5,1800.0,345,4775.0,21
2,345,2019,5,1800.0,345,4413.0,22
3,345,2019,6,1800.0,345,1984.0,23
4,345,2019,6,1800.0,345,827.0,24
5,345,2019,6,1800.0,345,820.0,25
6,345,2019,6,1800.0,345,2890.0,26
7,345,2019,7,1800.0,345,2300.0,27
8,345,2019,7,1800.0,345,2535.0,28
9,345,2019,7,1800.0,345,960.0,29
10,345,2019,7,1800.0,345,2090.0,30
11,345,2019,7,1800.0,345,1665.0,31
12,345,2018,10,1800.0,345,0.0,43
13,345,2018,10,1800.0,345,0.0,44
14,345,2018,11,1800.0,345,0.0,45
15,345,2018,11,1800.0,345,55.0,46
16,345,2018,11,1800.0,345,5727.0,47
17,345,2018,11,1800.0,345,3029.0,48
18,345,2018,12,1800.0,345,8453.0,49
19,345,2018,12,1800.0,345,6725.0,50
20,345,2018,12,1800.0,345,3983.0,51
21,345,2018,12,1800.0,345,5064.0,52
22,345,2019,1,1800.0,345,2735.0,1
23,345,2019,1,1800.0,345,2718.0,2
24,345,2019,1,1800.0,345,2830.0,3
25,345,2019,1,1800.0,345,1789.0,4
26,345,2019,1,1800.0,345,2571.0,5
27,345,2019,2,1800.0,345,2610.0,6
28,345,2019,2,1800.0,345,2313.0,7
29,345,2019,2,1800.0,345,2912.0,8
30,345,2019,2,1800.0,345,3102.0,9
31,345,2019,3,1800.0,345,4245.0,10
32,345,2019,3,1800.0,345,3807.0,11
33,345,2019,3,1800.0,345,3358.0,12
34,345,2019,3,1800.0,345,5047.0,13
35,345,2019,4,1800.0,345,3944.0,14
36,345,2019,4,1800.0,345,4976.0,15
37,345,2019,4,1800.0,345,4058.0,16
38,345,2019,4,1800.0,345,3584.0,17
39,345,2019,5,1800.0,345,5432.0,18
40,345,2019,5,1800.0,345,3827.0,19
41,345,2018,8,1800.0,345,0.0,35
42,345,2018,9,1800.0,345,0.0,36
43,345,2018,9,1800.0,345,0.0,37
44,345,2018,9,1800.0,345,0.0,38
45,345,2018,9,1800.0,345,0.0,39
46,345,2018,10,1800.0,345,0.0,40
47,345,2018,10,1800.0,345,0.0,41
48,345,2018,10,1800.0,345,0.0,42
0,349,2018,10,2800.0,349,0.0,43
1,349,2018,10,2800.0,349,0.0,44
2,349,2018,11,2800.0,349,0.0,45
3,349,2018,11,2800.0,349,0.0,46
4,349,2018,11,2800.0,349,0.0,47
5,349,2018,11,2800.0,349,0.0,48
6,349,2018,12,2800.0,349,0.0,49
7,349,2018,12,2800.0,349,0.0,50
8,349,2018,12,2800.0,349,0.0,51
9,349,2018,12,2800.0,349,0.0,52
10,349,2019,1,2800.0,349,0.0,1
11,349,2019,1,2800.0,349,0.0,2
12,349,2019,1,2800.0,349,0.0,3
13,349,2019,1,2800.0,349,0.0,4
14,349,2019,1,2800.0,349,0.0,5
15,349,2019,2,2800.0,349,0.0,6
16,349,2019,2,2800.0,349,2586.0,7
17,349,2019,2,2800.0,349,9441.0,8
18,349,2019,2,2800.0,349,10502.0,9
19,349,2019,3,2800.0,349,8353.0,10
20,349,2019,3,2800.0,349,13250.0,11
21,349,2019,3,2800.0,349,11851.0,12
22,349,2019,3,2800.0,349,11607.0,13
23,349,2019,4,2800.0,349,16261.0,14
24,349,2019,4,2800.0,349,13158.0,15
25,349,2019,4,2800.0,349,11347.0,16
26,349,2019,4,2800.0,349,11337.0,17
27,349,2019,5,2800.0,349,16677.0,18
28,349,2019,5,2800.0,349,11127.0,19
29,349,2019,5,2800.0,349,9710.0,20
30,349,2019,5,2800.0,349,20074.0,21
31,349,2019,5,2800.0,349,14579.0,22
32,349,2019,6,2800.0,349,5566.0,23
33,349,2019,6,2800.0,349,10546.0,24
34,349,2019,6,2800.0,349,2507.0,25
35,349,2019,6,2800.0,349,0.0,26
