,index,growLength,flowerTop,stemDiameter,leavesLength,leavesWidth,leavesNum,flowerPosition,fruitsPosition,fruitsNum,measDate,userId
0,2,35.7,21.5,10.18,39.2,28.6,17.0,11.7,1.7,5.0,2017-03-26 00:00:00,PF_0000227
1,3,26.4,1.9,5.25,39.2,28.4,15.0,27.7,21.3,64.0,2017-04-02 00:00:00,PF_0000227
2,4,14.0,10.5,6.66,42.0,28.0,20.0,2.8,8.0,93.0,2017-04-23 00:00:00,PF_0000227
3,5,8.0,9.0,8.8,41.0,24.0,18.0,2.4,8.0,87.0,2017-05-07 00:00:00,PF_0000227
4,6,0.1,11.0,2.98,29.0,22.0,18.0,0.6,7.0,103.0,2017-05-14 00:00:00,PF_0000227
5,7,0.0,13.0,5.66,32.0,24.0,22.0,0.4,8.0,87.0,2017-05-21 00:00:00,PF_0000227
6,8,20.0,3.0,7.05,37.0,24.0,21.0,0.0,5.0,49.0,2017-05-28 00:00:00,PF_0000227
7,9,1.0,1.0,6.77,40.0,30.0,18.0,0.0,5.0,59.0,2017-05-28 00:00:00,PF_0000227
8,10,7.0,6.0,3.66,35.0,25.0,23.0,0.0,5.0,49.0,2017-06-04 00:00:00,PF_0000227
9,11,32.4,13.1,6.7,36.2,29.8,13.0,6.2,2.0,6.0,2017-03-26 00:00:00,PF_0000227
10,12,22.7,32.0,9.28,36.0,25.0,15.0,0.8,5.0,74.0,2017-04-09 00:00:00,PF_0000227
11,13,20.0,18.0,8.64,35.6,23.0,20.0,1.7,4.8,92.0,2017-04-09 00:00:00,PF_0000227
12,14,21.0,12.0,7.97,37.0,22.0,19.0,1.4,6.0,94.0,2017-04-09 00:00:00,PF_0000227
13,15,26.0,13.0,7.16,32.0,22.0,22.0,9.0,7.0,85.0,2017-04-16 00:00:00,PF_0000227
14,16,1.0,2.5,4.42,39.0,24.0,21.0,2.0,8.0,83.0,2017-04-30 00:00:00,PF_0000227
15,17,2.0,1.0,5.15,41.0,31.0,16.0,0.4,8.0,101.0,2017-05-14 00:00:00,PF_0000227
16,18,0.0,1.0,5.87,30.0,21.0,21.0,0.2,7.0,68.0,2017-05-21 00:00:00,PF_0000227
17,19,15.0,26.0,3.51,39.0,31.0,21.0,0.0,4.0,42.0,2017-06-04 00:00:00,PF_0000227
18,20,26.3,3.6,6.92,35.6,28.3,16.0,31.0,22.0,66.0,2017-04-02 00:00:00,PF_0000227
19,21,22.1,6.3,6.32,38.4,28.9,16.0,41.0,30.0,90.0,2017-04-02 00:00:00,PF_0000227
20,22,24.0,14.0,7.5,27.0,20.0,21.0,7.8,5.8,103.0,2017-04-16 00:00:00,PF_0000227
21,23,4.0,8.0,5.87,34.0,22.0,19.0,1.0,9.0,97.0,2017-04-30 00:00:00,PF_0000227
22,24,1.0,3.0,7.36,31.0,19.0,19.0,1.0,7.0,94.0,2017-05-07 00:00:00,PF_0000227
23,25,21.1,3.6,6.53,40.6,31.1,17.0,30.7,23.7,71.0,2017-04-02 00:00:00,PF_0000227
24,26,20.0,26.0,9.01,41.0,30.0,19.0,7.6,6.4,59.0,2017-04-16 00:00:00,PF_0000227
25,27,12.6,5.0,5.5,36.7,24.0,17.0,2.0,9.0,86.0,2017-04-23 00:00:00,PF_0000227
26,28,10.0,13.0,7.41,33.0,18.0,20.0,1.0,8.0,106.0,2017-05-07 00:00:00,PF_0000227
27,29,0.0,14.0,5.65,34.0,25.0,19.0,0.0,6.0,52.0,2017-05-28 00:00:00,PF_0000227
28,30,0.0,0.0,7.09,38.0,29.0,16.0,0.0,4.0,27.0,2017-06-11 00:00:00,PF_0000227
29,31,21.0,22.5,8.68,38.5,25.0,17.0,9.0,8.0,82.0,2017-04-16 00:00:00,PF_0000227
30,32,20.6,1.5,3.64,31.0,19.0,19.0,2.4,10.0,126.0,2017-04-23 00:00:00,PF_0000227
31,33,4.0,22.0,3.9,37.0,26.0,16.0,0.0,7.0,76.0,2017-05-14 00:00:00,PF_0000227
32,34,0.1,3.0,5.09,33.0,21.0,19.0,0.2,8.0,97.0,2017-05-14 00:00:00,PF_0000227
33,35,3.0,25.2,7.49,34.0,23.0,17.0,0.0,6.0,72.0,2017-05-21 00:00:00,PF_0000227
34,36,6.0,30.0,4.55,32.0,22.0,24.0,0.0,4.0,26.0,2017-06-11 00:00:00,PF_0000227
35,37,31.1,23.2,11.61,37.3,25.1,12.0,12.7,1.7,5.0,2017-03-26 00:00:00,PF_0000227
36,38,0.0,2.0,7.72,31.0,21.0,22.0,0.0,5.0,41.0,2017-05-28 00:00:00,PF_0000227
37,39,8.0,8.0,3.46,32.0,23.0,23.0,0.0,4.0,23.0,2017-06-04 00:00:00,PF_0000227
38,40,25.0,0.0,4.45,41.0,30.0,25.0,0.0,4.0,41.0,2017-06-11 00:00:00,PF_0000227
39,41,229.0,8.2,7.65,34.9,19.5,21.0,12.7,1.7,5.0,2017-03-19 00:00:00,PF_0000227
40,42,239.0,15.1,9.91,36.3,33.5,21.0,14.3,1.3,4.0,2017-03-19 00:00:00,PF_0000227
41,43,34.3,16.2,8.41,34.6,21.4,11.0,8.7,1.3,4.0,2017-03-26 00:00:00,PF_0000227
42,44,25.3,6.7,7.5,32.6,16.0,16.0,1.5,6.8,69.0,2017-04-09 00:00:00,PF_0000227
43,45,8.0,1.0,4.89,43.0,31.0,17.0,2.0,7.0,69.0,2017-04-30 00:00:00,PF_0000227
44,46,0.0,1.0,6.97,39.0,32.0,16.0,0.4,7.0,81.0,2017-05-21 00:00:00,PF_0000227
45,47,23.0,20.0,5.66,32.0,19.0,22.0,1.0,5.0,30.0,2017-06-04 00:00:00,PF_0000227
46,48,17.0,2.0,3.26,35.0,22.0,21.0,2.2,10.0,112.0,2017-04-23 00:00:00,PF_0000227
47,49,13.0,14.0,4.31,35.0,23.0,18.0,2.0,9.0,112.0,2017-04-30 00:00:00,PF_0000227
48,50,3.0,11.0,7.37,37.0,25.0,18.0,1.0,8.0,92.0,2017-05-07 00:00:00,PF_0000227
49,51,7.0,14.0,5.71,33.0,23.0,23.0,0.0,6.0,39.0,2017-06-11 00:00:00,PF_0000227
50,2,13.5,29.0,11.75,49.0,48.0,6.0,5.76,3.63,5.0,2020-01-06 00:00:00,PF_0010019
51,3,27.0,26.0,11.62,44.0,28.0,7.0,22.9,20.34,35.0,2020-02-03 00:00:00,PF_0010019
52,4,20.0,13.0,9.0,38.0,29.0,10.0,23.42,21.14,41.0,2020-02-03 00:00:00,PF_0010019
53,5,22.0,12.0,6.83,37.0,21.0,17.0,16.13,71.18,157.0,2020-03-16 00:00:00,PF_0010019
54,6,22.0,8.5,5.99,33.0,19.0,20.0,23.27,84.1,182.0,2020-03-23 00:00:00,PF_0010019
55,7,29.5,19.0,7.63,33.0,20.0,17.0,11.05,73.91,139.0,2020-05-04 00:00:00,PF_0010019
56,8,25.5,28.0,8.29,38.0,28.0,18.0,11.42,62.58,116.0,2020-05-11 00:00:00,PF_0010019
57,9,14.0,8.0,6.96,35.0,22.0,20.0,5.55,34.43,119.0,2020-05-18 00:00:00,PF_0010019
58,10,0.0,3.0,2.75,12.5,8.0,8.0,0.1,0.0,0.0,2019-12-09 00:00:00,PF_0010019
59,11,13.0,5.0,4.71,27.0,18.0,8.0,1.09,0.0,0.0,2019-12-16 00:00:00,PF_0010019
60,12,13.5,11.0,5.0,28.5,17.5,8.0,1.33,1.5,0.0,2019-12-16 00:00:00,PF_0010019
61,13,20.5,40.5,13.11,51.0,41.0,8.0,10.54,11.21,20.0,2020-01-20 00:00:00,PF_0010019
62,14,23.5,18.0,10.27,37.0,22.0,10.0,15.97,29.22,74.0,2020-02-10 00:00:00,PF_0010019
63,15,22.0,11.0,8.0,25.0,18.0,11.0,10.23,21.63,43.0,2020-02-10 00:00:00,PF_0010019
64,16,16.0,33.5,12.43,50.0,42.0,11.0,10.89,41.05,78.0,2020-02-24 00:00:00,PF_0010019
65,17,26.5,11.5,7.03,32.0,20.0,21.0,16.24,84.29,133.0,2020-03-23 00:00:00,PF_0010019
66,18,20.0,14.0,8.94,43.0,25.0,13.0,16.92,73.73,115.0,2020-03-30 00:00:00,PF_0010019
67,19,21.0,6.0,4.67,20.5,13.0,19.0,16.57,84.3,136.0,2020-04-27 00:00:00,PF_0010019
68,20,22.0,55.0,4.39,16.0,13.0,20.0,16.28,84.39,119.0,2020-04-27 00:00:00,PF_0010019
69,21,29.5,14.5,6.99,30.0,17.0,20.0,11.04,74.09,132.0,2020-05-11 00:00:00,PF_0010019
70,22,14.5,39.5,7.42,36.0,29.0,8.0,2.62,2.75,6.0,2019-12-30 00:00:00,PF_0010019
71,23,25.0,31.0,13.41,51.0,44.0,9.0,16.38,16.7,28.0,2020-01-28 00:00:00,PF_0010019
72,24,14.0,30.5,10.66,46.0,38.0,11.0,10.83,40.62,101.0,2020-02-24 00:00:00,PF_0010019
73,25,27.0,20.0,10.18,43.0,23.5,15.0,16.48,59.21,103.0,2020-03-09 00:00:00,PF_0010019
74,26,24.0,22.0,9.77,42.0,28.0,17.0,18.93,62.11,118.0,2020-03-23 00:00:00,PF_0010019
75,27,20.5,20.5,9.43,40.0,25.0,17.0,23.87,61.5,130.0,2020-04-13 00:00:00,PF_0010019
76,28,23.5,9.5,5.59,39.5,17.0,16.0,10.53,71.63,145.0,2020-04-20 00:00:00,PF_0010019
77,29,25.5,20.0,7.87,34.0,20.5,19.0,11.07,74.23,112.0,2020-05-11 00:00:00,PF_0010019
78,30,8.5,21.0,8.87,41.0,34.0,20.0,2.74,44.71,119.0,2020-05-18 00:00:00,PF_0010019
79,31,2.5,20.0,8.85,39.0,37.0,21.0,3.8,44.79,110.0,2020-05-18 00:00:00,PF_0010019
80,32,0.0,13.5,7.38,42.0,39.0,14.0,1.0,44.85,103.0,2020-05-25 00:00:00,PF_0010019
81,33,15.0,15.0,7.8,39.5,31.0,8.0,1.25,1.67,2.0,2019-12-23 00:00:00,PF_0010019
82,34,16.0,25.5,6.83,35.0,27.0,8.0,2.42,2.8,4.0,2019-12-23 00:00:00,PF_0010019
83,35,16.5,30.0,11.74,47.0,44.0,5.0,5.88,3.88,7.0,2020-01-06 00:00:00,PF_0010019
84,36,16.0,24.5,9.47,45.5,43.0,5.0,6.17,6.08,10.0,2020-01-06 00:00:00,PF_0010019
85,37,22.5,21.0,11.44,51.0,48.0,8.0,10.48,8.53,14.0,2020-01-14 00:00:00,PF_0010019
86,38,25.5,36.0,14.47,56.0,58.0,9.0,16.17,14.65,32.0,2020-01-28 00:00:00,PF_0010019
87,39,23.0,28.0,10.26,46.0,41.0,8.0,10.64,16.93,30.0,2020-01-28 00:00:00,PF_0010019
88,40,28.0,22.0,11.23,52.0,32.0,8.0,23.09,20.91,34.0,2020-02-03 00:00:00,PF_0010019
89,41,18.5,27.5,10.73,53.0,58.0,8.0,14.08,29.19,58.0,2020-02-10 00:00:00,PF_0010019
90,42,33.5,11.0,6.93,33.0,21.5,14.0,16.04,38.32,67.0,2020-02-20 00:00:00,PF_0010019
91,43,32.5,18.0,8.64,42.0,26.0,17.0,17.35,59.28,146.0,2020-03-09 00:00:00,PF_0010019
92,44,18.5,27.0,9.61,44.0,36.0,13.0,19.12,51.3,112.0,2020-03-16 00:00:00,PF_0010019
93,45,26.0,19.0,9.25,39.0,24.0,16.0,17.04,71.23,139.0,2020-04-20 00:00:00,PF_0010019
94,46,21.0,15.5,8.35,35.0,21.0,20.0,16.92,71.62,140.0,2020-04-27 00:00:00,PF_0010019
95,47,26.0,10.5,7.78,33.0,20.5,18.0,17.33,70.04,124.0,2020-05-04 00:00:00,PF_0010019
96,48,0.0,16.0,9.17,43.0,35.0,13.0,1.0,35.93,108.0,2020-05-25 00:00:00,PF_0010019
97,49,0.0,16.0,6.47,39.0,33.0,14.0,0.92,27.75,114.0,2020-05-25 00:00:00,PF_0010019
98,50,16.0,22.5,7.04,34.0,26.0,9.0,2.22,2.5,1.0,2019-12-23 00:00:00,PF_0010019
99,51,13.5,36.0,8.21,40.0,37.0,9.0,2.33,2.5,2.0,2019-12-30 00:00:00,PF_0010019
100,52,15.5,21.0,11.27,47.0,42.0,6.0,5.86,3.82,9.0,2020-01-06 00:00:00,PF_0010019
101,53,18.0,22.5,13.36,52.0,49.0,9.0,10.38,8.53,14.0,2020-01-14 00:00:00,PF_0010019
102,54,26.0,24.0,11.02,48.0,36.0,8.0,16.88,14.6,34.0,2020-01-28 00:00:00,PF_0010019
103,55,26.0,16.0,8.89,42.0,25.0,7.0,16.27,21.22,38.0,2020-02-03 00:00:00,PF_0010019
104,56,11.0,20.5,10.21,46.0,39.0,9.0,10.63,40.71,85.0,2020-02-24 00:00:00,PF_0010019
105,57,24.0,16.0,9.37,42.0,25.0,14.0,16.52,48.29,87.0,2020-03-02 00:00:00,PF_0010019
106,58,31.0,13.5,8.5,43.0,24.0,15.0,23.53,59.33,118.0,2020-03-09 00:00:00,PF_0010019
107,59,21.0,8.0,5.49,23.0,14.5,15.0,22.88,84.14,126.0,2020-03-30 00:00:00,PF_0010019
108,60,17.0,15.5,8.48,34.0,28.0,10.0,11.08,75.04,145.0,2020-03-30 00:00:00,PF_0010019
109,61,21.5,24.0,9.53,42.0,29.0,14.0,16.99,73.99,164.0,2020-04-06 00:00:00,PF_0010019
110,62,24.5,16.0,7.88,37.0,26.0,12.0,11.02,61.92,141.0,2020-04-06 00:00:00,PF_0010019
111,63,22.0,11.0,6.72,30.0,16.0,15.0,10.84,61.97,124.0,2020-04-13 00:00:00,PF_0010019
112,64,24.0,14.5,7.98,35.0,20.5,19.0,18.98,71.61,150.0,2020-04-27 00:00:00,PF_0010019
113,65,27.5,4.0,3.57,14.0,11.0,20.0,16.53,59.46,116.0,2020-05-11 00:00:00,PF_0010019
114,66,0.0,2.3,2.61,14.2,9.0,8.0,0.0,0.0,0.0,2019-12-09 00:00:00,PF_0010019
115,67,16.0,31.0,8.44,40.0,34.0,8.0,2.4,2.67,4.0,2019-12-30 00:00:00,PF_0010019
116,68,21.5,13.0,9.63,41.0,26.0,11.0,16.32,29.47,62.0,2020-02-10 00:00:00,PF_0010019
117,69,35.5,17.0,8.24,40.0,27.0,12.0,10.33,38.48,109.0,2020-02-20 00:00:00,PF_0010019
118,70,12.5,20.0,10.23,47.0,34.0,11.0,10.6,38.42,72.0,2020-02-24 00:00:00,PF_0010019
119,71,27.0,13.5,8.11,42.0,23.0,17.0,23.34,71.34,124.0,2020-03-16 00:00:00,PF_0010019
120,72,23.5,24.0,9.95,40.0,34.0,14.0,16.91,61.78,131.0,2020-04-06 00:00:00,PF_0010019
121,73,23.5,9.5,5.59,29.5,17.0,16.0,10.53,71.63,145.0,2020-04-20 00:00:00,PF_0010019
122,74,27.5,8.0,4.48,23.0,14.0,18.0,17.7,71.33,122.0,2020-05-04 00:00:00,PF_0010019
123,75,30.0,6.0,4.87,16.0,12.0,18.0,16.48,71.49,111.0,2020-05-04 00:00:00,PF_0010019
124,76,14.5,40.0,7.55,44.5,40.0,9.0,2.55,2.67,4.0,2019-12-30 00:00:00,PF_0010019
125,77,18.0,39.0,14.12,57.0,59.0,9.0,10.69,11.28,22.0,2020-01-20 00:00:00,PF_0010019
126,78,32.5,12.0,7.89,37.0,24.0,13.0,16.21,37.73,64.0,2020-02-20 00:00:00,PF_0010019
127,79,19.0,28.5,11.71,45.0,31.0,13.0,10.4,48.53,86.0,2020-03-02 00:00:00,PF_0010019
128,80,20.0,8.5,6.18,28.0,15.0,15.0,16.51,71.37,133.0,2020-03-16 00:00:00,PF_0010019
129,81,20.0,20.0,9.54,40.0,27.0,16.0,24.12,73.74,154.0,2020-04-13 00:00:00,PF_0010019
130,82,0.0,2.5,2.7,10.7,8.0,7.0,0.0,0.0,0.0,2019-12-09 00:00:00,PF_0010019
131,83,0.0,2.0,2.09,10.4,8.3,8.0,0.0,0.0,0.0,2019-12-09 00:00:00,PF_0010019
132,84,16.5,10.0,5.23,29.5,19.0,9.0,1.11,0.0,0.0,2019-12-16 00:00:00,PF_0010019
133,85,19.5,13.5,9.59,48.0,32.0,8.0,10.43,8.35,14.0,2020-01-14 00:00:00,PF_0010019
134,86,21.0,17.0,10.26,48.5,37.0,8.0,10.73,8.49,16.0,2020-01-14 00:00:00,PF_0010019
135,87,18.0,30.0,11.86,52.0,46.0,8.0,10.97,12.22,23.0,2020-01-20 00:00:00,PF_0010019
136,88,19.0,34.5,10.95,51.0,49.0,8.0,6.0,11.28,23.0,2020-01-20 00:00:00,PF_0010019
137,89,33.5,17.5,9.1,42.0,26.0,12.0,10.43,38.51,72.0,2020-02-20 00:00:00,PF_0010019
138,90,26.5,23.5,9.65,43.0,34.5,14.0,16.49,48.14,123.0,2020-03-02 00:00:00,PF_0010019
139,91,22.0,21.5,10.42,45.0,34.0,11.0,16.67,48.08,100.0,2020-03-02 00:00:00,PF_0010019
140,92,31.5,12.0,9.37,34.0,21.0,17.0,23.33,59.21,102.0,2020-03-09 00:00:00,PF_0010019
141,93,30.5,30.5,9.71,43.0,31.0,16.0,14.31,72.11,132.0,2020-03-23 00:00:00,PF_0010019
142,94,19.0,27.0,9.64,42.0,33.0,13.0,20.94,98.18,189.0,2020-03-30 00:00:00,PF_0010019
143,95,22.5,12.0,7.6,33.0,17.5,14.0,24.01,73.72,109.0,2020-04-06 00:00:00,PF_0010019
144,96,20.0,9.0,6.91,25.5,16.0,16.0,10.89,59.62,124.0,2020-04-13 00:00:00,PF_0010019
145,97,22.0,18.0,9.19,37.0,25.0,17.0,18.03,71.58,156.0,2020-04-20 00:00:00,PF_0010019
146,98,17.0,7.0,5.8,30.5,18.0,20.0,5.54,44.47,137.0,2020-05-18 00:00:00,PF_0010019
147,99,0.0,21.0,8.91,41.0,43.0,12.0,1.0,35.93,92.0,2020-05-25 00:00:00,PF_0010019
148,2,8.0,40.0,9.55,40.0,29.0,7.0,3.25,2.38,35.0,2020-01-01 00:00:00,PF_0006025
149,3,98.0,28.0,9.55,44.0,33.0,9.0,5.09,4.73,35.0,2020-01-24 00:00:00,PF_0006025
150,4,11.0,15.0,7.7,33.0,25.0,7.16,6.08,4.55,48.0,2020-01-31 00:00:00,PF_0006025
151,5,23.0,18.0,9.38,42.0,39.0,10.0,8.1,6.33,48.0,2020-02-22 00:00:00,PF_0006025
152,6,15.0,17.0,6.66,30.0,21.0,7.0,8.36,7.67,69.0,2020-03-13 00:00:00,PF_0006025
153,7,7.0,0.0,8.12,29.0,23.0,10.0,10.56,9.64,45.0,2020-04-10 00:00:00,PF_0006025
154,8,0.0,0.0,9.88,36.0,33.0,11.0,13.35,12.85,85.0,2020-04-17 00:00:00,PF_0006025
155,9,0.0,0.0,9.89,36.0,32.0,9.0,13.15,13.0,124.0,2020-05-01 00:00:00,PF_0006025
156,10,0.0,0.0,9.94,39.0,35.0,9.0,12.13,12.0,78.0,2020-05-01 00:00:00,PF_0006025
157,11,31.0,8.0,8.26,26.0,18.0,9.0,11.75,11.0,41.0,2020-05-08 00:00:00,PF_0006025
158,12,0.0,0.0,12.35,41.0,36.0,9.0,0.0,12.0,16.0,2020-05-29 00:00:00,PF_0006025
159,13,89.0,13.0,8.4,43.0,31.0,7.0,0.3,0.6,6.0,2019-12-09 00:00:00,PF_0006025
160,14,21.0,23.0,10.7,42.0,38.0,7.0,3.07,1.41,19.0,2019-12-27 00:00:00,PF_0006025
161,15,10.0,16.0,10.9,45.0,32.0,7.0,3.08,2.24,21.0,2020-01-01 00:00:00,PF_0006025
162,16,16.0,10.0,11.7,47.0,43.0,8.0,3.33,2.4,36.0,2020-01-08 00:00:00,PF_0006025
163,17,18.0,21.0,8.9,39.0,32.0,10.0,7.13,6.62,67.0,2020-02-07 00:00:00,PF_0006025
164,18,13.0,7.0,8.97,35.0,30.0,8.21,5.17,4.31,44.0,2020-02-07 00:00:00,PF_0006025
165,19,17.0,22.0,9.52,43.0,37.0,8.0,7.15,5.5,51.0,2020-02-14 00:00:00,PF_0006025
166,20,13.0,12.0,9.56,40.0,34.0,8.0,11.0,9.19,78.0,2020-03-13 00:00:00,PF_0006025
167,21,20.0,7.0,8.71,34.0,27.0,11.0,12.85,10.42,65.0,2020-03-20 00:00:00,PF_0006025
168,22,19.0,15.0,9.72,36.0,30.0,0.0,12.43,11.29,45.0,2020-03-27 00:00:00,PF_0006025
169,23,9.0,2.0,7.85,35.0,29.0,10.0,10.5,9.22,47.0,2020-04-03 00:00:00,PF_0006025
170,24,0.0,0.0,9.55,41.0,32.0,8.0,12.29,11.85,80.0,2020-04-17 00:00:00,PF_0006025
171,25,2.0,0.0,9.66,36.0,32.0,8.0,13.23,13.0,78.0,2020-04-24 00:00:00,PF_0006025
172,26,0.0,0.0,11.58,43.0,40.0,9.0,0.0,18.0,76.0,2020-05-01 00:00:00,PF_0006025
173,27,0.0,0.0,9.42,35.0,30.0,11.0,0.0,14.0,55.0,2020-05-16 00:00:00,PF_0006025
174,28,0.0,0.0,9.44,40.0,36.0,7.0,0.0,13.0,44.0,2020-05-16 00:00:00,PF_0006025
175,29,0.0,0.0,9.58,41.0,31.0,9.0,0.0,12.0,18.0,2020-05-29 00:00:00,PF_0006025
176,30,18.0,32.0,7.9,50.0,38.0,5.0,1.29,0.5,7.0,2019-12-18 00:00:00,PF_0006025
177,31,19.0,16.0,10.29,39.0,31.0,8.0,3.07,2.22,34.0,2020-01-08 00:00:00,PF_0006025
178,32,13.0,13.0,8.49,31.0,30.0,9.0,6.15,5.07,47.0,2020-02-14 00:00:00,PF_0006025
179,33,18.0,19.0,9.35,44.0,43.0,10.0,8.18,6.16,50.0,2020-02-22 00:00:00,PF_0006025
180,34,14.0,8.0,5.79,27.0,20.0,10.0,7.25,5.59,51.0,2020-02-22 00:00:00,PF_0006025
181,35,13.0,12.0,7.77,38.0,32.0,8.0,10.11,9.23,53.0,2020-03-13 00:00:00,PF_0006025
182,36,19.0,8.0,9.16,36.0,27.0,11.0,11.15,9.54,93.0,2020-03-20 00:00:00,PF_0006025
183,37,3.0,0.0,11.42,43.0,38.0,8.0,12.1,11.86,72.0,2020-04-24 00:00:00,PF_0006025
184,38,28.0,9.0,9.55,35.0,31.0,11.0,14.67,14.0,78.0,2020-05-08 00:00:00,PF_0006025
185,39,0.0,0.0,10.83,39.0,28.0,10.0,0.0,11.79,32.0,2020-05-16 00:00:00,PF_0006025
186,40,0.0,0.0,9.24,37.0,30.0,10.0,0.0,13.0,37.0,2020-05-22 00:00:00,PF_0006025
187,41,29.0,27.0,8.78,41.0,32.0,5.0,1.33,0.5,10.0,2019-12-18 00:00:00,PF_0006025
188,42,17.0,29.0,12.15,43.0,31.0,7.0,2.36,1.33,10.0,2019-12-27 00:00:00,PF_0006025
189,43,8.0,56.0,10.6,45.0,47.0,7.0,2.31,1.6,25.0,2020-01-01 00:00:00,PF_0006025
190,44,19.0,10.0,8.12,42.0,40.0,9.0,8.13,5.38,52.0,2020-02-07 00:00:00,PF_0006025
191,45,18.0,9.0,8.32,45.0,39.0,9.0,6.21,5.33,77.0,2020-02-07 00:00:00,PF_0006025
192,46,19.0,20.0,9.64,42.0,37.0,7.0,7.1,5.18,64.0,2020-02-14 00:00:00,PF_0006025
193,47,21.0,12.0,9.85,39.0,39.0,13.0,8.17,7.25,63.0,2020-02-22 00:00:00,PF_0006025
194,48,14.0,14.0,10.44,33.0,29.0,12.0,9.14,7.25,63.0,2020-03-06 00:00:00,PF_0006025
195,49,16.0,12.0,7.28,32.0,30.0,8.0,9.23,8.08,45.0,2020-03-06 00:00:00,PF_0006025
196,50,19.0,1.0,10.36,37.0,29.0,9.0,10.27,9.15,64.0,2020-03-13 00:00:00,PF_0006025
197,51,20.0,9.0,12.8,39.0,30.0,10.0,11.3,9.4,81.0,2020-03-20 00:00:00,PF_0006025
198,52,17.0,15.0,10.94,38.0,31.0,12.0,12.44,10.33,48.0,2020-03-27 00:00:00,PF_0006025
199,53,0.0,0.0,8.95,32.0,27.0,10.0,10.11,9.9,52.0,2020-04-17 00:00:00,PF_0006025
200,54,0.0,0.0,11.93,45.0,44.0,10.0,0.0,13.0,48.0,2020-05-08 00:00:00,PF_0006025
201,55,0.0,0.0,8.32,31.0,22.0,9.0,0.0,10.78,21.0,2020-05-16 00:00:00,PF_0006025
202,56,21.0,21.0,11.25,45.0,35.0,10.0,4.05,3.19,47.0,2020-01-08 00:00:00,PF_0006025
203,57,13.0,13.0,9.07,41.0,35.0,6.0,3.33,2.69,38.0,2020-01-17 00:00:00,PF_0006025
204,58,9.0,32.0,7.97,43.0,35.0,8.22,5.25,3.14,46.0,2020-01-24 00:00:00,PF_0006025
205,59,11.0,12.0,8.45,39.0,33.0,7.0,6.07,4.33,68.0,2020-01-31 00:00:00,PF_0006025
206,60,18.0,14.0,9.21,41.0,40.0,11.0,7.24,5.38,59.0,2020-02-14 00:00:00,PF_0006025
207,61,17.0,7.0,10.28,33.0,33.0,12.0,10.33,8.09,30.0,2020-03-06 00:00:00,PF_0006025
208,62,16.0,16.0,6.44,28.0,24.0,9.0,8.1,6.45,32.0,2020-03-06 00:00:00,PF_0006025
209,63,15.0,17.0,7.65,33.0,28.0,12.0,9.75,8.7,67.0,2020-03-27 00:00:00,PF_0006025
210,64,3.0,0.0,0.11,41.0,36.0,9.0,12.25,12.0,75.0,2020-04-24 00:00:00,PF_0006025
211,65,0.0,0.0,8.39,37.0,30.0,10.0,0.0,11.0,25.0,2020-05-22 00:00:00,PF_0006025
212,66,0.0,0.0,9.83,34.0,24.0,7.0,0.0,14.0,12.0,2020-06-05 00:00:00,PF_0006025
213,67,78.0,10.0,8.6,37.0,2.0,6.0,0.27,0.45,5.0,2019-12-09 00:00:00,PF_0006025
214,68,9.0,31.0,9.16,43.0,38.0,9.0,4.17,4.18,39.0,2020-01-24 00:00:00,PF_0006025
215,69,12.0,9.0,9.01,40.0,27.0,7.0,5.33,3.25,65.0,2020-01-31 00:00:00,PF_0006025
216,70,9.0,13.0,8.72,35.0,28.0,8.0,5.17,3.33,32.0,2020-01-31 00:00:00,PF_0006025
217,71,11.0,3.0,9.73,39.0,29.0,14.0,12.46,11.33,59.0,2020-04-03 00:00:00,PF_0006025
218,72,9.0,0.0,9.49,30.0,28.0,12.0,13.35,12.43,84.0,2020-04-10 00:00:00,PF_0006025
219,73,10.0,0.0,10.26,40.0,32.0,9.0,12.46,11.67,55.0,2020-04-10 00:00:00,PF_0006025
220,74,0.0,0.0,11.54,45.0,36.0,11.0,12.16,11.67,51.0,2020-04-17 00:00:00,PF_0006025
221,75,0.0,0.0,10.55,36.0,34.0,8.0,0.0,12.0,29.0,2020-05-22 00:00:00,PF_0006025
222,76,0.0,0.0,9.79,38.0,32.0,11.0,0.0,14.0,34.0,2020-05-29 00:00:00,PF_0006025
223,77,12.0,14.0,10.64,41.0,29.0,8.0,5.09,4.0,48.0,2020-01-17 00:00:00,PF_0006025
224,78,10.0,7.0,9.45,45.0,37.0,6.0,4.27,3.13,32.0,2020-01-17 00:00:00,PF_0006025
225,79,6.0,20.0,8.76,37.0,28.0,9.0,5.08,3.46,47.0,2020-01-24 00:00:00,PF_0006025
226,80,12.0,9.0,9.32,40.0,37.0,10.0,9.19,8.23,48.0,2020-02-28 00:00:00,PF_0006025
227,81,12.0,2.0,10.54,38.0,36.0,11.0,12.67,11.5,55.0,2020-04-03 00:00:00,PF_0006025
228,82,0.0,0.0,8.38,37.0,31.0,10.0,0.0,11.0,45.0,2020-04-24 00:00:00,PF_0006025
229,83,0.0,0.0,9.81,39.0,34.0,8.0,0.0,13.0,51.0,2020-05-08 00:00:00,PF_0006025
230,84,0.0,0.0,9.91,37.0,25.0,14.0,0.0,14.0,51.0,2020-05-22 00:00:00,PF_0006025
231,85,0.0,0.0,7.46,34.0,28.0,7.0,0.0,11.0,9.0,2020-05-29 00:00:00,PF_0006025
232,86,0.0,0.0,7.28,32.0,25.0,8.0,0.0,11.0,11.0,2020-06-05 00:00:00,PF_0006025
233,87,100.0,27.0,8.2,44.0,32.0,7.0,0.38,0.25,2.0,2019-12-09 00:00:00,PF_0006025
234,88,26.0,28.0,9.4,47.0,26.0,6.0,1.28,0.57,9.0,2019-12-18 00:00:00,PF_0006025
235,89,22.0,29.0,8.72,42.0,26.0,5.0,1.21,0.6,8.0,2019-12-18 00:00:00,PF_0006025
236,90,23.0,42.0,11.27,48.0,47.0,8.0,2.2,1.43,17.0,2019-12-27 00:00:00,PF_0006025
237,91,8.0,39.0,10.27,52.0,46.0,6.0,3.25,2.43,36.0,2020-01-01 00:00:00,PF_0006025
238,92,15.0,24.0,10.25,43.0,34.0,10.0,4.14,3.2,48.0,2020-01-08 00:00:00,PF_0006025
239,93,11.0,11.0,9.27,43.0,29.0,7.0,4.24,3.38,35.0,2020-01-17 00:00:00,PF_0006025
240,94,14.0,6.0,10.78,40.0,42.0,9.0,9.29,8.05,62.0,2020-02-28 00:00:00,PF_0006025
241,95,13.0,15.0,6.48,29.0,30.0,8.0,8.31,7.38,48.0,2020-02-28 00:00:00,PF_0006025
242,96,13.0,8.0,9.45,39.0,35.0,7.0,9.36,8.11,53.0,2020-02-28 00:00:00,PF_0006025
243,97,18.0,10.0,6.7,35.0,27.0,10.0,9.33,8.4,52.0,2020-03-20 00:00:00,PF_0006025
244,98,17.0,16.0,9.25,37.0,29.0,11.0,11.75,10.35,82.0,2020-03-27 00:00:00,PF_0006025
245,99,14.0,4.0,10.34,35.0,31.0,12.0,13.46,11.54,48.0,2020-04-03 00:00:00,PF_0006025
246,100,12.0,0.0,11.7,42.0,35.0,9.0,12.88,11.67,68.0,2020-04-10 00:00:00,PF_0006025
247,101,0.0,0.0,8.77,32.0,24.0,10.0,0.0,11.0,43.0,2020-05-01 00:00:00,PF_0006025
248,102,0.0,0.0,10.93,40.0,27.0,7.0,0.0,12.0,10.0,2020-06-05 00:00:00,PF_0006025
249,103,0.0,0.0,9.05,40.0,34.0,6.0,0.0,12.0,4.0,2020-06-05 00:00:00,PF_0006025
250,2,12.0,27.0,6.09,29.0,25.0,9.0,7.38,5.2,61.0,2020-01-31 00:00:00,PF_0006024
251,3,100.0,7.0,9.26,30.0,23.0,6.0,7.18,5.33,55.0,2020-02-07 00:00:00,PF_0006024
252,4,298.0,12.0,7.91,35.0,27.0,8.23,7.09,0.0,47.0,2020-02-07 00:00:00,PF_0006024
253,5,16.0,7.0,5.14,27.0,21.0,7.0,0.0,8.5,44.0,2020-03-06 00:00:00,PF_0006024
254,6,23.0,20.0,10.21,45.0,39.0,13.0,14.29,13.14,38.0,2020-03-27 00:00:00,PF_0006024
255,7,0.0,0.0,10.63,45.0,37.0,11.0,0.0,15.0,91.0,2020-05-01 00:00:00,PF_0006024
256,8,0.0,0.0,7.56,37.0,32.0,6.0,0.0,11.0,9.0,2020-05-22 00:00:00,PF_0006024
257,9,190.0,24.0,8.2,45.0,32.0,8.0,4.08,4.0,37.0,2019-12-09 00:00:00,PF_0006024
258,10,31.0,14.0,7.2,39.0,32.0,7.0,6.09,4.36,55.0,2019-12-18 00:00:00,PF_0006024
259,11,24.0,31.0,8.54,36.0,30.0,10.0,6.1,5.1,72.0,2019-12-27 00:00:00,PF_0006024
260,12,4.0,30.0,8.47,38.0,31.0,7.0,7.17,6.27,72.0,2020-01-01 00:00:00,PF_0006024
261,13,15.0,8.0,8.76,34.0,33.0,8.0,11.27,10.4,34.0,2020-02-28 00:00:00,PF_0006024
262,14,18.0,22.0,8.08,39.0,32.0,6.0,12.42,11.18,63.0,2020-03-13 00:00:00,PF_0006024
263,15,10.0,2.0,7.54,35.0,28.0,12.0,12.44,11.44,24.0,2020-04-10 00:00:00,PF_0006024
264,16,3.0,0.0,8.3,40.0,30.0,8.0,14.92,14.0,52.0,2020-04-24 00:00:00,PF_0006024
265,17,4.0,0.0,7.85,39.0,31.0,10.0,0.0,13.0,54.0,2020-04-24 00:00:00,PF_0006024
266,18,0.0,0.0,10.08,48.0,32.0,10.0,0.0,16.0,67.0,2020-05-08 00:00:00,PF_0006024
267,19,0.0,0.0,8.68,36.0,20.0,8.0,0.0,16.0,6.0,2020-06-05 00:00:00,PF_0006024
268,20,186.0,21.0,9.4,45.0,36.0,7.0,4.08,4.0,45.0,2019-12-09 00:00:00,PF_0006024
269,21,7.0,19.0,7.56,38.0,32.0,7.0,6.05,4.3,75.0,2020-01-01 00:00:00,PF_0006024
270,22,13.0,30.0,9.05,37.0,37.0,11.0,7.29,6.17,67.0,2020-01-17 00:00:00,PF_0006024
271,23,7.0,28.0,7.66,38.0,32.0,10.0,8.3,7.14,78.0,2020-01-17 00:00:00,PF_0006024
272,24,10.0,17.0,7.14,39.0,28.0,9.0,6.08,5.11,59.0,2020-01-24 00:00:00,PF_0006024
273,25,20.0,35.0,7.55,31.0,32.0,9.0,9.5,8.29,45.0,2020-02-14 00:00:00,PF_0006024
274,26,13.0,8.0,10.2,43.0,33.0,8.0,14.29,12.45,45.0,2020-03-27 00:00:00,PF_0006024
275,27,24.0,21.0,7.49,32.0,30.0,9.0,10.78,9.5,29.0,2020-03-27 00:00:00,PF_0006024
276,28,0.0,0.0,10.17,43.0,29.0,5.0,0.0,15.0,32.0,2020-05-16 00:00:00,PF_0006024
277,29,0.0,0.0,9.15,40.0,32.0,6.0,0.0,12.0,33.0,2020-05-16 00:00:00,PF_0006024
278,30,0.0,0.0,9.18,36.0,31.0,9.0,0.0,15.0,32.0,2020-05-22 00:00:00,PF_0006024
279,31,0.0,0.0,10.61,41.0,35.0,10.0,0.0,16.0,37.0,2020-05-22 00:00:00,PF_0006024
280,32,27.0,40.0,9.9,37.0,26.0,6.0,4.33,4.43,43.0,2019-12-18 00:00:00,PF_0006024
281,33,15.0,11.0,8.94,36.0,39.0,8.0,6.31,5.38,79.0,2020-01-08 00:00:00,PF_0006024
282,34,9.0,17.0,7.37,38.0,34.0,8.0,7.36,6.6,61.0,2020-01-08 00:00:00,PF_0006024
283,35,18.0,12.0,8.68,39.0,33.0,9.0,7.31,6.5,81.0,2020-01-08 00:00:00,PF_0006024
284,36,8.0,16.0,5.88,40.0,39.0,9.0,7.29,6.06,47.0,2020-01-24 00:00:00,PF_0006024
285,37,295.0,17.0,6.18,36.0,29.0,7.0,6.09,4.1,62.0,2020-01-24 00:00:00,PF_0006024
286,38,16.0,9.0,7.79,37.0,29.0,9.0,11.33,10.6,49.0,2020-03-06 00:00:00,PF_0006024
287,39,0.0,2.0,8.94,39.0,32.0,11.0,14.07,13.29,48.0,2020-04-17 00:00:00,PF_0006024
288,40,10.0,5.0,8.76,32.0,19.0,7.0,11.11,11.0,38.0,2020-04-17 00:00:00,PF_0006024
289,41,0.0,0.0,8.56,40.0,35.0,6.0,0.0,15.0,43.0,2020-05-08 00:00:00,PF_0006024
290,42,0.0,0.0,8.19,34.0,29.0,5.0,0.0,15.0,19.0,2020-05-22 00:00:00,PF_0006024
291,43,199.0,44.0,12.0,50.0,45.0,6.0,4.42,4.0,44.0,2019-12-09 00:00:00,PF_0006024
292,44,23.0,46.0,9.11,43.0,36.0,9.0,5.25,4.24,71.0,2019-12-27 00:00:00,PF_0006024
293,45,4.0,24.0,7.88,37.0,27.0,11.0,7.14,6.8,66.0,2020-01-17 00:00:00,PF_0006024
294,46,5.0,20.0,5.65,32.0,25.0,8.23,7.3,6.25,39.0,2020-01-24 00:00:00,PF_0006024
295,47,15.0,14.0,8.42,37.0,23.0,6.0,11.2,9.64,47.0,2020-02-22 00:00:00,PF_0006024
296,48,19.0,11.0,8.23,37.0,37.0,9.0,12.27,10.2,47.0,2020-03-06 00:00:00,PF_0006024
297,49,19.0,13.0,9.72,40.0,31.0,10.0,13.16,12.13,72.0,2020-03-13 00:00:00,PF_0006024
298,50,15.0,18.0,9.12,35.0,25.0,8.0,12.27,11.64,33.0,2020-03-13 00:00:00,PF_0006024
299,51,21.0,9.0,7.76,31.0,27.0,12.0,10.11,8.67,32.0,2020-03-20 00:00:00,PF_0006024
300,52,5.0,5.0,9.12,43.0,34.0,11.0,12.35,13.2,33.0,2020-04-03 00:00:00,PF_0006024
301,53,10.0,3.0,10.15,30.0,22.0,10.0,11.43,9.5,18.0,2020-04-03 00:00:00,PF_0006024
302,54,1.0,0.0,9.45,42.0,35.0,7.0,14.18,13.82,44.0,2020-04-10 00:00:00,PF_0006024
303,55,6.0,0.0,10.44,44.0,39.0,10.0,15.67,14.94,86.0,2020-04-17 00:00:00,PF_0006024
304,56,0.0,0.0,9.23,43.0,34.0,7.0,0.0,14.88,75.0,2020-04-24 00:00:00,PF_0006024
305,57,0.0,0.0,8.38,40.0,30.0,4.0,0.0,12.0,6.0,2020-06-05 00:00:00,PF_0006024
306,58,184.0,43.0,13.3,53.0,51.0,7.0,4.25,4.0,36.0,2019-12-09 00:00:00,PF_0006024
307,59,6.0,35.0,8.27,39.0,33.0,7.0,7.23,6.31,64.0,2020-01-01 00:00:00,PF_0006024
308,60,2.0,14.0,6.66,30.0,25.0,9.0,6.12,5.2,65.0,2020-01-31 00:00:00,PF_0006024
309,61,397.0,25.0,7.77,39.0,33.0,9.0,9.1,8.71,45.0,2020-02-14 00:00:00,PF_0006024
310,62,20.0,12.0,6.2,29.0,24.0,6.0,6.88,5.11,63.0,2020-02-14 00:00:00,PF_0006024
311,63,20.0,6.0,9.14,38.0,28.0,8.0,13.13,12.42,45.0,2020-03-20 00:00:00,PF_0006024
312,64,7.0,4.0,10.29,44.0,36.0,15.0,15.26,14.1,39.0,2020-04-03 00:00:00,PF_0006024
313,65,0.0,0.0,8.86,36.0,30.0,7.0,14.19,13.94,66.0,2020-04-17 00:00:00,PF_0006024
314,66,0.0,0.0,9.89,44.0,35.0,9.0,15.08,14.89,90.0,2020-04-24 00:00:00,PF_0006024
315,67,2.0,0.0,9.31,48.0,36.0,7.0,0.0,14.9,37.0,2020-05-01 00:00:00,PF_0006024
316,68,3.0,0.0,8.01,40.0,31.0,9.0,0.0,12.0,32.0,2020-05-01 00:00:00,PF_0006024
317,69,0.0,0.0,9.41,39.0,31.0,8.0,0.0,11.9,43.0,2020-05-08 00:00:00,PF_0006024
318,70,0.0,0.0,9.07,39.0,30.0,8.0,0.0,15.0,42.0,2020-05-16 00:00:00,PF_0006024
319,71,0.0,0.0,8.53,38.0,32.0,7.0,0.0,15.0,12.0,2020-05-29 00:00:00,PF_0006024
320,72,0.0,0.0,10.39,24.0,20.0,9.0,0.0,15.0,3.0,2020-06-05 00:00:00,PF_0006024
321,73,22.0,19.0,8.53,44.0,40.0,7.0,5.15,3.35,33.0,2019-12-18 00:00:00,PF_0006024
322,74,22.0,44.0,11.07,41.0,31.0,8.0,4.31,3.38,42.0,2019-12-18 00:00:00,PF_0006024
323,75,0.0,19.0,7.5,30.0,28.0,7.0,7.83,6.5,47.0,2020-01-31 00:00:00,PF_0006024
324,76,12.0,15.0,7.76,36.0,26.0,9.0,9.4,7.33,40.0,2020-02-07 00:00:00,PF_0006024
325,77,2.0,13.0,6.73,31.0,25.0,5.0,7.75,5.29,63.0,2020-02-07 00:00:00,PF_0006024
326,78,20.0,7.0,7.21,37.0,24.0,5.0,11.21,9.42,68.0,2020-02-22 00:00:00,PF_0006024
327,79,17.0,5.0,6.49,24.0,20.0,6.0,7.38,6.5,60.0,2020-02-22 00:00:00,PF_0006024
328,80,12.0,13.0,7.29,35.0,24.0,7.0,10.18,9.5,49.0,2020-02-28 00:00:00,PF_0006024
329,81,16.0,13.0,6.04,27.0,24.0,7.0,9.11,8.67,15.0,2020-03-13 00:00:00,PF_0006024
330,82,28.0,28.0,9.44,0.0,37.0,10.0,13.33,12.43,50.0,2020-03-20 00:00:00,PF_0006024
331,83,0.0,0.0,10.08,40.0,32.0,11.0,14.33,14.5,48.0,2020-04-10 00:00:00,PF_0006024
332,84,4.0,0.0,10.75,44.0,37.0,11.0,15.5,14.59,70.0,2020-04-10 00:00:00,PF_0006024
333,85,0.0,0.0,9.04,38.0,30.0,8.0,0.0,15.0,38.0,2020-05-08 00:00:00,PF_0006024
334,86,0.0,0.0,9.16,37.0,29.0,13.0,0.0,16.0,22.0,2020-05-29 00:00:00,PF_0006024
335,87,0.0,0.0,7.82,39.0,34.0,7.0,0.0,12.0,11.0,2020-05-29 00:00:00,PF_0006024
336,88,0.0,0.0,11.23,40.0,28.0,7.0,0.0,16.0,7.0,2020-06-05 00:00:00,PF_0006024
337,89,21.0,37.0,7.88,42.0,38.0,8.0,6.29,5.21,75.0,2019-12-27 00:00:00,PF_0006024
338,90,7.0,20.0,9.08,38.0,33.0,7.0,6.1,5.23,39.0,2020-01-01 00:00:00,PF_0006024
339,91,17.0,10.0,7.42,39.0,34.0,10.0,6.22,5.06,76.0,2020-01-08 00:00:00,PF_0006024
340,92,14.0,32.0,6.15,37.0,35.0,12.0,7.06,5.12,48.0,2020-01-31 00:00:00,PF_0006024
341,93,383.0,15.0,8.11,41.0,43.0,10.0,9.44,8.44,35.0,2020-02-14 00:00:00,PF_0006024
342,94,21.0,8.0,8.04,36.0,29.0,7.0,12.14,10.35,52.0,2020-02-22 00:00:00,PF_0006024
343,95,4.0,14.0,6.35,30.0,26.0,5.0,0.0,7.5,13.0,2020-02-28 00:00:00,PF_0006024
344,96,10.0,10.0,5.74,25.0,22.0,6.0,0.0,6.75,41.0,2020-02-28 00:00:00,PF_0006024
345,97,17.0,24.0,9.16,44.0,38.0,8.0,12.42,11.11,48.0,2020-03-06 00:00:00,PF_0006024
346,98,27.0,19.0,9.78,39.0,29.0,8.0,13.3,12.27,32.0,2020-03-20 00:00:00,PF_0006024
347,99,12.0,2.0,9.85,39.0,31.0,11.0,14.4,12.46,52.0,2020-03-27 00:00:00,PF_0006024
348,100,6.0,5.0,9.23,37.0,30.0,10.0,14.56,13.24,44.0,2020-04-03 00:00:00,PF_0006024
349,101,0.0,0.0,9.65,38.0,30.0,9.0,0.0,15.0,88.0,2020-05-01 00:00:00,PF_0006024
350,102,0.0,0.0,9.7,44.0,32.0,9.0,0.0,16.0,72.0,2020-05-16 00:00:00,PF_0006024
351,103,0.0,0.0,11.33,41.0,32.0,9.0,0.0,16.0,25.0,2020-05-29 00:00:00,PF_0006024
352,2,9.5,19.0,11.8,35.5,34.0,5.0,1.5,1.13,1.0,2019-12-16 00:00:00,PF_0006042
353,3,6.1,42.3,12.9,36.5,40.1,8.0,3.13,3.13,3.0,2019-12-30 00:00:00,PF_0006042
354,4,4.0,18.1,11.8,39.7,39.4,7.0,4.23,4.31,8.0,2020-01-20 00:00:00,PF_0006042
355,5,0.5,8.0,7.2,30.6,28.0,12.0,5.22,5.5,18.0,2020-02-18 00:00:00,PF_0006042
356,6,0.0,0.0,0.0,38.0,44.0,12.0,5.0,5.5,11.0,2020-03-30 00:00:00,PF_0006042
357,7,0.0,0.0,0.0,28.0,26.0,13.0,5.0,5.4,6.0,2020-04-13 00:00:00,PF_0006042
358,8,0.0,0.0,0.0,27.6,25.0,13.0,5.0,5.89,14.0,2020-04-27 00:00:00,PF_0006042
359,9,0.0,0.0,0.0,30.0,28.0,15.0,5.0,5.33,6.0,2020-05-04 00:00:00,PF_0006042
360,10,0.0,0.0,0.0,31.2,29.6,16.0,5.0,5.6,6.0,2020-05-11 00:00:00,PF_0006042
361,11,0.0,23.0,7.3,32.0,39.5,2.0,0.2,0.0,0.0,2019-12-09 00:00:00,PF_0006042
362,12,7.5,22.3,12.4,36.4,38.2,4.0,3.21,3.21,5.0,2020-01-06 00:00:00,PF_0006042
363,13,2.6,27.1,11.7,46.2,44.0,8.0,5.09,5.24,11.0,2020-01-28 00:00:00,PF_0006042
364,14,3.0,22.6,9.4,36.0,34.7,7.0,4.17,4.4,12.0,2020-01-28 00:00:00,PF_0006042
365,15,3.2,38.2,12.2,46.8,46.2,7.0,5.17,5.28,13.0,2020-02-03 00:00:00,PF_0006042
366,16,3.5,19.2,11.9,45.7,45.4,9.0,5.15,5.29,14.0,2020-02-10 00:00:00,PF_0006042
367,17,0.0,2.0,3.8,21.8,18.4,9.0,5.08,5.42,15.0,2020-02-18 00:00:00,PF_0006042
368,18,1.5,44.6,11.1,35.5,42.7,10.0,5.07,5.77,23.0,2020-03-11 00:00:00,PF_0006042
369,19,0.0,2.0,4.8,19.2,20.1,17.0,5.08,5.46,12.0,2020-03-11 00:00:00,PF_0006042
370,20,1.5,17.0,6.2,26.0,23.2,14.0,5.06,5.81,25.0,2020-03-11 00:00:00,PF_0006042
371,21,0.0,0.0,0.0,37.2,43.0,11.0,5.0,5.68,13.0,2020-03-23 00:00:00,PF_0006042
372,22,1.0,6.0,9.2,26.0,29.6,12.0,5.04,5.68,17.0,2020-03-23 00:00:00,PF_0006042
373,23,0.0,0.0,0.0,26.0,24.0,12.0,5.0,5.25,9.0,2020-03-30 00:00:00,PF_0006042
374,24,0.0,0.0,0.0,28.0,27.0,14.0,5.0,5.86,12.0,2020-04-13 00:00:00,PF_0006042
375,25,12.3,27.8,11.2,28.1,29.2,5.0,2.19,2.06,1.0,2019-12-23 00:00:00,PF_0006042
376,26,1.6,32.3,12.1,35.4,40.5,5.0,3.26,3.33,9.0,2020-01-13 00:00:00,PF_0006042
377,27,3.2,26.8,9.6,36.8,30.0,8.0,4.17,4.46,16.0,2020-01-28 00:00:00,PF_0006042
378,28,0.0,2.2,3.2,22.2,20.0,10.0,5.17,5.46,16.0,2020-02-25 00:00:00,PF_0006042
379,29,3.0,16.0,11.0,40.2,50.0,11.0,5.11,5.82,23.0,2020-03-03 00:00:00,PF_0006042
380,30,1.3,24.6,9.2,22.4,20.1,15.0,5.03,5.65,22.0,2020-03-11 00:00:00,PF_0006042
381,31,0.0,3.0,3.8,24.6,22.2,11.0,5.04,5.58,15.0,2020-03-16 00:00:00,PF_0006042
382,32,0.0,0.0,0.0,26.0,23.9,13.0,5.0,6.0,15.0,2020-04-13 00:00:00,PF_0006042
383,33,0.0,0.0,0.0,27.4,24.0,13.0,5.0,6.0,13.0,2020-04-20 00:00:00,PF_0006042
384,34,0.0,0.0,0.0,24.0,27.2,11.0,5.0,5.67,7.0,2020-04-27 00:00:00,PF_0006042
385,35,0.0,0.0,0.0,27.2,29.0,12.0,5.0,5.8,7.0,2020-05-11 00:00:00,PF_0006042
386,36,0.0,0.0,0.0,29.2,26.4,14.0,5.0,6.0,9.0,2020-05-11 00:00:00,PF_0006042
387,37,0.0,0.0,0.0,28.0,30.0,12.0,5.0,5.6,6.0,2020-05-18 00:00:00,PF_0006042
388,38,0.0,31.0,7.4,37.0,30.0,2.0,0.2,0.0,0.0,2019-12-09 00:00:00,PF_0006042
389,39,14.5,37.0,8.0,37.0,36.5,2.0,1.33,1.11,1.0,2019-12-16 00:00:00,PF_0006042
390,40,8.0,21.3,12.3,35.5,39.0,5.0,3.33,3.25,6.0,2020-01-06 00:00:00,PF_0006042
391,41,2.2,14.3,8.6,34.5,34.6,7.0,4.17,4.31,9.0,2020-01-20 00:00:00,PF_0006042
392,42,3.3,30.3,11.8,41.2,43.0,7.0,4.26,4.41,11.0,2020-01-28 00:00:00,PF_0006042
393,43,2.8,13.0,6.6,30.0,25.7,7.0,5.14,5.37,13.0,2020-02-10 00:00:00,PF_0006042
394,44,2.4,20.2,7.6,31.0,32.0,8.0,5.14,5.54,20.0,2020-02-10 00:00:00,PF_0006042
395,45,0.0,7.7,5.6,24.0,20.0,10.0,5.07,5.45,20.0,2020-02-18 00:00:00,PF_0006042
396,46,0.0,7.2,8.2,24.8,28.0,13.0,5.03,5.67,20.0,2020-03-16 00:00:00,PF_0006042
397,47,0.0,0.0,0.0,39.0,44.4,12.0,5.0,5.4,13.0,2020-04-06 00:00:00,PF_0006042
398,48,0.0,0.0,0.0,39.0,48.0,13.0,5.0,5.17,2.0,2020-05-04 00:00:00,PF_0006042
399,49,0.0,36.0,7.7,32.0,31.0,2.0,0.33,0.0,0.0,2019-12-09 00:00:00,PF_0006042
400,50,14.0,48.0,8.3,34.0,33.0,2.0,2.27,2.13,2.0,2019-12-16 00:00:00,PF_0006042
401,51,14.2,21.2,13.4,38.2,34.5,6.0,2.13,2.13,2.0,2019-12-23 00:00:00,PF_0006042
402,52,13.8,22.4,11.9,25.7,34.2,7.0,2.11,2.05,1.0,2019-12-23 00:00:00,PF_0006042
403,53,8.5,25.6,13.4,40.5,38.0,4.0,3.14,3.32,7.0,2020-01-06 00:00:00,PF_0006042
404,54,2.7,15.6,10.1,36.8,29.0,9.0,5.14,5.33,12.0,2020-02-03 00:00:00,PF_0006042
405,55,4.0,14.5,11.1,39.3,48.0,11.0,5.24,5.47,23.0,2020-02-25 00:00:00,PF_0006042
406,56,1.7,12.0,5.6,24.0,26.0,12.0,5.17,5.53,19.0,2020-02-25 00:00:00,PF_0006042
407,57,1.5,14.0,5.8,25.0,27.0,13.0,5.14,5.89,20.0,2020-03-03 00:00:00,PF_0006042
408,58,0.0,0.0,0.0,24.0,26.1,12.0,4.0,4.8,20.0,2020-03-23 00:00:00,PF_0006042
409,59,0.0,0.0,0.0,26.6,25.0,12.0,5.0,5.33,11.0,2020-04-06 00:00:00,PF_0006042
410,60,0.0,0.0,0.0,27.5,26.0,14.0,5.0,5.78,20.0,2020-04-06 00:00:00,PF_0006042
411,61,0.0,0.0,0.0,25.0,23.8,12.0,5.0,5.75,19.0,2020-04-06 00:00:00,PF_0006042
412,62,0.0,0.0,0.0,29.0,27.4,14.0,5.0,5.86,10.0,2020-04-20 00:00:00,PF_0006042
413,63,7.6,17.3,11.1,38.0,35.1,7.0,3.24,3.1,2.0,2019-12-30 00:00:00,PF_0006042
414,64,1.5,34.5,11.9,37.0,43.2,4.0,3.23,3.27,6.0,2020-01-13 00:00:00,PF_0006042
415,65,1.9,37.2,12.6,39.0,42.5,5.0,4.15,4.31,8.0,2020-01-13 00:00:00,PF_0006042
416,66,2.6,23.8,14.1,39.0,47.0,7.0,4.14,4.2,7.0,2020-01-20 00:00:00,PF_0006042
417,67,0.0,29.5,10.1,34.0,34.0,6.0,5.12,5.53,18.0,2020-02-10 00:00:00,PF_0006042
418,68,0.0,0.0,0.0,24.6,23.1,12.0,5.0,5.63,14.0,2020-03-30 00:00:00,PF_0006042
419,69,0.0,0.0,0.0,37.5,45.0,13.0,5.0,5.4,12.0,2020-04-13 00:00:00,PF_0006042
420,70,0.0,0.0,0.0,38.0,46.0,13.0,5.0,5.5,8.0,2020-04-20 00:00:00,PF_0006042
421,71,0.0,0.0,0.0,28.0,26.2,13.0,5.0,5.78,8.0,2020-05-04 00:00:00,PF_0006042
422,72,0.0,0.0,0.0,32.0,30.0,15.0,5.0,5.6,4.0,2020-05-18 00:00:00,PF_0006042
423,73,7.9,15.1,11.6,34.2,36.5,10.0,3.23,3.09,2.0,2019-12-30 00:00:00,PF_0006042
424,74,6.0,48.4,16.0,36.0,34.5,2.0,3.15,3.15,4.0,2020-01-06 00:00:00,PF_0006042
425,75,1.4,21.2,13.7,38.5,44.0,5.0,4.12,4.21,7.0,2020-01-13 00:00:00,PF_0006042
426,76,3.0,8.0,6.5,30.5,26.0,8.0,5.18,5.35,12.0,2020-02-03 00:00:00,PF_0006042
427,77,1.6,11.5,8.0,39.8,42.0,11.0,5.26,5.4,20.0,2020-02-18 00:00:00,PF_0006042
428,78,0.0,11.0,11.6,36.8,42.6,10.0,5.04,5.81,22.0,2020-03-16 00:00:00,PF_0006042
429,79,0.0,0.0,0.0,26.0,27.1,11.0,5.0,5.85,28.0,2020-03-16 00:00:00,PF_0006042
430,80,0.0,0.0,0.0,27.2,25.5,13.0,5.0,5.75,16.0,2020-03-30 00:00:00,PF_0006042
431,81,0.0,0.0,0.0,26.0,28.0,11.0,5.0,5.67,6.0,2020-05-04 00:00:00,PF_0006042
432,82,0.0,0.0,0.0,40.0,48.2,13.0,5.0,5.4,3.0,2020-05-11 00:00:00,PF_0006042
433,83,0.0,0.0,0.0,41.0,49.0,13.0,5.0,5.4,3.0,2020-05-18 00:00:00,PF_0006042
434,84,0.0,0.0,0.0,30.0,27.5,12.0,5.0,5.6,7.0,2020-05-18 00:00:00,PF_0006042
435,85,10.5,31.2,12.9,28.4,36.2,5.0,2.21,2.07,1.0,2019-12-23 00:00:00,PF_0006042
436,86,9.6,18.6,14.2,38.0,34.5,9.0,3.16,3.16,3.0,2019-12-30 00:00:00,PF_0006042
437,87,3.2,15.8,9.7,36.0,29.0,8.0,4.12,4.35,12.0,2020-01-20 00:00:00,PF_0006042
438,88,4.2,12.0,7.7,30.0,27.0,9.0,5.15,5.4,16.0,2020-02-03 00:00:00,PF_0006042
439,89,3.4,10.0,8.8,29.0,31.2,14.0,5.26,5.65,22.0,2020-02-25 00:00:00,PF_0006042
440,90,0.0,2.1,3.6,23.0,21.0,14.0,5.12,5.54,14.0,2020-03-03 00:00:00,PF_0006042
441,91,2.0,11.0,8.9,30.0,32.2,15.0,5.06,5.63,20.0,2020-03-03 00:00:00,PF_0006042
442,92,0.0,2.0,0.8,24.0,26.0,10.0,5.04,5.52,12.0,2020-03-23 00:00:00,PF_0006042
443,93,0.0,0.0,0.0,24.0,26.0,11.0,5.0,5.4,6.0,2020-04-20 00:00:00,PF_0006042
444,94,0.0,0.0,0.0,38.4,47.0,13.0,5.0,5.17,5.0,2020-04-27 00:00:00,PF_0006042
445,95,0.0,0.0,0.0,29.0,27.5,14.0,5.0,5.57,8.0,2020-04-27 00:00:00,PF_0006042
446,2,11.0,31.0,12.8,35.5,38.0,8.0,3.26,3.43,10.0,2019-12-16 00:00:00,PF_0006043
447,3,2.5,21.2,7.4,34.0,28.5,13.0,4.19,4.61,19.0,2020-01-13 00:00:00,PF_0006043
448,4,1.9,25.2,8.0,32.2,27.4,15.0,5.2,5.67,20.0,2020-01-20 00:00:00,PF_0006043
449,5,2.6,26.2,8.0,34.2,32.0,10.0,4.04,4.89,24.0,2020-02-03 00:00:00,PF_0006043
450,6,2.0,25.7,5.6,34.9,32.0,11.0,4.14,4.76,16.0,2020-02-03 00:00:00,PF_0006043
451,7,1.7,29.0,8.4,31.7,33.6,13.0,4.04,4.68,17.0,2020-02-10 00:00:00,PF_0006043
452,8,3.2,14.6,5.4,30.0,32.0,22.0,5.15,5.44,12.0,2020-03-16 00:00:00,PF_0006043
453,9,1.6,5.8,4.9,34.0,38.3,21.0,6.07,6.66,19.0,2020-03-16 00:00:00,PF_0006043
454,10,0.0,0.0,0.0,19.0,20.0,12.0,4.0,4.76,13.0,2020-03-23 00:00:00,PF_0006043
455,11,1.0,6.7,3.4,16.4,12.0,20.0,6.14,6.0,14.0,2020-03-30 00:00:00,PF_0006043
456,12,2.6,0.0,2.8,23.0,22.0,18.0,5.0,5.0,8.0,2020-03-30 00:00:00,PF_0006043
457,13,1.6,7.6,3.3,20.5,18.0,18.0,6.2,6.0,8.0,2020-04-06 00:00:00,PF_0006043
458,14,1.0,6.5,2.6,18.8,11.0,19.0,8.4,8.0,10.0,2020-04-27 00:00:00,PF_0006043
459,15,3.0,4.0,3.1,16.0,12.0,19.0,8.4,8.0,12.0,2020-04-27 00:00:00,PF_0006043
460,16,4.0,0.0,0.0,0.0,0.0,13.0,6.0,6.0,6.0,2020-04-27 00:00:00,PF_0006043
461,17,2.7,9.5,2.4,16.0,14.0,21.0,9.0,8.0,11.0,2020-05-04 00:00:00,PF_0006043
462,18,3.8,2.1,2.2,16.0,13.2,22.0,8.33,8.0,12.0,2020-05-11 00:00:00,PF_0006043
463,19,2.8,3.0,3.0,16.2,12.0,19.0,9.67,9.0,12.0,2020-05-18 00:00:00,PF_0006043
464,20,2.1,1.1,2.1,14.5,11.0,20.0,8.6,8.0,4.0,2020-05-25 00:00:00,PF_0006043
465,21,14.5,26.1,9.2,34.2,28.0,11.0,4.19,4.48,15.0,2019-12-23 00:00:00,PF_0006043
466,22,10.2,9.8,8.1,35.6,26.1,13.0,5.26,5.4,14.0,2019-12-30 00:00:00,PF_0006043
467,23,6.0,28.2,7.7,36.8,29.7,12.0,5.17,5.43,15.0,2020-01-06 00:00:00,PF_0006043
468,24,2.8,5.7,4.9,28.8,23.2,11.0,4.13,4.74,17.0,2020-01-20 00:00:00,PF_0006043
469,25,3.6,11.5,7.8,33.2,24.6,12.0,5.09,5.55,18.0,2020-01-28 00:00:00,PF_0006043
470,26,2.8,27.6,7.8,38.0,31.0,10.0,5.07,5.77,23.0,2020-02-03 00:00:00,PF_0006043
471,27,5.5,15.7,6.7,32.7,34.2,16.0,5.04,5.89,24.0,2020-02-18 00:00:00,PF_0006043
472,28,3.8,6.1,1.8,14.0,11.0,14.0,7.0,6.0,7.0,2020-05-04 00:00:00,PF_0006043
473,29,2.6,3.1,2.6,18.0,15.0,22.0,9.4,9.0,8.0,2020-05-11 00:00:00,PF_0006043
474,30,0.0,9.5,7.2,37.0,33.0,10.0,3.32,3.09,2.0,2019-12-09 00:00:00,PF_0006043
475,31,4.8,13.0,7.8,35.6,31.4,14.0,4.28,4.41,13.0,2019-12-30 00:00:00,PF_0006043
476,32,5.3,9.9,5.1,34.2,29.2,11.0,4.21,4.5,14.0,2019-12-30 00:00:00,PF_0006043
477,33,2.1,20.7,8.3,30.7,28.4,14.0,5.19,5.47,17.0,2020-01-06 00:00:00,PF_0006043
478,34,2.6,28.6,10.8,31.6,30.4,15.0,5.17,5.5,18.0,2020-01-13 00:00:00,PF_0006043
479,35,3.7,23.2,7.6,34.4,30.6,13.0,4.22,4.67,18.0,2020-01-20 00:00:00,PF_0006043
480,36,4.0,23.2,7.8,35.0,30.0,11.0,4.04,4.89,24.0,2020-01-28 00:00:00,PF_0006043
481,37,2.6,35.8,8.5,34.7,32.5,13.0,5.16,5.74,23.0,2020-02-03 00:00:00,PF_0006043
482,38,2.5,11.6,7.2,33.0,32.7,17.0,5.06,5.87,27.0,2020-02-10 00:00:00,PF_0006043
483,39,3.0,5.2,5.0,32.6,33.0,16.0,5.21,5.54,13.0,2020-03-03 00:00:00,PF_0006043
484,40,1.2,7.0,5.5,31.0,27.5,13.0,3.2,3.8,8.0,2020-03-03 00:00:00,PF_0006043
485,41,3.2,0.0,0.0,34.2,32.8,19.0,5.0,5.62,16.0,2020-03-11 00:00:00,PF_0006043
486,42,1.0,0.0,3.5,12.0,10.0,13.0,5.0,5.0,8.0,2020-03-30 00:00:00,PF_0006043
487,43,2.0,5.5,3.9,16.4,11.8,21.0,8.6,8.0,4.0,2020-04-20 00:00:00,PF_0006043
488,44,3.0,7.0,3.3,17.0,11.0,20.0,8.8,8.0,12.0,2020-04-20 00:00:00,PF_0006043
489,45,4.0,0.0,0.0,0.0,0.0,14.0,6.0,6.25,7.0,2020-04-20 00:00:00,PF_0006043
490,46,2.8,6.8,3.3,17.0,12.7,20.0,9.0,8.0,18.0,2020-05-04 00:00:00,PF_0006043
491,47,2.0,4.0,2.8,18.2,16.0,22.0,9.67,9.25,7.0,2020-05-18 00:00:00,PF_0006043
492,48,2.8,9.0,3.0,17.0,12.5,15.0,7.6,7.0,5.0,2020-05-18 00:00:00,PF_0006043
493,49,0.0,0.0,0.0,16.0,11.0,17.0,7.86,6.0,4.0,2020-06-01 00:00:00,PF_0006043
494,50,9.7,22.5,10.5,39.5,36.0,10.0,4.31,4.31,9.0,2019-12-16 00:00:00,PF_0006043
495,51,14.4,5.8,7.2,36.2,24.0,13.0,5.24,5.44,15.0,2019-12-23 00:00:00,PF_0006043
496,52,0.7,6.8,5.1,30.0,26.4,12.0,4.05,4.84,16.0,2020-02-25 00:00:00,PF_0006043
497,53,0.0,0.0,0.0,42.0,38.0,14.0,4.0,4.56,10.0,2020-03-16 00:00:00,PF_0006043
498,54,1.0,7.0,3.2,20.2,14.5,17.0,7.23,7.61,19.0,2020-03-23 00:00:00,PF_0006043
499,55,1.4,4.3,2.8,20.0,13.7,21.0,6.33,6.0,10.0,2020-03-30 00:00:00,PF_0006043
500,56,2.0,14.6,4.3,20.4,15.2,20.0,7.6,7.0,8.0,2020-04-06 00:00:00,PF_0006043
501,57,2.4,6.7,2.1,14.0,11.0,18.0,6.4,6.0,4.0,2020-04-13 00:00:00,PF_0006043
502,58,4.1,6.1,2.0,17.0,13.0,21.0,8.0,7.0,12.0,2020-05-04 00:00:00,PF_0006043
503,59,3.0,2.4,2.3,17.0,14.0,22.0,8.5,8.33,9.0,2020-05-18 00:00:00,PF_0006043
504,60,0.0,27.0,10.9,35.0,34.5,8.0,2.23,2.53,9.0,2019-12-09 00:00:00,PF_0006043
505,61,0.0,20.5,18.9,36.0,38.0,8.0,2.26,2.42,8.0,2019-12-09 00:00:00,PF_0006043
506,62,2.0,25.2,5.4,28.0,25.4,9.0,4.12,4.65,17.0,2020-01-28 00:00:00,PF_0006043
507,63,0.0,11.2,5.6,33.4,27.6,14.0,5.06,5.62,21.0,2020-02-10 00:00:00,PF_0006043
508,64,2.5,33.2,7.8,34.7,32.8,11.0,4.04,4.77,20.0,2020-02-18 00:00:00,PF_0006043
509,65,3.4,0.0,0.0,29.0,24.2,12.0,2.0,2.83,10.0,2020-03-11 00:00:00,PF_0006043
510,66,2.1,0.0,3.2,14.0,11.0,14.0,6.0,6.33,9.0,2020-04-06 00:00:00,PF_0006043
511,67,3.1,2.8,2.9,16.0,11.0,20.0,9.4,9.0,14.0,2020-05-11 00:00:00,PF_0006043
512,68,13.5,5.5,5.2,33.2,27.5,12.0,3.22,3.57,13.0,2019-12-23 00:00:00,PF_0006043
513,69,2.5,28.5,5.1,35.5,32.4,10.0,4.1,4.55,16.0,2020-01-13 00:00:00,PF_0006043
514,70,1.2,9.3,4.8,30.7,20.6,11.0,4.1,4.85,17.0,2020-02-18 00:00:00,PF_0006043
515,71,2.2,0.0,0.0,31.2,31.7,14.0,4.0,4.73,19.0,2020-02-25 00:00:00,PF_0006043
516,72,2.4,18.4,7.5,33.4,31.0,14.0,6.03,6.8,24.0,2020-02-25 00:00:00,PF_0006043
517,73,2.1,9.0,3.6,17.0,13.0,18.0,7.5,7.0,12.0,2020-04-06 00:00:00,PF_0006043
518,74,2.2,5.6,3.1,16.7,10.0,19.0,7.4,7.0,10.0,2020-04-13 00:00:00,PF_0006043
519,75,3.4,8.2,2.1,15.0,11.6,15.0,7.33,7.0,6.0,2020-05-11 00:00:00,PF_0006043
520,76,3.2,4.1,3.2,14.0,10.8,20.0,9.6,9.0,6.0,2020-05-25 00:00:00,PF_0006043
521,77,0.0,0.0,0.0,16.0,12.0,21.0,9.63,9.13,5.0,2020-06-01 00:00:00,PF_0006043
522,78,13.0,21.8,11.2,34.5,32.0,12.0,4.21,4.41,14.0,2019-12-23 00:00:00,PF_0006043
523,79,3.2,11.5,7.4,35.4,30.1,12.0,4.26,4.48,15.0,2019-12-30 00:00:00,PF_0006043
524,80,1.2,16.6,7.3,33.8,27.4,13.0,4.26,4.67,18.0,2020-01-06 00:00:00,PF_0006043
525,81,3.4,7.7,5.0,38.0,29.4,14.0,5.18,5.45,15.0,2020-01-13 00:00:00,PF_0006043
526,82,5.7,10.5,5.9,33.2,22.5,14.0,5.12,5.44,15.0,2020-01-20 00:00:00,PF_0006043
527,83,2.7,31.2,8.1,32.0,29.0,13.0,5.16,5.71,22.0,2020-01-28 00:00:00,PF_0006043
528,84,0.0,9.0,4.8,30.0,27.4,12.0,4.1,4.8,16.0,2020-02-10 00:00:00,PF_0006043
529,85,1.2,11.2,6.3,34.7,28.8,11.0,5.04,5.71,20.0,2020-02-25 00:00:00,PF_0006043
530,86,2.0,6.6,4.6,30.6,30.5,20.0,6.03,6.48,14.0,2020-03-11 00:00:00,PF_0006043
531,87,1.6,3.4,2.0,17.8,9.7,21.0,7.2,7.0,4.0,2020-04-13 00:00:00,PF_0006043
532,88,2.1,1.1,2.1,0.0,0.0,21.0,9.83,9.2,2.0,2020-05-25 00:00:00,PF_0006043
533,89,0.0,0.0,0.0,0.0,0.0,19.0,9.86,9.29,3.0,2020-06-01 00:00:00,PF_0006043
534,90,0.0,20.0,16.7,35.0,34.0,7.0,2.22,2.33,6.0,2019-12-09 00:00:00,PF_0006043
535,91,5.0,22.5,5.2,34.5,29.8,10.0,4.14,4.54,15.0,2020-01-06 00:00:00,PF_0006043
536,92,1.0,11.4,5.7,34.8,30.5,13.0,5.06,5.73,24.0,2020-02-18 00:00:00,PF_0006043
537,93,2.1,19.0,7.7,34.0,32.0,17.0,5.17,5.54,13.0,2020-03-03 00:00:00,PF_0006043
538,94,1.0,12.0,6.5,35.0,29.0,12.0,4.06,4.56,9.0,2020-03-03 00:00:00,PF_0006043
539,95,0.0,0.0,0.0,37.2,34.8,13.0,4.0,4.63,12.0,2020-03-11 00:00:00,PF_0006043
540,96,3.8,0.0,0.0,29.0,27.2,16.0,3.0,3.56,9.0,2020-03-16 00:00:00,PF_0006043
541,97,2.4,14.0,4.3,23.0,26.0,16.0,6.11,6.64,18.0,2020-03-23 00:00:00,PF_0006043
542,98,1.2,0.0,0.0,25.0,26.2,12.0,4.18,4.29,8.0,2020-03-23 00:00:00,PF_0006043
543,99,0.0,0.0,0.0,0.0,0.0,13.0,6.0,6.0,7.0,2020-04-13 00:00:00,PF_0006043
544,100,2.7,7.5,2.3,16.0,12.0,19.0,6.6,6.0,9.0,2020-04-20 00:00:00,PF_0006043
545,101,2.5,1.4,1.9,20.0,14.0,20.0,7.5,7.0,10.0,2020-04-27 00:00:00,PF_0006043
546,102,3.2,10.1,3.3,14.2,10.0,16.0,7.75,7.0,3.0,2020-05-25 00:00:00,PF_0006043
547,103,0.0,0.0,0.0,13.0,10.0,18.0,8.67,8.0,4.0,2020-06-01 00:00:00,PF_0006043
548,2,10.0,3.0,11.24,41.0,45.0,15.0,6.29,6.0,23.0,2020-04-24 00:00:00,PF_0006023
549,3,5.0,0.0,12.01,45.0,44.0,11.0,0.0,7.0,22.0,2020-04-24 00:00:00,PF_0006023
550,4,7.0,0.0,11.53,45.0,42.0,14.0,0.0,7.0,21.0,2020-05-08 00:00:00,PF_0006023
551,5,2.0,0.0,11.31,43.0,40.0,14.0,0.0,7.0,17.0,2020-05-16 00:00:00,PF_0006023
552,6,13.0,15.0,10.22,36.0,40.0,8.23,1.33,0.29,2.0,2020-02-07 00:00:00,PF_0006023
553,7,19.0,11.0,12.31,40.0,37.0,10.0,1.38,0.22,2.0,2020-02-14 00:00:00,PF_0006023
554,8,13.0,28.0,11.85,45.0,49.0,12.0,3.5,2.43,11.0,2020-03-06 00:00:00,PF_0006023
555,9,15.0,5.0,9.66,48.0,48.0,11.0,5.13,4.0,16.0,2020-03-20 00:00:00,PF_0006023
556,10,16.0,5.0,10.8,43.0,38.0,14.0,5.17,3.5,12.0,2020-03-20 00:00:00,PF_0006023
557,11,13.0,0.0,11.82,44.0,44.0,13.0,6.57,6.0,20.0,2020-04-17 00:00:00,PF_0006023
558,12,9.0,0.0,12.5,49.0,48.0,16.0,0.0,7.0,14.0,2020-05-08 00:00:00,PF_0006023
559,13,2.0,0.0,12.86,52.0,50.0,11.0,0.0,7.0,11.0,2020-05-16 00:00:00,PF_0006023
560,14,4.0,0.0,11.71,46.0,32.0,8.0,0.0,8.0,23.0,2020-05-22 00:00:00,PF_0006023
561,15,3.0,0.0,11.45,45.0,46.0,13.0,0.0,8.0,17.0,2020-05-22 00:00:00,PF_0006023
562,16,0.0,0.0,11.79,46.0,41.0,5.0,0.0,7.0,12.0,2020-05-29 00:00:00,PF_0006023
563,17,3.0,0.0,13.31,46.0,44.0,6.0,0.0,7.0,5.0,2020-06-05 00:00:00,PF_0006023
564,18,3.0,0.0,11.99,50.0,44.0,7.0,0.0,8.0,10.0,2020-06-05 00:00:00,PF_0006023
565,19,34.0,0.0,5.08,19.0,15.0,4.0,0.0,0.0,0.0,2020-01-01 00:00:00,PF_0006023
566,20,44.0,0.0,6.1,25.0,17.5,7.0,0.0,0.0,0.0,2020-01-08 00:00:00,PF_0006023
567,21,75.0,30.0,10.16,35.0,34.0,9.0,0.57,0.0,0.0,2020-01-31 00:00:00,PF_0006023
568,22,15.0,20.0,11.3,40.0,37.0,9.0,1.29,0.4,2.0,2020-02-07 00:00:00,PF_0006023
569,23,15.0,29.0,10.62,44.0,46.0,10.0,2.43,0.71,5.0,2020-02-22 00:00:00,PF_0006023
570,24,14.0,6.0,11.59,42.0,44.0,10.0,2.5,1.0,6.0,2020-02-22 00:00:00,PF_0006023
571,25,16.0,13.0,11.96,42.0,42.0,13.0,3.3,1.56,8.0,2020-02-28 00:00:00,PF_0006023
572,26,22.0,8.0,9.89,48.0,46.0,12.0,6.33,5.29,20.0,2020-04-03 00:00:00,PF_0006023
573,27,18.0,7.0,12.03,42.0,40.0,12.0,6.5,5.5,20.0,2020-04-03 00:00:00,PF_0006023
574,28,13.0,3.0,11.86,45.0,39.0,11.0,7.57,6.5,26.0,2020-04-17 00:00:00,PF_0006023
575,29,10.0,9.0,12.92,50.0,48.0,15.0,6.25,6.0,19.0,2020-04-17 00:00:00,PF_0006023
576,30,9.0,0.0,12.42,48.0,45.0,13.0,0.0,7.0,19.0,2020-05-01 00:00:00,PF_0006023
577,31,0.0,0.0,11.8,45.0,43.0,9.0,0.0,7.0,8.0,2020-05-22 00:00:00,PF_0006023
578,32,0.0,0.0,11.82,50.0,34.0,9.0,0.0,8.0,12.0,2020-05-29 00:00:00,PF_0006023
579,33,28.0,0.0,4.62,18.0,15.0,4.0,0.0,0.0,0.0,2019-12-27 00:00:00,PF_0006023
580,34,34.0,0.0,4.43,22.0,15.0,4.0,0.0,0.0,0.0,2020-01-01 00:00:00,PF_0006023
581,35,38.0,0.0,5.84,23.0,13.0,8.0,0.0,0.0,0.0,2020-01-08 00:00:00,PF_0006023
582,36,51.0,0.0,7.77,27.0,21.0,8.0,0.0,0.0,0.0,2020-01-17 00:00:00,PF_0006023
583,37,56.0,15.0,9.15,38.0,32.0,8.0,0.29,0.0,0.0,2020-01-24 00:00:00,PF_0006023
584,38,19.0,27.0,12.61,43.0,38.0,11.0,3.57,2.71,13.0,2020-03-06 00:00:00,PF_0006023
585,39,22.0,21.0,11.99,47.0,45.0,16.0,5.83,4.6,18.0,2020-03-27 00:00:00,PF_0006023
586,40,27.0,13.0,11.59,44.0,43.0,14.0,6.29,5.2,17.0,2020-04-03 00:00:00,PF_0006023
587,41,6.0,0.0,13.08,41.0,46.0,12.0,0.0,7.0,22.0,2020-05-01 00:00:00,PF_0006023
588,42,7.0,0.0,12.4,48.0,35.0,12.0,0.0,7.57,32.0,2020-05-08 00:00:00,PF_0006023
589,43,0.0,0.0,12.21,47.0,46.0,13.0,0.0,8.0,18.0,2020-05-16 00:00:00,PF_0006023
590,44,2.0,0.0,12.9,49.0,46.0,5.0,0.0,7.0,4.0,2020-06-05 00:00:00,PF_0006023
591,45,59.0,10.0,9.29,31.0,29.0,6.0,0.0,0.0,0.0,2020-01-24 00:00:00,PF_0006023
592,46,73.0,30.0,10.93,33.0,27.0,9.0,0.57,0.0,0.0,2020-01-31 00:00:00,PF_0006023
593,47,75.0,25.0,9.1,36.0,35.0,8.0,0.43,0.0,0.0,2020-01-31 00:00:00,PF_0006023
594,48,18.0,13.0,11.43,43.0,39.0,8.0,1.67,0.57,4.0,2020-02-14 00:00:00,PF_0006023
595,49,19.0,12.0,11.58,46.0,41.0,9.0,1.7,0.43,3.0,2020-02-14 00:00:00,PF_0006023
596,50,17.0,11.0,17.4,46.0,41.0,12.0,3.38,1.57,7.0,2020-02-28 00:00:00,PF_0006023
597,51,14.0,31.0,10.39,46.0,41.0,12.0,3.86,2.38,13.0,2020-03-06 00:00:00,PF_0006023
598,52,20.0,8.0,12.12,41.0,35.0,13.0,5.4,4.0,14.0,2020-03-20 00:00:00,PF_0006023
599,53,18.0,3.0,10.83,46.0,40.0,15.0,7.29,6.25,29.0,2020-04-10 00:00:00,PF_0006023
600,54,16.0,3.0,10.28,46.0,47.0,15.0,8.0,6.29,24.0,2020-04-10 00:00:00,PF_0006023
601,55,11.0,4.0,10.28,44.0,37.0,12.0,7.43,6.86,22.0,2020-04-24 00:00:00,PF_0006023
602,56,30.0,0.0,4.12,20.0,14.0,4.0,0.0,0.0,0.0,2019-12-27 00:00:00,PF_0006023
603,57,41.0,0.0,6.23,26.0,18.0,8.0,0.0,0.0,0.0,2020-01-08 00:00:00,PF_0006023
604,58,49.0,6.0,8.17,29.0,21.0,7.0,0.0,0.0,0.0,2020-01-17 00:00:00,PF_0006023
605,59,17.0,16.0,10.6,46.0,37.0,11.0,3.57,2.25,12.0,2020-02-28 00:00:00,PF_0006023
606,60,15.0,13.0,11.99,42.0,45.0,10.0,3.14,1.57,7.0,2020-02-28 00:00:00,PF_0006023
607,61,15.0,21.0,12.26,44.0,44.0,13.0,3.45,2.43,11.0,2020-03-06 00:00:00,PF_0006023
608,62,14.0,12.0,11.1,43.0,43.0,13.0,4.29,3.29,13.0,2020-03-13 00:00:00,PF_0006023
609,63,16.0,12.0,12.29,43.0,39.0,14.0,4.33,3.38,15.0,2020-03-13 00:00:00,PF_0006023
610,64,23.0,17.0,15.02,46.0,38.0,14.0,4.83,3.45,15.0,2020-03-20 00:00:00,PF_0006023
611,65,23.0,14.0,13.71,40.0,40.0,12.0,5.5,4.5,23.0,2020-03-27 00:00:00,PF_0006023
612,66,22.0,17.0,11.01,37.0,39.0,15.0,5.6,4.33,14.0,2020-03-27 00:00:00,PF_0006023
613,67,13.0,10.0,9.99,48.0,46.0,14.0,6.67,6.57,21.0,2020-04-17 00:00:00,PF_0006023
614,68,6.0,3.0,11.81,44.0,39.0,13.0,7.57,7.0,29.0,2020-04-24 00:00:00,PF_0006023
615,69,12.0,0.0,11.08,45.0,46.0,16.0,0.0,8.0,24.0,2020-05-08 00:00:00,PF_0006023
616,70,0.0,0.0,11.89,50.0,44.0,8.08,0.0,8.0,13.0,2020-05-29 00:00:00,PF_0006023
617,71,32.0,0.0,4.88,21.0,13.0,5.0,0.0,0.0,0.0,2019-12-27 00:00:00,PF_0006023
618,72,31.0,0.0,4.63,19.0,14.0,0.0,0.0,0.0,0.0,2019-12-27 00:00:00,PF_0006023
619,73,40.0,0.0,6.08,25.0,15.5,8.0,0.0,0.0,0.0,2020-01-08 00:00:00,PF_0006023
620,74,50.0,8.0,7.37,29.0,20.0,7.0,0.0,0.0,0.0,2020-01-17 00:00:00,PF_0006023
621,75,57.0,46.0,9.46,32.0,25.0,8.22,0.29,0.0,0.0,2020-01-24 00:00:00,PF_0006023
622,76,14.0,22.0,9.2,37.0,37.0,8.0,1.43,0.33,2.0,2020-02-07 00:00:00,PF_0006023
623,77,15.0,23.0,11.57,44.0,43.0,11.0,2.57,0.44,4.0,2020-02-22 00:00:00,PF_0006023
624,78,15.0,13.0,10.19,47.0,43.0,13.0,4.33,3.43,17.0,2020-03-13 00:00:00,PF_0006023
625,79,12.0,24.0,12.17,43.0,35.0,16.0,4.29,3.17,15.0,2020-03-13 00:00:00,PF_0006023
626,80,25.0,18.0,9.84,47.0,47.0,16.0,5.63,4.4,14.0,2020-03-27 00:00:00,PF_0006023
627,81,17.0,3.0,22.24,40.0,37.0,14.0,7.17,6.2,20.0,2020-04-10 00:00:00,PF_0006023
628,82,4.0,0.0,12.05,42.0,38.0,7.0,0.0,8.0,14.0,2020-06-05 00:00:00,PF_0006023
629,83,32.0,0.0,5.31,21.0,14.0,4.0,0.0,0.0,0.0,2020-01-01 00:00:00,PF_0006023
630,84,57.0,15.0,8.67,30.0,25.0,7.0,0.25,0.0,0.0,2020-01-24 00:00:00,PF_0006023
631,85,72.0,32.0,10.03,35.0,33.0,9.0,0.38,0.0,0.0,2020-01-31 00:00:00,PF_0006023
632,86,15.0,18.0,10.37,37.0,34.0,9.0,1.33,0.0,0.0,2020-02-07 00:00:00,PF_0006023
633,87,16.0,12.0,11.63,40.0,39.0,9.0,1.44,0.5,3.0,2020-02-14 00:00:00,PF_0006023
634,88,15.0,8.0,10.7,41.0,31.0,11.0,2.38,0.71,5.0,2020-02-22 00:00:00,PF_0006023
635,89,28.0,9.0,15.01,40.0,39.0,11.0,6.4,5.17,22.0,2020-04-03 00:00:00,PF_0006023
636,90,18.0,20.0,11.8,44.0,44.0,15.0,6.57,5.8,21.0,2020-04-10 00:00:00,PF_0006023
637,91,17.0,0.0,14.8,50.0,37.0,14.0,7.25,6.89,26.0,2020-05-01 00:00:00,PF_0006023
638,92,24.0,20.0,13.36,45.0,44.0,12.0,7.29,7.0,22.0,2020-05-01 00:00:00,PF_0006023
639,93,4.0,0.0,11.72,48.0,39.0,11.0,0.0,8.0,22.0,2020-05-16 00:00:00,PF_0006023
640,94,0.0,0.0,11.31,42.0,41.0,12.0,0.0,7.0,16.0,2020-05-22 00:00:00,PF_0006023
641,95,0.0,0.0,13.35,48.0,45.0,8.0,0.0,7.0,6.0,2020-05-29 00:00:00,PF_0006023
642,2,17.0,21.0,12.5,39.0,39.0,13.0,8.0,7.3,22.0,2017-03-26 00:00:00,PF_0001405
643,3,15.0,11.5,7.0,43.0,38.0,15.0,6.1,4.3,13.0,2017-04-02 00:00:00,PF_0001405
644,4,22.0,27.0,10.4,46.0,22.0,12.0,6.7,6.0,18.0,2017-04-16 00:00:00,PF_0001405
645,5,14.0,18.0,9.2,35.0,32.0,15.0,6.3,5.0,15.0,2017-04-30 00:00:00,PF_0001405
646,6,0.0,0.0,0.0,0.0,0.0,0.0,0.0,0.0,0.0,2017-05-28 00:00:00,PF_0001405
647,7,17.0,12.0,7.2,45.0,38.0,13.0,6.1,5.1,15.0,2017-04-02 00:00:00,PF_0001405
648,8,22.0,38.0,10.9,49.0,48.0,12.0,6.0,5.0,15.0,2017-04-16 00:00:00,PF_0001405
649,9,515.0,38.0,12.0,42.0,39.0,15.0,4.3,4.0,12.0,2017-04-23 00:00:00,PF_0001405
650,10,23.0,11.0,6.7,36.0,28.0,11.0,7.0,6.0,18.0,2017-05-14 00:00:00,PF_0001405
651,11,0.0,0.0,0.0,0.0,0.0,0.0,0.0,0.0,0.0,2017-05-28 00:00:00,PF_0001405
652,12,0.0,19.0,9.5,42.0,38.0,12.0,5.4,4.4,13.0,2017-03-05 00:00:00,PF_0001405
653,13,0.0,39.0,12.45,40.0,46.0,11.0,5.4,4.4,13.0,2017-03-05 00:00:00,PF_0001405
654,14,22.0,38.0,11.65,45.0,40.0,13.0,6.7,4.7,14.0,2017-03-12 00:00:00,PF_0001405
655,15,19.0,22.0,10.6,47.0,44.0,14.0,5.7,4.7,14.0,2017-03-12 00:00:00,PF_0001405
656,16,18.0,49.0,9.9,42.0,39.0,11.0,7.0,4.0,12.0,2017-03-19 00:00:00,PF_0001405
657,17,20.0,23.0,11.9,43.0,46.0,12.0,6.3,5.3,16.0,2017-03-26 00:00:00,PF_0001405
658,18,516.0,34.0,9.2,38.0,35.0,17.0,7.0,6.0,18.0,2017-04-09 00:00:00,PF_0001405
659,19,22.0,10.0,6.8,40.0,32.0,17.0,7.0,6.0,18.0,2017-05-21 00:00:00,PF_0001405
660,20,541.0,19.0,4.9,30.0,24.0,18.0,7.3,7.0,21.0,2017-04-09 00:00:00,PF_0001405
661,21,23.0,36.0,9.0,44.0,42.0,13.0,6.0,5.0,15.0,2017-04-16 00:00:00,PF_0001405
662,22,529.0,8.0,11.8,40.0,39.0,13.0,6.3,5.0,15.0,2017-04-23 00:00:00,PF_0001405
663,23,17.0,16.0,11.0,37.0,30.0,15.0,9.2,6.0,18.0,2017-04-30 00:00:00,PF_0001405
664,24,16.0,12.0,8.5,39.0,36.0,16.0,6.0,5.0,15.0,2017-04-30 00:00:00,PF_0001405
665,25,17.0,25.0,9.2,41.0,40.0,16.0,6.0,5.0,15.0,2017-05-07 00:00:00,PF_0001405
666,26,31.0,24.0,10.0,43.0,38.0,13.0,7.0,6.0,18.0,2017-05-14 00:00:00,PF_0001405
667,27,20.0,21.0,10.6,44.0,40.0,15.0,7.0,6.0,18.0,2017-05-14 00:00:00,PF_0001405
668,28,22.0,5.0,3.5,35.0,24.0,15.0,7.0,5.0,15.0,2017-05-21 00:00:00,PF_0001405
669,29,0.0,15.0,9.4,41.0,42.0,14.0,6.4,4.0,12.0,2017-03-05 00:00:00,PF_0001405
670,30,16.0,19.0,12.0,40.0,38.0,13.0,5.3,5.0,15.0,2017-03-26 00:00:00,PF_0001405
671,31,481.0,54.0,9.0,39.0,36.0,20.0,5.7,5.7,17.0,2017-04-09 00:00:00,PF_0001405
672,32,561.0,12.0,9.5,40.0,38.0,14.0,5.7,4.0,12.0,2017-04-23 00:00:00,PF_0001405
673,33,22.0,17.0,8.5,42.0,36.0,14.0,7.0,6.0,18.0,2017-05-07 00:00:00,PF_0001405
674,34,18.0,11.0,5.1,37.0,26.0,16.0,7.0,6.0,18.0,2017-05-21 00:00:00,PF_0001405
675,35,0.0,0.0,0.0,0.0,0.0,0.0,0.0,0.0,0.0,2017-05-28 00:00:00,PF_0001405
676,36,18.0,34.0,12.0,44.0,42.0,12.0,7.7,4.7,14.0,2017-03-19 00:00:00,PF_0001405
677,37,12.0,24.0,11.0,39.0,36.0,17.0,7.7,7.0,21.0,2017-04-30 00:00:00,PF_0001405
678,38,30.0,20.0,7.3,30.0,28.0,13.0,7.0,6.0,18.0,2017-05-14 00:00:00,PF_0001405
679,39,19.0,29.0,9.5,45.0,44.0,15.0,5.7,4.7,14.0,2017-04-02 00:00:00,PF_0001405
680,40,469.0,27.0,4.8,35.0,36.0,19.0,6.7,6.0,18.0,2017-04-09 00:00:00,PF_0001405
681,41,21.0,5.0,3.5,45.0,42.0,16.0,6.0,4.0,12.0,2017-05-07 00:00:00,PF_0001405
682,42,20.0,26.0,8.0,42.0,40.0,15.0,6.0,5.0,15.0,2017-05-07 00:00:00,PF_0001405
683,43,18.0,10.0,8.0,45.0,44.0,13.0,7.0,6.0,18.0,2017-05-21 00:00:00,PF_0001405
684,44,0.0,17.0,10.0,44.0,36.0,11.0,4.7,4.0,12.0,2017-03-05 00:00:00,PF_0001405
685,45,20.0,30.0,11.6,45.0,41.0,13.0,5.8,5.1,15.0,2017-03-19 00:00:00,PF_0001405
686,46,20.0,40.0,11.4,42.5,40.0,12.0,5.3,4.0,12.0,2017-03-19 00:00:00,PF_0001405
687,47,18.0,28.0,9.0,45.0,42.0,12.0,8.3,7.0,21.0,2017-03-26 00:00:00,PF_0001405
688,48,16.0,17.0,8.4,40.0,38.0,13.0,5.7,3.7,11.0,2017-04-02 00:00:00,PF_0001405
689,49,21.0,29.0,105.0,40.0,42.0,12.0,6.0,5.0,15.0,2017-04-16 00:00:00,PF_0001405
690,50,587.0,32.0,11.7,45.0,46.0,17.0,7.3,6.0,18.0,2017-04-23 00:00:00,PF_0001405
691,51,0.0,0.0,0.0,0.0,0.0,0.0,0.0,0.0,0.0,2017-05-28 00:00:00,PF_0001405
692,2,15.0,28.0,12.0,42.0,39.0,15.0,6.7,6.3,19.0,2017-03-26 00:00:00,PF_0000304
693,3,10.0,18.0,8.0,35.0,32.0,17.0,8.0,7.0,21.0,2017-04-30 00:00:00,PF_0000304
694,4,9.0,19.0,8.6,30.0,38.0,16.0,6.0,5.0,15.0,2017-04-30 00:00:00,PF_0000304
695,5,21.0,8.0,4.3,35.0,35.0,24.0,8.0,6.0,18.0,2017-05-07 00:00:00,PF_0000304
696,6,23.0,11.0,5.1,31.0,23.0,21.0,8.0,7.0,21.0,2017-05-21 00:00:00,PF_0000304
697,7,18.0,4.0,3.5,33.0,28.0,19.0,8.0,7.0,21.0,2017-05-28 00:00:00,PF_0000304
698,8,21.0,17.0,9.8,40.0,44.0,14.0,7.4,5.1,15.0,2017-03-19 00:00:00,PF_0000304
699,9,16.0,24.0,10.5,35.0,32.0,13.0,6.0,5.0,15.0,2017-04-16 00:00:00,PF_0000304
700,10,33.0,5.0,3.4,33.0,28.0,16.0,8.0,6.0,18.0,2017-05-14 00:00:00,PF_0000304
701,11,17.0,15.0,6.3,33.0,29.0,19.0,7.0,6.0,18.0,2017-05-21 00:00:00,PF_0000304
702,12,24.0,21.0,8.4,32.0,30.0,18.0,6.0,5.0,15.0,2017-05-21 00:00:00,PF_0000304
703,13,0.0,0.0,0.0,0.0,0.0,0.0,0.0,0.0,0.0,2017-06-04 00:00:00,PF_0000304
704,14,0.0,0.0,0.0,0.0,0.0,0.0,0.0,0.0,0.0,2017-06-04 00:00:00,PF_0000304
705,15,0.0,0.0,0.0,0.0,0.0,0.0,0.0,0.0,0.0,2017-06-04 00:00:00,PF_0000304
706,16,0.0,17.0,10.6,41.5,40.0,11.0,5.4,4.4,13.0,2017-02-19 00:00:00,PF_0000304
707,17,18.0,32.0,11.4,37.0,40.0,14.0,7.7,5.3,16.0,2017-04-02 00:00:00,PF_0000304
708,18,17.0,12.0,9.0,38.0,36.0,14.0,6.8,6.1,18.0,2017-04-09 00:00:00,PF_0000304
709,19,14.0,7.0,4.8,36.0,32.0,17.0,8.0,5.0,15.0,2017-04-30 00:00:00,PF_0000304
710,20,19.0,15.0,7.8,39.0,36.0,17.0,6.0,5.0,15.0,2017-05-07 00:00:00,PF_0000304
711,21,32.0,12.0,6.8,35.0,24.0,18.0,7.0,6.0,18.0,2017-05-14 00:00:00,PF_0000304
712,22,33.0,9.0,5.2,34.0,30.0,15.0,6.0,5.0,15.0,2017-05-14 00:00:00,PF_0000304
713,23,16.0,10.0,4.0,26.0,19.0,16.0,7.0,6.0,18.0,2017-05-28 00:00:00,PF_0000304
714,24,18.0,15.0,5.0,32.0,28.0,14.0,7.0,6.0,18.0,2017-05-28 00:00:00,PF_0000304
715,25,23.0,14.0,10.2,45.0,46.0,15.0,7.2,5.2,14.0,2017-02-26 00:00:00,PF_0000304
716,26,5.0,34.0,12.0,45.0,50.0,15.0,6.8,4.8,14.0,2017-03-05 00:00:00,PF_0000304
717,27,16.0,32.0,13.8,44.0,46.0,12.0,7.1,5.7,17.0,2017-03-12 00:00:00,PF_0000304
718,28,22.0,28.0,8.5,42.0,36.0,13.0,8.0,5.3,16.0,2017-03-19 00:00:00,PF_0000304
719,29,19.0,22.0,10.8,37.0,35.0,15.0,7.7,7.0,21.0,2017-03-26 00:00:00,PF_0000304
720,30,21.0,7.0,5.4,35.0,38.0,12.0,7.4,5.4,16.0,2017-04-02 00:00:00,PF_0000304
721,31,17.0,9.5,8.0,39.0,41.0,13.0,6.4,5.4,16.0,2017-04-09 00:00:00,PF_0000304
722,32,0.0,15.0,8.4,35.0,30.0,12.0,8.8,6.1,18.0,2017-02-19 00:00:00,PF_0000304
723,33,18.0,15.0,8.0,35.0,36.0,14.0,8.1,6.0,18.0,2017-03-19 00:00:00,PF_0000304
724,34,9.0,30.0,9.5,38.0,35.0,13.0,8.6,7.3,22.0,2017-03-26 00:00:00,PF_0000304
725,35,22.0,15.0,6.5,35.0,28.0,15.0,8.0,7.0,21.0,2017-04-16 00:00:00,PF_0000304
726,36,25.0,16.0,8.2,34.0,28.0,14.0,6.0,5.0,15.0,2017-04-16 00:00:00,PF_0000304
727,37,29.0,22.0,10.8,33.0,27.0,19.0,7.0,6.0,18.0,2017-04-23 00:00:00,PF_0000304
728,38,17.0,15.0,8.0,34.0,36.0,20.0,7.0,6.0,18.0,2017-05-07 00:00:00,PF_0000304
729,39,35.0,6.0,3.5,40.0,34.0,15.0,6.0,5.0,15.0,2017-05-14 00:00:00,PF_0000304
730,40,0.0,25.0,10.6,47.0,51.0,12.0,7.5,4.5,13.0,2017-02-19 00:00:00,PF_0000304
731,41,18.0,9.5,9.5,41.0,34.0,13.0,6.4,5.4,16.0,2017-02-26 00:00:00,PF_0000304
732,42,0.0,22.0,11.2,45.0,42.0,12.0,5.7,4.4,13.0,2017-02-26 00:00:00,PF_0000304
733,43,14.0,28.0,10.0,34.0,34.0,10.0,8.8,6.4,19.0,2017-02-26 00:00:00,PF_0000304
734,44,8.0,26.0,11.4,43.0,40.0,14.0,6.4,5.4,16.0,2017-03-05 00:00:00,PF_0000304
735,45,18.0,35.5,10.7,36.0,37.0,14.0,7.4,6.4,19.0,2017-03-12 00:00:00,PF_0000304
736,46,6.0,22.0,12.3,45.0,47.0,15.0,4.4,4.1,12.0,2017-03-12 00:00:00,PF_0000304
737,47,16.0,32.0,11.6,46.0,44.0,14.0,7.3,5.7,17.0,2017-03-19 00:00:00,PF_0000304
738,48,21.0,11.5,9.5,40.0,37.0,14.0,7.1,6.1,18.0,2017-04-09 00:00:00,PF_0000304
739,49,23.0,17.0,7.5,34.0,22.0,12.0,7.0,6.0,18.0,2017-04-16 00:00:00,PF_0000304
740,50,22.0,14.0,7.2,32.0,26.0,17.0,7.0,6.0,18.0,2017-04-23 00:00:00,PF_0000304
741,51,28.0,16.0,8.0,38.0,36.0,16.0,6.0,5.0,15.0,2017-04-23 00:00:00,PF_0000304
742,52,0.0,30.0,10.9,45.0,40.0,12.0,6.4,5.8,17.0,2017-02-19 00:00:00,PF_0000304
743,53,12.0,17.0,9.9,43.0,39.0,13.0,6.4,5.1,15.0,2017-03-05 00:00:00,PF_0000304
744,54,12.0,29.0,14.0,42.0,38.0,14.0,7.3,6.0,18.0,2017-03-26 00:00:00,PF_0000304
745,55,17.0,24.0,10.0,39.0,34.0,13.0,9.0,7.0,21.0,2017-04-02 00:00:00,PF_0000304
746,56,0.0,0.0,0.0,0.0,0.0,0.0,0.0,0.0,0.0,2017-06-04 00:00:00,PF_0000304
747,57,15.0,10.0,7.1,32.0,26.0,13.0,8.7,6.7,20.0,2017-04-02 00:00:00,PF_0000304
748,58,19.0,7.5,6.5,36.0,34.0,15.0,8.1,7.5,23.0,2017-04-09 00:00:00,PF_0000304
749,59,25.0,7.0,5.0,32.0,30.0,17.0,7.0,6.0,18.0,2017-04-23 00:00:00,PF_0000304
750,60,13.0,9.0,6.5,34.0,31.0,18.0,7.0,6.0,18.0,2017-04-30 00:00:00,PF_0000304
751,61,20.0,7.0,4.5,37.0,32.0,18.0,8.3,7.0,21.0,2017-05-07 00:00:00,PF_0000304
752,62,24.0,7.0,3.6,32.0,24.0,16.0,8.0,7.0,21.0,2017-05-21 00:00:00,PF_0000304
753,63,17.0,20.0,6.0,32.0,25.0,16.0,7.0,6.0,18.0,2017-05-28 00:00:00,PF_0000304
