,WS,EL,CI,TE,WD,HI,TL,IR,HL,TI,RP,measDate
0,1.1984523809523813,9.841488095238086,632.2786904761908,6.9101785714285695,42.46113095238094,88.06113095238099,18.459999999999997,127.01845238095235,95.62148809523815,17.460178571428568,0.13374999999999998,2017-03-26 00:00:00
1,1.4095808383233537,9.83958083832334,625.9057485029941,8.269041916167662,42.08598802395211,87.42353293413171,17.159401197604794,138.89107784431138,96.25419161676648,16.569520958083835,0.07892215568862274,2017-04-02 00:00:00
2,1.726706349206348,9.809920634920703,615.7765476190478,13.11496031746031,39.64853174603175,88.14248015873024,17.982619047619053,183.27732142857147,94.93083333333347,17.895654761904762,0.07450396825396825,2017-04-23 00:00:00
3,1.7035119047619058,9.803035714285745,606.1923809523813,15.772023809523805,38.51636904761902,93.21538690476198,19.006398809523823,231.92294642857138,95.20413690476217,18.671636904761932,0.04467261904761906,2017-05-07 00:00:00
4,1.4822023809523817,9.79011904761902,596.6097023809527,16.59940476190476,39.730535714285715,95.70119047619046,18.536666666666665,158.55886904761908,95.00125000000001,18.583630952380947,0.12880952380952382,2017-05-14 00:00:00
5,1.6617261904761906,9.80678571428569,580.2580952380953,17.110952380952384,38.578630952380955,90.80148809523808,19.388928571428572,285.84922619047614,95.50952380952383,19.135357142857142,0.0,2017-05-21 00:00:00
6,1.492678571428571,9.800535714285687,569.9576190476191,18.59648809523809,37.80291666666666,91.29035714285712,19.95136904761904,265.16279761904764,95.16744047619048,19.91428571428572,0.00125,2017-05-28 00:00:00
7,,,,,,,,,,,,2017-05-28 00:00:00
8,1.6023809523809522,9.80202380952378,568.3836904761906,20.340000000000007,36.60821428571431,90.27119047619043,21.073273809523823,267.77994047619046,95.28583333333334,21.12755952380953,0.002678571428571429,2017-06-04 00:00:00
9,,,,,,,,,,,,2017-03-26 00:00:00
10,1.460925373134329,9.831432835820927,630.7914925373141,10.146477611940304,41.310089552238786,86.84140298507465,17.52540298507463,151.38038805970146,95.54047761194055,17.20949253731343,0.09188059701492536,2017-04-09 00:00:00
11,,,,,,,,,,,,2017-04-09 00:00:00
12,,,,,,,,,,,,2017-04-09 00:00:00
13,2.0482142857142853,9.804464285714257,604.8649404761908,13.477916666666667,39.084285714285706,83.47279761904763,18.251726190476187,202.7723214285714,95.2194642857143,18.16357142857143,0.06976190476190476,2017-04-16 00:00:00
14,1.698363095238096,9.804880952380971,608.9999999999998,13.999404761904774,39.21392857142856,93.89336309523812,17.94895833333333,210.0441369047618,94.89729166666689,17.722410714285722,0.03916666666666667,2017-04-30 00:00:00
15,1.556220238095237,9.79419642857145,598.9055059523814,16.999434523809516,38.82895833333332,94.51857142857148,19.22922619047618,192.79038690476187,95.17848214285739,19.079910714285706,0.0944047619047619,2017-05-14 00:00:00
16,1.6617261904761906,9.80678571428569,580.2580952380953,17.110952380952384,38.578630952380955,90.80148809523808,19.388928571428572,285.84922619047614,95.50952380952383,19.135357142857142,0.0,2017-05-21 00:00:00
17,1.5475297619047605,9.801279761904794,569.1706547619049,19.468244047619056,37.20556547619047,90.78077380952382,20.512321428571425,266.4713690476191,95.22663690476209,20.520922619047607,0.0019642857142857144,2017-06-04 00:00:00
18,,,,,,,,,,,,2017-04-02 00:00:00
19,,,,,,,,,,,,2017-04-02 00:00:00
20,1.7800892857142845,9.813898809523828,620.2565476190472,12.745327380952377,39.81154761904757,84.86776785714294,18.07047619047618,183.28383928571424,95.02523809523834,18.004613095238092,0.08726190476190473,2017-04-16 00:00:00
21,1.698363095238096,9.804880952380971,608.9999999999998,13.999404761904774,39.21392857142856,93.89336309523812,17.94895833333333,210.0441369047618,94.89729166666689,17.722410714285722,0.03916666666666667,2017-04-30 00:00:00
22,1.6302380952380946,9.798273809523781,601.2013095238096,17.399464285714277,37.92738095238096,93.3359523809524,19.9217857142857,227.02190476190472,95.35571428571431,19.576190476190476,0.06,2017-05-07 00:00:00
23,,,,,,,,,,,,2017-04-02 00:00:00
24,1.7800892857142845,9.813898809523828,620.2565476190472,12.745327380952377,39.81154761904757,84.86776785714294,18.07047619047618,183.28383928571424,95.02523809523834,18.004613095238092,0.08726190476190473,2017-04-16 00:00:00
25,1.6199404761904763,9.801964285714257,606.8165476190479,13.8542261904762,39.322500000000005,94.69190476190471,17.806904761904757,183.2642857142857,94.74202380952383,17.677738095238098,0.04898809523809523,2017-04-23 00:00:00
26,1.7035119047619058,9.803035714285745,606.1923809523813,15.772023809523805,38.51636904761902,93.21538690476198,19.006398809523823,231.92294642857138,95.20413690476217,18.671636904761932,0.04467261904761906,2017-05-07 00:00:00
27,1.5455357142857145,9.799146825396893,582.2751388888895,17.43561507936508,38.70402777777776,92.59767857142859,19.292321428571434,236.5236309523808,95.2260714285716,19.211091269841283,0.04335317460317461,2017-05-28 00:00:00
28,1.6750297619047627,9.802053571428601,582.2108035714282,20.080327380952383,37.28291666666666,91.42122023809526,20.736071428571446,237.05059523809547,95.2873511904764,20.88407738095238,0.02678571428571428,2017-06-11 00:00:00
29,,,,,,,,,,,,2017-04-16 00:00:00
30,1.6199404761904763,9.801964285714257,606.8165476190479,13.8542261904762,39.322500000000005,94.69190476190471,17.806904761904757,183.2642857142857,94.74202380952383,17.677738095238098,0.04898809523809523,2017-04-23 00:00:00
31,1.6297420634920636,9.798730158730235,602.9981547619057,16.04781746031746,38.92109126984123,94.04398809523818,18.84982142857146,207.46825396825398,95.13650793650807,18.642301587301592,0.07271825396825395,2017-05-14 00:00:00
32,,,,,,,,,,,,2017-05-14 00:00:00
33,1.6617261904761906,9.80678571428569,580.2580952380953,17.110952380952384,38.578630952380955,90.80148809523808,19.388928571428572,285.84922619047614,95.50952380952383,19.135357142857142,0.0,2017-05-21 00:00:00
34,1.6142460317460314,9.801547619047703,578.1264087301591,19.585714285714282,37.456250000000026,91.37759920634915,20.47450396825396,246.4213293650795,95.24738095238104,20.560813492063478,0.01827380952380952,2017-06-11 00:00:00
35,,,,,,,,,,,,2017-03-26 00:00:00
36,1.626068828590335,9.808074123097068,603.590304434151,14.611396426207799,39.35112508272663,90.67712772998023,18.556148246194603,206.94943745863654,95.23634679020515,18.360410324288544,0.05796823295830575,2017-05-28 00:00:00
37,1.6023809523809522,9.80202380952378,568.3836904761906,20.340000000000007,36.60821428571431,90.27119047619043,21.073273809523823,267.77994047619046,95.28583333333334,21.12755952380953,0.002678571428571429,2017-06-04 00:00:00
38,1.7476785714285712,9.802083333333304,596.037916666667,19.820654761904773,37.957619047619055,92.57124999999998,20.39886904761904,206.3212499999999,95.288869047619,20.640595238095237,0.050892857142857136,2017-06-11 00:00:00
39,,,,,,,,,,,,2017-03-19 00:00:00
40,,,,,,,,,,,,2017-03-19 00:00:00
41,1.1984523809523813,9.841488095238086,632.2786904761908,6.9101785714285695,42.46113095238094,88.06113095238099,18.459999999999997,127.01845238095235,95.62148809523815,17.460178571428568,0.13374999999999998,2017-03-26 00:00:00
42,1.460925373134329,9.831432835820927,630.7914925373141,10.146477611940304,41.310089552238786,86.84140298507465,17.52540298507463,151.38038805970146,95.54047761194055,17.20949253731343,0.09188059701492536,2017-04-09 00:00:00
43,1.8149801587301597,9.80474206349212,607.6216468253973,13.825575396825391,39.17071428571429,90.4198412698413,18.049880952380963,207.6201984126985,95.00468253968268,17.8694642857143,0.049365079365079355,2017-04-30 00:00:00
44,1.5913888888888885,9.798392857142929,592.6897023809529,17.03660714285712,38.745515873015854,93.27954365079364,19.282460317460316,223.81,95.28882936507952,19.09839285714286,0.06293650793650793,2017-05-21 00:00:00
45,1.5475297619047605,9.801279761904794,569.1706547619049,19.468244047619056,37.20556547619047,90.78077380952382,20.512321428571425,266.4713690476191,95.22663690476209,20.520922619047607,0.0019642857142857144,2017-06-04 00:00:00
46,,,,,,,,,,,,2017-04-23 00:00:00
47,1.7767857142857142,9.80779761904759,611.1834523809528,14.144583333333335,39.105357142857166,93.09482142857144,18.091011904761906,236.82398809523806,95.05255952380952,17.767083333333353,0.029345238095238098,2017-04-30 00:00:00
48,1.6302380952380946,9.798273809523781,601.2013095238096,17.399464285714277,37.92738095238096,93.3359523809524,19.9217857142857,227.02190476190472,95.35571428571431,19.576190476190476,0.06,2017-05-07 00:00:00
49,1.5973333333333333,9.80030952380965,582.2494047619057,18.493499999999994,38.13558333333332,92.12709523809544,19.86982142857143,236.73441666666656,95.25058333333338,19.88028571428573,0.03672619047619047,2017-06-11 00:00:00
50,1.6956346749226001,2.6327380952380945,311.961755952381,3.9091071428571382,5.077410714285717,82.26226190476191,90.0,,0.0,17.04068452380952,0.0986904761904762,2020-01-06 00:00:00
51,1.5463525305410104,2.855941358024688,379.8904475308643,4.924521604938269,5.148086419753085,88.37095679012339,90.0,,0.0,17.012669753086392,0.16700617283950614,2020-02-03 00:00:00
52,,,,,,,,,,,,2020-02-03 00:00:00
53,1.8853701772679896,2.781825396825396,377.7814384920634,6.508789682539683,5.089355158730165,88.00562499999994,90.0,,0.0,17.93388888888891,0.11705357142857141,2020-03-16 00:00:00
54,1.8968831168831177,2.832948717948717,323.47435897435895,11.659358974358975,4.90025641025641,83.84999999999995,90.0,,0.0,18.618012820512817,0.003205128205128205,2020-03-23 00:00:00
55,2.016034482758621,2.6823956262425526,331.34535785288256,12.81532803180916,4.665168986083503,82.99262425447313,90.0,,0.0,18.7110735586481,0.029373757455268393,2020-05-04 00:00:00
56,2.0728313253012045,2.555654761904763,310.49613095238107,18.887321428571433,4.916964285714287,85.41505952380955,90.0,,0.0,20.408452380952383,0.0,2020-05-11 00:00:00
57,1.9375301204819284,2.5496428571428567,287.1863095238094,19.740178571428572,4.490714285714286,81.08416666666663,90.0,,0.0,20.804523809523804,0.04023809523809524,2020-05-18 00:00:00
58,,,,,,,,,,,,2019-12-09 00:00:00
59,1.6340259740259744,2.8448214285714304,387.7676785714287,6.911369047619047,4.565833333333334,84.9243452380952,90.0,,0.0,17.32517857142857,0.014999999999999998,2019-12-16 00:00:00
60,,,,,,,,,,,,2019-12-16 00:00:00
61,1.6595663265306118,2.7420952380952386,340.4451547619048,4.534190476190477,5.112083333333335,84.94223809523811,90.0,,0.0,16.903928571428587,0.11288095238095239,2020-01-20 00:00:00
62,1.5606588235294128,2.862187500000007,385.9407499999998,4.166500000000002,5.170854166666666,87.95083333333324,90.0,,0.0,17.420958333333335,0.11797916666666669,2020-02-10 00:00:00
63,,,,,,,,,,,,2020-02-10 00:00:00
64,1.789278996865203,2.874553571428571,384.2853273809524,6.795119047619044,5.034613095238094,88.23372023809523,90.0,,0.0,18.04928571428573,0.1806547619047619,2020-02-24 00:00:00
65,1.9356761006289296,2.739318181818182,359.0065151515156,8.823121212121208,5.0696212121212145,87.26706060606062,90.0,,0.0,18.053969696969716,0.08048484848484848,2020-03-23 00:00:00
66,1.7214814814814807,2.832108433734941,355.5669879518072,11.792891566265059,4.795180722891563,85.96500000000002,90.0,,0.0,18.323614457831326,0.14409638554216866,2020-03-30 00:00:00
67,2.05533434650456,2.6664434523809524,327.3323511904758,11.714508928571437,4.835788690476187,82.90101190476192,90.0,,0.0,18.31104166666666,0.008377976190476191,2020-04-27 00:00:00
68,,,,,,,,,,,,2020-04-27 00:00:00
69,2.1102710843373496,2.5769642857142836,316.9801190476191,18.558095238095227,4.385595238095235,82.91857142857138,90.0,,0.0,20.551249999999982,0.0,2020-05-11 00:00:00
70,,,,,,,,,,,,2019-12-30 00:00:00
71,1.6437499999999987,2.800057471264367,363.37081896551786,4.2270402298850565,5.169051724137933,87.06084770114931,90.0,,0.0,16.971422413793103,0.154367816091954,2020-01-28 00:00:00
72,1.744017241379311,2.8564583333333355,382.8088141025641,5.276923076923087,5.022403846153848,87.92479166666676,90.0,,0.0,17.871217948717938,0.12392628205128209,2020-02-24 00:00:00
73,1.7546984126984113,2.89511904761905,375.0166666666665,7.959702380952385,5.033928571428571,88.82360119047624,90.0,,0.0,17.846279761904764,0.099375,2020-03-09 00:00:00
74,2.1132710280373836,2.5777469135802473,342.40339506172836,9.718518518518522,5.106635802469128,85.65287037037038,90.0,,0.0,18.269351851851862,0.060895061728395074,2020-03-23 00:00:00
75,1.7754786150712825,2.730657370517932,333.72790836653417,10.98501992031872,4.810219123505977,84.4489641434263,90.0,,0.0,18.2315737051793,0.05886454183266933,2020-04-13 00:00:00
76,2.1940243902439023,2.7031547619047616,339.91761904761904,13.232738095238092,4.7563095238095245,83.51779761904761,90.0,,0.0,18.54113095238095,0.0,2020-04-20 00:00:00
77,2.213923541247486,2.5851587301587244,319.1650992063492,16.52323412698412,4.574246031746027,82.17448412698418,90.0,,0.0,19.811111111111106,0.0,2020-05-11 00:00:00
78,1.9375301204819284,2.5496428571428567,287.1863095238094,19.740178571428572,4.490714285714286,81.08416666666663,90.0,,0.0,20.804523809523804,0.04023809523809524,2020-05-18 00:00:00
79,,,,,,,,,,,,2020-05-18 00:00:00
80,1.8951515151515148,2.558988095238094,281.6500595238093,19.551904761904773,4.440892857142853,82.85999999999997,90.0,,0.0,21.0242261904762,0.054940476190476185,2020-05-25 00:00:00
81,,,,,,,,,,,,2019-12-23 00:00:00
82,,,,,,,,,,,,2019-12-23 00:00:00
83,1.6956346749226001,2.6327380952380945,311.961755952381,3.9091071428571382,5.077410714285717,82.26226190476191,90.0,,0.0,17.04068452380952,0.0986904761904762,2020-01-06 00:00:00
84,,,,,,,,,,,,2020-01-06 00:00:00
85,1.9079190751445083,2.7889062500000006,391.8611458333334,5.634375000000002,5.087760416666668,89.08895833333334,90.0,,0.0,16.63375,0.28687499999999994,2020-01-14 00:00:00
86,1.3924579124579117,2.8893452380952365,376.1320238095238,4.0861607142857155,5.278839285714285,87.76261904761907,90.0,,0.0,17.098333333333336,0.12255952380952378,2020-01-28 00:00:00
87,,,,,,,,,,,,2020-01-28 00:00:00
88,1.3828155339805823,2.8696666666666673,371.2609166666665,6.136166666666667,4.878499999999999,88.92550000000001,90.0,,0.0,17.379083333333337,0.09966666666666667,2020-02-03 00:00:00
89,1.8881012658227836,2.810833333333334,388.10428571428577,1.6267857142857147,5.100773809523811,86.59214285714286,90.0,,0.0,17.866607142857145,0.027797619047619047,2020-02-10 00:00:00
90,1.7981777777777763,2.8696666666666677,396.87175,6.273916666666669,5.0709166666666645,88.84820833333332,90.0,,0.0,17.749125000000003,0.2239166666666667,2020-02-20 00:00:00
91,1.7577506112469432,2.893263888888891,370.083912037037,7.990462962962961,5.013912037037037,88.35113425925925,90.0,,0.0,18.05814814814815,0.09340277777777774,2020-03-09 00:00:00
92,2.3128143712574842,2.340773809523809,359.980357142857,7.916309523809526,5.298273809523808,87.32696428571424,90.0,,0.0,17.94559523809524,0.11446428571428574,2020-03-16 00:00:00
93,1.8834363411619297,2.744382566585959,333.0503268765131,11.569539951573846,4.816259079903142,84.1464527845036,90.0,,0.0,18.36751815980627,0.03638014527845037,2020-04-20 00:00:00
94,2.422484848484849,2.6015476190476194,323.5350595238096,12.453511904761905,4.951547619047618,80.68630952380951,90.0,,0.0,18.330833333333334,0.0,2020-04-27 00:00:00
95,2.1477108433734937,2.598273809523811,323.46410714285713,18.22886904761904,3.8542261904761923,80.4220833333333,90.0,,0.0,20.694047619047616,0.0,2020-05-04 00:00:00
96,1.9686519114688128,2.554761904761902,293.1108333333336,19.39313492063494,4.616190476190478,83.11974206349211,90.0,,0.0,20.745734126984136,0.03172619047619048,2020-05-25 00:00:00
97,,,,,,,,,,,,2020-05-25 00:00:00
98,,,,,,,,,,,,2019-12-23 00:00:00
99,1.5681366459627324,2.6312499999999996,318.6354761904763,4.917797619047617,5.112440476190478,81.18505952380949,90.0,,0.0,16.97785714285714,0.13083333333333333,2019-12-30 00:00:00
100,1.8223456790123458,2.6342261904761903,305.2880357142857,2.900416666666667,5.0423809523809515,83.33946428571426,90.0,,0.0,17.103511904761906,0.06654761904761905,2020-01-06 00:00:00
101,1.9079190751445083,2.7889062500000006,391.8611458333334,5.634375000000002,5.087760416666668,89.08895833333334,90.0,,0.0,16.63375,0.28687499999999994,2020-01-14 00:00:00
102,1.3924579124579117,2.8893452380952365,376.1320238095238,4.0861607142857155,5.278839285714285,87.76261904761907,90.0,,0.0,17.098333333333336,0.12255952380952378,2020-01-28 00:00:00
103,1.3828155339805823,2.8696666666666673,371.2609166666665,6.136166666666667,4.878499999999999,88.92550000000001,90.0,,0.0,17.379083333333337,0.09966666666666667,2020-02-03 00:00:00
104,1.822012578616353,2.8533134920634935,385.55831349206346,5.072341269841271,5.056666666666667,87.68652777777784,90.0,,0.0,17.988392857142856,0.12970238095238096,2020-02-24 00:00:00
105,1.5200645161290316,2.85577380952381,399.83041666666657,8.666011904761909,4.997678571428572,89.27119047619048,90.0,,0.0,17.578154761904766,0.15880952380952382,2020-03-02 00:00:00
106,1.9819999999999998,2.9344642857142857,350.2029166666667,7.2533928571428525,5.070178571428571,88.37601190476195,90.0,,0.0,18.114404761904748,0.03994047619047619,2020-03-09 00:00:00
107,1.9818633540372665,2.6639183673469424,346.8628979591837,10.421265306122457,5.00112244897959,85.75861224489795,90.0,,0.0,18.287734693877564,0.08908163265306124,2020-03-30 00:00:00
108,,,,,,,,,,,,2020-03-30 00:00:00
109,1.9298214285714284,2.7437499999999986,320.0942857142856,10.485119047619055,4.9725,83.19583333333333,90.0,,0.0,18.23851190476189,0.010416666666666666,2020-04-06 00:00:00
110,,,,,,,,,,,,2020-04-06 00:00:00
111,1.668757763975155,2.617321428571431,325.78244047619035,10.686666666666667,4.662797619047619,84.20410714285714,90.0,,0.0,18.13369047619048,0.023095238095238096,2020-04-13 00:00:00
112,2.3086018237082064,2.652351190476188,331.72633928571435,12.843124999999995,4.853928571428574,82.10205357142858,90.0,,0.0,18.435982142857135,0.0,2020-04-27 00:00:00
113,2.1102710843373496,2.5769642857142836,316.9801190476191,18.558095238095227,4.385595238095235,82.91857142857138,90.0,,0.0,20.551249999999982,0.0,2020-05-11 00:00:00
114,,,,,,,,,,,,2019-12-09 00:00:00
115,1.5668510638297886,2.757380952380958,344.66575396825385,5.988273809523808,4.966686507936509,83.3775396825397,90.0,,0.0,17.009523809523813,0.05932539682539682,2019-12-30 00:00:00
116,1.6568868980963036,2.810386178861784,368.5558130081306,4.015914634146339,5.121961382113821,87.20822154471536,90.0,,0.0,17.173973577235767,0.12608739837398372,2020-02-10 00:00:00
117,1.7981777777777763,2.8696666666666677,396.87175,6.273916666666669,5.0709166666666645,88.84820833333332,90.0,,0.0,17.749125000000003,0.2239166666666667,2020-02-20 00:00:00
118,1.767978723404255,2.886770833333333,352.8192708333333,8.098125000000001,4.943854166666667,86.69749999999998,90.0,,0.0,18.7996875,0.0725,2020-02-24 00:00:00
119,1.9480705394190876,2.7103373015873036,370.0045634920639,7.9452380952381025,5.122043650793649,88.32472222222229,90.0,,0.0,17.879384920634923,0.1044047619047619,2020-03-16 00:00:00
120,1.8496074380165295,2.802081632653064,333.18767346938733,11.301999999999994,4.889428571428572,84.34222448979595,90.0,,0.0,18.388163265306126,0.05340816326530612,2020-04-06 00:00:00
121,1.9338153846153847,2.660238095238096,332.8500297619046,11.959702380952384,4.709553571428571,83.86095238095245,90.0,,0.0,18.33741071428572,0.011547619047619048,2020-04-20 00:00:00
122,2.2846827794561952,2.599910714285712,323.4995833333334,15.341190476190471,4.402886904761901,80.55419642857142,90.0,,0.0,19.512440476190484,0.0,2020-05-04 00:00:00
123,,,,,,,,,,,,2020-05-04 00:00:00
124,,,,,,,,,,,,2019-12-30 00:00:00
125,1.7442735042735036,2.7610515873015853,351.99873015873055,3.8725000000000005,5.075396825396828,86.50097222222216,90.0,,0.0,16.938749999999995,0.13380952380952374,2020-01-20 00:00:00
126,1.6428769230769247,2.864680555555567,389.5844166666663,4.868972222222226,5.1375416666666665,88.24995833333325,90.0,,0.0,17.53034722222222,0.15329166666666663,2020-02-20 00:00:00
127,1.6136546184738956,2.8670454545454573,382.73545454545433,8.459507575757572,4.978106060606061,88.33530303030301,90.0,,0.0,18.02234848484848,0.12742424242424244,2020-03-02 00:00:00
128,2.150948012232417,2.637619047619047,355.09163690476197,7.584851190476188,5.18422619047619,87.85148809523812,90.0,,0.0,18.02999999999999,0.07720238095238097,2020-03-16 00:00:00
129,1.804465116279071,2.7549088145896694,331.2969756838904,11.14489361702127,4.831565349544071,84.30696048632221,90.0,,0.0,18.323191489361697,0.04566869300911855,2020-04-13 00:00:00
130,,,,,,,,,,,,2019-12-09 00:00:00
131,,,,,,,,,,,,2019-12-09 00:00:00
132,1.6340259740259744,2.8448214285714304,387.7676785714287,6.911369047619047,4.565833333333334,84.9243452380952,90.0,,0.0,17.32517857142857,0.014999999999999998,2019-12-16 00:00:00
133,1.7051766513056827,2.7152442528735623,337.7762931034479,4.922485632183908,5.115114942528735,84.57054597701148,90.0,,0.0,16.852356321839093,0.13454022988505748,2020-01-14 00:00:00
134,,,,,,,,,,,,2020-01-14 00:00:00
135,1.4363157894736842,2.8718749999999997,353.3446527777777,2.657430555555557,5.0974305555555555,86.73874999999994,90.0,,0.0,17.153194444444452,0.008194444444444443,2020-01-20 00:00:00
136,,,,,,,,,,,,2020-01-20 00:00:00
137,1.6428769230769247,2.864680555555567,389.5844166666663,4.868972222222226,5.1375416666666665,88.24995833333325,90.0,,0.0,17.53034722222222,0.15329166666666663,2020-02-20 00:00:00
138,1.6136546184738956,2.8670454545454573,382.73545454545433,8.459507575757572,4.978106060606061,88.33530303030301,90.0,,0.0,18.02234848484848,0.12742424242424244,2020-03-02 00:00:00
139,,,,,,,,,,,,2020-03-02 00:00:00
140,1.9819999999999998,2.9344642857142857,350.2029166666667,7.2533928571428525,5.070178571428571,88.37601190476195,90.0,,0.0,18.114404761904748,0.03994047619047619,2020-03-09 00:00:00
141,2.1132710280373836,2.5777469135802473,342.40339506172836,9.718518518518522,5.106635802469128,85.65287037037038,90.0,,0.0,18.269351851851862,0.060895061728395074,2020-03-23 00:00:00
142,1.7214814814814807,2.832108433734941,355.5669879518072,11.792891566265059,4.795180722891563,85.96500000000002,90.0,,0.0,18.323614457831326,0.14409638554216866,2020-03-30 00:00:00
143,1.9298214285714284,2.7437499999999986,320.0942857142856,10.485119047619055,4.9725,83.19583333333333,90.0,,0.0,18.23851190476189,0.010416666666666666,2020-04-06 00:00:00
144,1.668757763975155,2.617321428571431,325.78244047619035,10.686666666666667,4.662797619047619,84.20410714285714,90.0,,0.0,18.13369047619048,0.023095238095238096,2020-04-13 00:00:00
145,2.1940243902439023,2.7031547619047616,339.91761904761904,13.232738095238092,4.7563095238095245,83.51779761904761,90.0,,0.0,18.54113095238095,0.0,2020-04-20 00:00:00
146,2.144720965309202,2.576279761904753,311.17040178571443,17.32747023809523,4.553363095238095,81.9019047619048,90.0,,0.0,20.05946428571428,0.01005952380952381,2020-05-18 00:00:00
147,1.8951515151515148,2.558988095238094,281.6500595238093,19.551904761904773,4.440892857142853,82.85999999999997,90.0,,0.0,21.0242261904762,0.054940476190476185,2020-05-25 00:00:00
148,,0.0,0.0,,,85.41683333333337,69.5,,63.87383333333334,16.17524999999999,0.1149166666666667,2020-01-01 00:00:00
149,,0.0,0.0,,,82.77221014492748,69.49508287292818,,68.14637681159418,16.52547101449274,0.0903442028985507,2020-01-24 00:00:00
150,,0.0,0.0,,,79.96851190476191,69.5,,59.95047619047616,16.776011904761912,0.06958333333333334,2020-01-31 00:00:00
151,,0.0,0.0,,,75.07530864197533,69.5,,71.59090534979421,17.244958847736612,0.08475308641975307,2020-02-22 00:00:00
152,,0.0,0.0,,,73.12833333333339,69.5,,79.69206250000002,17.44747916666666,0.08312500000000002,2020-03-13 00:00:00
153,,0.0,220.18756838905773,,,68.36120060790269,69.5,,48.26785714285719,18.280091185410324,0.017629179331306994,2020-04-10 00:00:00
154,,0.0,466.15500000000003,,,62.224226190476166,,,0.0,18.786964285714287,0.004702380952380953,2020-04-17 00:00:00
155,,0.0,463.34119047619015,,,67.89654761904762,20.13110429447851,,58.32800595238094,19.550238095238093,0.037351190476190475,2020-05-01 00:00:00
156,,,,,,,,,,,,2020-05-01 00:00:00
157,,,464.54238095238117,,,73.86130952380952,24.309583333333325,,9.411547619047619,21.59595238095238,0.042976190476190466,2020-05-08 00:00:00
158,,,462.7483448275864,,,75.07420689655173,,,0.0,20.08496551724138,0.1629655172413793,2020-05-29 00:00:00
159,,,,,,,,,,,,2019-12-09 00:00:00
160,,0.0,0.0,,,86.28928240740741,69.5,,63.01655092592592,16.587083333333336,0.04622685185185185,2019-12-27 00:00:00
161,,0.0,0.0,,,85.41683333333337,69.5,,63.87383333333334,16.17524999999999,0.1149166666666667,2020-01-01 00:00:00
162,,0.0,0.0,,,85.66476190476186,69.5,,65.87547619047619,16.23333333333333,0.2193452380952381,2020-01-08 00:00:00
163,,0.0,0.0,,,79.40546109510095,69.49613043478261,,65.57674351585015,16.755432276657057,0.03896253602305478,2020-02-07 00:00:00
164,,,,,,,,,,,,2020-02-07 00:00:00
165,,0.0,0.0,,,74.665,69.5,,75.6684523809524,17.323809523809537,0.09339285714285715,2020-02-14 00:00:00
166,,0.0,0.0,,,74.19265243902436,69.5,,78.42105182926827,17.424390243902447,0.09614329268292682,2020-03-13 00:00:00
167,,0.0,0.0,,,70.57232142857143,69.5,,87.09416666666668,17.995357142857152,0.0,2020-03-20 00:00:00
168,,0.0,0.0,,,70.11818181818178,69.5,,90.58058441558435,19.19344155844156,0.033116883116883114,2020-03-27 00:00:00
169,,0.0,397.0498214285714,,,68.29869047619047,69.5,,18.9227380952381,17.90244047619048,0.037202380952380945,2020-04-03 00:00:00
170,,0.0,465.7532440476192,,,63.41312500000005,,,0.0,18.446101190476192,0.0030952380952380953,2020-04-17 00:00:00
171,,0.0,466.2339880952378,,,73.31130952380951,19.36917721518987,,59.84482142857147,18.59940476190477,0.07470238095238095,2020-04-24 00:00:00
172,,,460.4483928571426,,,62.48178571428573,20.84767857142856,,56.81119047619046,20.50107142857144,0.0,2020-05-01 00:00:00
173,,,463.7112779552714,,,74.42319488817887,24.309583333333325,,5.051565495207667,20.895974440894566,0.09856230031948882,2020-05-16 00:00:00
174,,,,,,,,,,,,2020-05-16 00:00:00
175,,,,,,,,,,,,2020-05-29 00:00:00
176,,,,,,,,,,,,2019-12-18 00:00:00
177,,0.0,0.0,,,85.75053571428577,69.5,,64.90152777777779,16.24287698412696,0.12244047619047624,2020-01-08 00:00:00
178,,0.0,0.0,,,78.48156612529007,69.49688811188811,,67.54357308584684,16.866206496519734,0.04957076566125293,2020-02-14 00:00:00
179,,0.0,0.0,,,77.09534090909087,69.5,,74.95465909090909,17.361420454545456,0.13164772727272728,2020-02-22 00:00:00
180,,,,,,,,,,,,2020-02-22 00:00:00
181,,0.0,0.0,,,73.12833333333339,69.5,,79.69206250000002,17.44747916666666,0.08312500000000002,2020-03-13 00:00:00
182,,0.0,0.0,,,70.57232142857143,69.5,,87.09416666666668,17.995357142857152,0.0,2020-03-20 00:00:00
183,,0.0,365.0420944309926,,,67.67008474576274,46.67386167146975,,32.90842615012104,18.50604116222759,0.030193704600484268,2020-04-24 00:00:00
184,,,462.49538690476174,,,68.17154761904766,21.280416666666657,,33.111369047619036,21.048511904761895,0.021488095238095233,2020-05-08 00:00:00
185,,,462.7483448275864,,,75.07420689655173,,,0.0,20.08496551724138,0.1629655172413793,2020-05-16 00:00:00
186,,,,,,,,,,,,2020-05-22 00:00:00
187,,,,,,,,,,,,2019-12-18 00:00:00
188,,0.0,0.0,,,86.00263888888894,69.5,,64.71495370370373,16.28787037037037,0.051250000000000004,2019-12-27 00:00:00
189,,0.0,0.0,,,85.41683333333337,69.5,,63.87383333333334,16.17524999999999,0.1149166666666667,2020-01-01 00:00:00
190,,0.0,0.0,,,80.62537122969837,69.49685512367492,,65.6349651972158,16.65367749419954,0.07411832946635726,2020-02-07 00:00:00
191,,,,,,,,,,,,2020-02-07 00:00:00
192,,0.0,0.0,,,74.665,69.5,,75.6684523809524,17.323809523809537,0.09339285714285715,2020-02-14 00:00:00
193,,0.0,0.0,,,77.09534090909087,69.5,,74.95465909090909,17.361420454545456,0.13164772727272728,2020-02-22 00:00:00
194,,0.0,0.0,,,74.71307692307694,69.5,,77.04657051282055,17.30971153846153,0.08189102564102566,2020-03-06 00:00:00
195,,,,,,,,,,,,2020-03-06 00:00:00
196,,0.0,0.0,,,70.18523809523806,69.5,,84.60511904761908,17.703333333333337,0.08541666666666667,2020-03-13 00:00:00
197,,0.0,0.0,,,70.57232142857143,69.5,,87.09416666666668,17.995357142857152,0.0,2020-03-20 00:00:00
198,,0.0,0.0,,,70.11818181818178,69.5,,90.58058441558435,19.19344155844156,0.033116883116883114,2020-03-27 00:00:00
199,,0.0,442.85210317460303,,,65.04164682539682,69.5,,6.307579365079366,18.264880952380935,0.014464285714285709,2020-04-17 00:00:00
200,,0.0,463.74158730158666,,,69.8848015873016,20.417628571428555,,42.022519841269826,20.232142857142858,0.03922619047619049,2020-05-08 00:00:00
201,,,462.7483448275864,,,75.07420689655173,,,0.0,20.08496551724138,0.1629655172413793,2020-05-16 00:00:00
202,,,,,,,,,,,,2020-01-08 00:00:00
203,,0.0,0.0,,,83.62449074074074,69.4876388888889,,71.80347222222223,16.530879629629627,0.02879629629629629,2020-01-17 00:00:00
204,,0.0,0.0,,,78.78386904761906,69.5,,65.71529761904763,16.810654761904765,0.04047619047619048,2020-01-24 00:00:00
205,,0.0,0.0,,,79.96851190476191,69.5,,59.95047619047616,16.776011904761912,0.06958333333333334,2020-01-31 00:00:00
206,,0.0,0.0,,,73.9284516129032,69.5,,69.68116129032254,17.178838709677404,0.058129032258064525,2020-02-14 00:00:00
207,,0.0,0.0,,,75.5722540983606,69.5,,76.29211065573769,17.328360655737697,0.09983606557377049,2020-03-06 00:00:00
208,,,,,,,,,,,,2020-03-06 00:00:00
209,,0.0,0.0,,,70.29687755102037,69.5,,87.33651020408169,18.27177551020409,0.0396938775510204,2020-03-27 00:00:00
210,,0.0,448.6975744047618,,,67.10906250000004,28.46025906735753,,19.691889880952374,18.348511904761885,0.029523809523809525,2020-04-24 00:00:00
211,,,462.5716424116421,,,70.25239085239086,21.280416666666657,,23.129771309771304,20.758045738045723,0.06413721413721413,2020-05-22 00:00:00
212,,,,,,,,,,,,2020-06-05 00:00:00
213,,,,,,,,,,,,2019-12-09 00:00:00
214,,0.0,0.0,,,84.43591485507238,69.49756164383562,,65.67464673913044,16.511512681159438,0.07575181159420283,2020-01-24 00:00:00
215,,0.0,0.0,,,79.96851190476191,69.5,,59.95047619047616,16.776011904761912,0.06958333333333334,2020-01-31 00:00:00
216,,,,,,,,,,,,2020-01-31 00:00:00
217,,0.0,45.81344093406593,,,72.60764423076922,69.5,,71.98188186813178,17.68026098901098,0.06348901098901098,2020-04-03 00:00:00
218,,0.0,465.3514880952382,,,64.6020238095239,,,0.0,18.105238095238093,0.001488095238095238,2020-04-10 00:00:00
219,,,,,,,,,,,,2020-04-10 00:00:00
220,,0.0,466.15500000000003,,,62.224226190476166,,,0.0,18.786964285714287,0.004702380952380953,2020-04-17 00:00:00
221,,0.0,463.5196764252692,,,71.04422187981511,20.417628571428555,,32.63382126348227,20.19926040061634,0.06687211093990757,2020-05-22 00:00:00
222,,,,,,,,,,,,2020-05-29 00:00:00
223,,,,,,,,,,,,2020-01-17 00:00:00
224,,,,,,,,,,,,2020-01-17 00:00:00
225,,0.0,0.0,,,78.78386904761906,69.5,,65.71529761904763,16.810654761904765,0.04047619047619048,2020-01-24 00:00:00
226,,0.0,0.0,,,75.84927318295735,69.5,,70.4085338345865,17.210726817042605,0.0886967418546366,2020-02-28 00:00:00
227,,0.0,80.75589588377723,,,70.97302663438258,69.5,,71.05483050847465,17.949963680387416,0.04037530266343825,2020-04-03 00:00:00
228,,0.0,465.913492063492,,,66.71251984126984,19.36917721518987,,19.948273809523826,18.497202380952384,0.026964285714285715,2020-04-24 00:00:00
229,,,462.49538690476174,,,68.17154761904766,21.280416666666657,,33.111369047619036,21.048511904761895,0.021488095238095233,2020-05-08 00:00:00
230,,,462.7483448275864,,,75.07420689655173,,,0.0,20.08496551724138,0.1629655172413793,2020-05-22 00:00:00
231,,,,,,,,,,,,2020-05-29 00:00:00
232,,,,,,,,,,,,2020-06-05 00:00:00
233,,,,,,,,,,,,2019-12-09 00:00:00
234,,0.0,0.0,,,86.57592592592593,69.5,,61.318148148148104,16.8862962962963,0.041203703703703715,2019-12-18 00:00:00
235,,,,,,,,,,,,2019-12-18 00:00:00
236,,0.0,0.0,,,86.00263888888894,69.5,,64.71495370370373,16.28787037037037,0.051250000000000004,2019-12-27 00:00:00
237,,0.0,0.0,,,85.41683333333337,69.5,,63.87383333333334,16.17524999999999,0.1149166666666667,2020-01-01 00:00:00
238,,0.0,0.0,,,85.66476190476186,69.5,,65.87547619047619,16.23333333333333,0.2193452380952381,2020-01-08 00:00:00
239,,0.0,0.0,,,83.62449074074074,69.4876388888889,,71.80347222222223,16.530879629629627,0.02879629629629629,2020-01-17 00:00:00
240,,0.0,0.0,,,76.35963768115947,69.5,,69.59231884057972,17.14114906832299,0.08031055900621119,2020-02-28 00:00:00
241,,,,,,,,,,,,2020-02-28 00:00:00
242,,,,,,,,,,,,2020-02-28 00:00:00
243,,0.0,0.0,,,72.12567460317467,69.5,,82.46599206349214,17.585853174603184,0.04365079365079365,2020-03-20 00:00:00
244,,0.0,0.0,,,70.11818181818178,69.5,,90.58058441558435,19.19344155844156,0.033116883116883114,2020-03-27 00:00:00
245,,0.0,397.0498214285714,,,68.29869047619047,69.5,,18.9227380952381,17.90244047619048,0.037202380952380945,2020-04-03 00:00:00
246,,0.0,465.3514880952382,,,64.6020238095239,,,0.0,18.105238095238093,0.001488095238095238,2020-04-10 00:00:00
247,,0.0,464.2791269841275,,,66.00577380952379,20.13110429447851,,38.88533730158729,19.2958134920635,0.026468253968253967,2020-05-01 00:00:00
248,,,463.7112779552714,,,74.42319488817887,24.309583333333325,,5.051565495207667,20.895974440894566,0.09856230031948882,2020-06-05 00:00:00
249,,,,,,,,,,,,2020-06-05 00:00:00
250,,0.0,0.0,,,81.0658333333333,15.973095238095238,,87.22255952380955,17.010982142857138,0.05511904761904764,2020-01-31 00:00:00
251,,0.0,0.0,,,77.27802816901409,15.749478260869566,,70.55591549295775,16.923309859154934,0.02605633802816901,2020-02-07 00:00:00
252,,,,,,,,,,,,2020-02-07 00:00:00
253,,0.0,0.0,,,77.92943283582085,16.322999999999983,,78.61150746268656,17.1883134328358,0.09994029850746265,2020-03-06 00:00:00
254,,0.0,0.0,,,72.05365306122451,17.764183673469375,,83.56667346938787,18.10326530612245,0.04202040816326531,2020-03-27 00:00:00
255,,0.0,491.78135714285753,,,67.18944047619038,18.658555555555562,,42.020380952381224,18.87390476190474,0.023892857142857146,2020-05-01 00:00:00
256,,,513.2050174216032,,,71.80400696864113,23.41333333333333,,8.287700348432057,22.017534722222216,0.11334494773519167,2020-05-22 00:00:00
257,,,,,,,,,,,,2019-12-09 00:00:00
258,,0.0,0.0,,,80.75356481481482,16.70666666666667,,85.98175925925926,17.66226851851851,0.043194444444444445,2019-12-18 00:00:00
259,,0.0,0.0,,,81.46949074074075,15.949444444444442,,87.4303703703704,16.96337962962963,0.056018518518518516,2019-12-27 00:00:00
260,,0.0,0.38216666666666665,,,82.32124999999998,15.489749999999995,,87.97991666666668,16.821,0.11525000000000003,2020-01-01 00:00:00
261,,0.0,0.0,,,80.04750733137828,15.954803459119503,,81.21989002932543,17.032390029325548,0.09269061583577697,2020-02-28 00:00:00
262,,0.0,0.0,,,75.26732142857152,16.92438405797101,,69.79032738095239,17.33452380952379,0.06824404761904763,2020-03-13 00:00:00
263,,0.0,230.25694528875408,,,69.70819148936164,18.044901960784305,,44.979878419452916,18.21630699088145,0.01794832826747721,2020-04-10 00:00:00
264,,0.0,517.3232738095236,,,68.72157738095237,18.04343949044586,,46.51663690476179,18.81386904761905,0.04020833333333333,2020-04-24 00:00:00
265,,,,,,,,,,,,2020-04-24 00:00:00
266,,,515.6923214285711,,,66.79020833333328,20.009375000000006,,57.02907738095237,21.673005952380954,0.02196428571428571,2020-05-08 00:00:00
267,,,519.1921848739495,,,72.90193277310928,,,0.0,20.988333333333347,0.21260504201680677,2020-06-05 00:00:00
268,,,,,,,,,,,,2019-12-09 00:00:00
269,,0.0,0.08307971014492753,,,81.37451086956521,16.14581521739131,,86.98298913043467,17.205905797101444,0.0638768115942029,2020-01-01 00:00:00
270,,0.0,0.0,,,82.74065104166667,15.560062695924765,,72.92398437499999,16.83437500000002,0.11716145833333326,2020-01-17 00:00:00
271,,,,,,,,,,,,2020-01-17 00:00:00
272,,0.0,0.0,,,81.02202380952377,16.065059523809538,,86.978630952381,17.193869047619035,0.04369047619047618,2020-01-24 00:00:00
273,,0.0,0.0,,,79.07043933054386,15.928847006651868,,82.19665271966527,16.98746861924686,0.06282426778242682,2020-02-14 00:00:00
274,,0.0,0.0,,,74.92262096774189,17.121019313304707,,79.67811491935471,17.638094758064497,0.0729838709677419,2020-03-27 00:00:00
275,,,,,,,,,,,,2020-03-27 00:00:00
276,,0.0,497.237071872227,,,68.36457852706296,18.95572916666667,,33.43007098491594,19.676533687943245,0.046672582076308776,2020-05-16 00:00:00
277,,,,,,,,,,,,2020-05-16 00:00:00
278,,,,,,,,,,,,2020-05-22 00:00:00
279,,,,,,,,,,,,2020-05-22 00:00:00
280,,,,,,,,,,,,2019-12-18 00:00:00
281,,0.0,0.09099206349206349,,,82.20295634920636,15.694168564920288,,76.43446428571426,16.857559523809535,0.12452380952380955,2020-01-08 00:00:00
282,,,,,,,,,,,,2020-01-08 00:00:00
283,,,,,,,,,,,,2020-01-08 00:00:00
284,,0.0,0.0,,,81.8483854166667,15.824739583333352,,87.33020833333332,17.02960937499999,0.04036458333333335,2020-01-24 00:00:00
285,,,,,,,,,,,,2020-01-24 00:00:00
286,,0.0,0.0,,,78.38022448979596,16.166013437849923,,78.96226530612236,17.088163265306097,0.08351020408163268,2020-03-06 00:00:00
287,,0.0,239.23897384305877,,,69.54057344064385,17.731104761904746,,44.09657947686123,18.233641851106658,0.028018108651911476,2020-04-17 00:00:00
288,,,,,,,,,,,,2020-04-17 00:00:00
289,,0.0,517.4578769841265,,,68.56053571428579,19.124985673352434,,69.03047619047663,20.680337301587315,0.039761904761904776,2020-05-08 00:00:00
290,,,519.1921848739495,,,72.90193277310928,,,0.0,20.988333333333347,0.21260504201680677,2020-05-22 00:00:00
291,,,,,,,,,,,,2019-12-09 00:00:00
292,,0.0,0.0,,,81.1115277777778,16.328055555555554,,86.70606481481478,17.31282407407406,0.049606481481481494,2019-12-27 00:00:00
293,,0.0,0.09099206349206349,,,82.64079365079367,15.54084282460138,,76.50873015873015,16.831190476190493,0.11670634920634915,2020-01-17 00:00:00
294,,0.0,0.0,,,81.02202380952377,16.065059523809538,,86.978630952381,17.193869047619035,0.04369047619047618,2020-01-24 00:00:00
295,,0.0,0.0,,,79.18977544910173,16.0048829953198,,83.51895209580834,17.035134730538903,0.08329341317365274,2020-02-22 00:00:00
296,,0.0,0.0,,,76.64695512820508,16.57587301587302,,69.20628205128206,17.201698717948727,0.08397435897435897,2020-03-06 00:00:00
297,,0.0,0.0,,,73.08267857142854,17.064285714285713,,84.73357142857147,17.60244047619047,0.09041666666666666,2020-03-13 00:00:00
298,,,,,,,,,,,,2020-03-13 00:00:00
299,,0.0,0.0,,,71.96714285714285,18.007738095238096,,83.1902976190477,17.859166666666674,0.00029761904761904765,2020-03-20 00:00:00
300,,0.0,210.57354037267086,,,70.30773291925462,18.07793650793651,,48.511770186335404,18.481770186335403,0.03605590062111802,2020-04-03 00:00:00
301,,,,,,,,,,,,2020-04-03 00:00:00
302,,0.0,498.24041666666676,,,66.30011904761903,,,0.0,18.064642857142864,0.0008928571428571429,2020-04-10 00:00:00
303,,0.0,513.6575595238091,,,65.34196428571425,,,0.0,18.932738095238086,0.00505952380952381,2020-04-17 00:00:00
304,,0.0,520.9889880952384,,,72.10119047619048,18.04343949044586,,93.03327380952358,18.694999999999986,0.07535714285714286,2020-04-24 00:00:00
305,,,516.6076703296702,,,68.38865934065932,20.009375000000006,,42.11378021978021,21.492828947368434,0.07182417582417583,2020-06-05 00:00:00
306,,,,,,,,,,,,2019-12-09 00:00:00
307,,0.0,0.08307971014492753,,,81.37451086956521,16.14581521739131,,86.98298913043467,17.205905797101444,0.0638768115942029,2020-01-01 00:00:00
308,,0.0,0.0,,,81.95906944444447,15.771938931297726,,79.59665277777772,16.916791666666686,0.08820833333333321,2020-01-31 00:00:00
309,,0.0,0.0,,,77.96532258064519,15.957173144876325,,79.34074193548385,17.073838709677425,0.06080645161290322,2020-02-14 00:00:00
310,,,,,,,,,,,,2020-02-14 00:00:00
311,,0.0,0.0,,,75.63880668257755,16.89516709511567,,79.1219928400953,17.403269689737463,0.08001193317422432,2020-03-20 00:00:00
312,,0.0,210.57354037267086,,,70.30773291925462,18.07793650793651,,48.511770186335404,18.481770186335403,0.03605590062111802,2020-04-03 00:00:00
313,,0.0,505.9489880952386,,,65.82104166666667,,,0.0,18.49869047619047,0.002976190476190477,2020-04-17 00:00:00
314,,0.0,520.9889880952384,,,72.10119047619048,18.04343949044586,,93.03327380952358,18.694999999999986,0.07535714285714286,2020-04-24 00:00:00
315,,,522.4205357142858,,,62.55410714285714,19.52309523809524,,99.89999999999979,20.59333333333333,0.0008928571428571429,2020-05-01 00:00:00
316,,,,,,,,,,,,2020-05-01 00:00:00
317,,,508.9641071428573,,,71.02630952380952,23.41333333333333,,14.158154761904765,22.752678571428564,0.043035714285714274,2020-05-08 00:00:00
318,,,519.1921848739495,,,72.90193277310928,,,0.0,20.988333333333347,0.21260504201680677,2020-05-16 00:00:00
319,,,,,,,,,,,,2020-05-29 00:00:00
320,,,,,,,,,,,,2020-06-05 00:00:00
321,,,,,,,,,,,,2019-12-18 00:00:00
322,,,,,,,,,,,,2019-12-18 00:00:00
323,,0.0,0.0434280303030303,,,81.90008522727277,15.776458123107991,,82.15164772727275,16.915435606060612,0.08469696969696958,2020-01-31 00:00:00
324,,0.0,0.0,,,77.27802816901409,15.749478260869566,,70.55591549295775,16.923309859154934,0.02605633802816901,2020-02-07 00:00:00
325,,,,,,,,,,,,2020-02-07 00:00:00
326,,0.0,0.0,,,79.0471229050279,16.144999999999996,,86.80824022346374,17.176648044692733,0.11385474860335194,2020-02-22 00:00:00
327,,,,,,,,,,,,2020-02-22 00:00:00
328,,0.0,0.0,,,75.70777777777774,16.47770833333333,,85.95868055555559,17.35930555555556,0.12819444444444442,2020-02-28 00:00:00
329,,0.0,0.0,,,75.26732142857152,16.92438405797101,,69.79032738095239,17.33452380952379,0.06824404761904763,2020-03-13 00:00:00
330,,0.0,0.0,,,71.96714285714285,18.007738095238096,,83.1902976190477,17.859166666666674,0.00029761904761904765,2020-03-20 00:00:00
331,,0.0,309.20218367346973,,,68.93369387755098,18.07793650793651,,31.879163265306126,18.338755102040814,0.02400000000000001,2020-04-10 00:00:00
332,,,,,,,,,,,,2020-04-10 00:00:00
333,,0.0,516.5077976190474,,,67.75589285714288,19.124985673352434,,51.77285714285748,20.24343749999999,0.031086309523809537,2020-05-08 00:00:00
334,,,519.1921848739495,,,72.90193277310928,,,0.0,20.988333333333347,0.21260504201680677,2020-05-29 00:00:00
335,,,,,,,,,,,,2020-05-29 00:00:00
336,,,,,,,,,,,,2020-06-05 00:00:00
337,,,,,,,,,,,,2019-12-27 00:00:00
338,,0.0,0.38216666666666665,,,82.32124999999998,15.489749999999995,,87.97991666666668,16.821,0.11525000000000003,2020-01-01 00:00:00
339,,0.0,0.0,,,83.06148809523812,15.39699029126213,,54.05011904761905,16.74761904761905,0.21922619047619052,2020-01-08 00:00:00
340,,0.0,0.0,,,81.62355072463775,15.841902173913056,,87.37168478260867,16.968278985507236,0.04833333333333337,2020-01-31 00:00:00
341,,0.0,0.0,,,77.96532258064519,15.957173144876325,,79.34074193548385,17.073838709677425,0.06080645161290322,2020-02-14 00:00:00
342,,0.0,0.0,,,79.48999999999998,16.185368421052637,,86.84557894736844,17.155052631578943,0.13478947368421057,2020-02-22 00:00:00
343,,0.0,0.0,,,75.70777777777774,16.47770833333333,,85.95868055555559,17.35930555555556,0.12819444444444442,2020-02-28 00:00:00
344,,,,,,,,,,,,2020-02-28 00:00:00
345,,0.0,0.0,,,77.45196428571428,16.70675925925926,,54.847083333333316,17.066607142857144,0.046071428571428576,2020-03-06 00:00:00
346,,0.0,0.0,,,72.52491071428572,17.536011904761903,,83.96193452380962,17.73080357142857,0.04535714285714286,2020-03-20 00:00:00
347,,0.0,0.0,,,71.02545454545458,18.262012987012984,,82.70428571428573,18.915909090909093,0.034740259740259745,2020-03-27 00:00:00
348,,0.0,403.5992857142858,,,69.64982142857139,17.268000000000004,,17.168630952380955,18.083809523809514,0.03726190476190476,2020-04-03 00:00:00
349,,0.0,513.8268750000004,,,66.57434523809518,18.808307692307693,,48.23331845238123,19.071428571428534,0.02055059523809524,2020-05-01 00:00:00
350,,,513.2050174216032,,,71.80400696864113,23.41333333333333,,8.287700348432057,22.017534722222216,0.11334494773519167,2020-05-16 00:00:00
351,,,,,,,,,,,,2020-05-29 00:00:00
352,,,,,,,,,,,,2019-12-16 00:00:00
353,0.8341666666666667,0.0,802.0874166666666,2.0862499999999997,5.202,88.07537815126055,,,0.0,12.174249999999997,0.08277310924369748,2019-12-30 00:00:00
354,1.1544642857142862,0.0,819.01863095238,3.501150793650792,5.017896825396823,88.99734126984127,,,0.0,12.066845238095237,0.076984126984127,2020-01-20 00:00:00
355,1.1808630952380956,0.0,817.4499255952377,5.341666666666665,5.064553571428575,89.97455357142863,,,0.0,12.996324404761895,0.09446428571428574,2020-02-18 00:00:00
356,1.204953560371516,0.0,797.3356862745092,8.383983488132095,4.665644994840038,86.08763673890599,,,0.0,15.697213622291024,0.08303405572755419,2020-03-30 00:00:00
357,1.322113095238096,0.0,762.4065476190477,11.40282738095238,4.597172619047615,77.31592261904764,,,0.0,19.636785714285732,0.08848214285714287,2020-04-13 00:00:00
358,1.3834523809523804,0.0,679.2731249999993,12.298958333333339,4.594285714285714,73.91455357142857,,,0.0,22.46178571428572,0.06485119047619048,2020-04-27 00:00:00
359,1.2583333333333333,,639.364107142857,16.257639751552805,3.610892857142857,73.3493452380953,,,0.0,23.94982142857143,0.06261904761904763,2020-05-04 00:00:00
360,1.3410714285714285,,584.410416666667,17.25490322580644,3.9727380952380957,73.34077380952377,,,0.0,22.318749999999998,0.09380952380952381,2020-05-11 00:00:00
361,,,,,,,,,,,,2019-12-09 00:00:00
362,1.0357986111111108,0.0,797.5220833333332,2.4410069444444447,5.107118055555554,88.453031358885,,,0.0,12.289618055555552,0.03815331010452962,2020-01-06 00:00:00
363,1.2168560606060619,0.0,840.8345833333331,4.6439204545454515,5.274678030303031,90.2813446969698,,,0.0,11.974015151515141,0.14787878787878792,2020-01-28 00:00:00
364,,,,,,,,,,,,2020-01-28 00:00:00
365,0.9711666666666668,0.0,798.03,5.957166666666664,5.306833333333333,90.71541666666657,,,0.0,13.168083333333334,0.03208333333333333,2020-02-03 00:00:00
366,1.33297619047619,0.0,790.0430952380957,2.1339285714285716,5.0184523809523816,88.19982142857137,,,0.0,12.888630952380955,0.0,2020-02-10 00:00:00
367,1.0114583333333331,0.0,813.6685937500005,7.167552083333334,4.275208333333334,88.75281250000002,,,0.0,13.900937500000003,0.10026041666666664,2020-02-18 00:00:00
368,1.0477272727272735,0.0,816.1573295454541,6.916117424242422,5.048825757575757,88.433106060606,,,0.0,14.681818181818189,0.10916666666666669,2020-03-11 00:00:00
369,,,,,,,,,,,,2020-03-11 00:00:00
370,,,,,,,,,,,,2020-03-11 00:00:00
371,1.4765818181818193,0.0,759.5972727272728,9.270509090909075,3.875272727272728,81.62679999999999,,,0.0,16.70745454545454,0.0016363636363636363,2020-03-23 00:00:00
372,,,,,,,,,,,,2020-03-23 00:00:00
373,1.2550602409638552,0.0,799.9877108433734,11.58421686746987,4.756204819277109,86.01728915662648,,,0.0,17.253313253012056,0.13475903614457835,2020-03-30 00:00:00
374,1.322113095238096,0.0,762.4065476190477,11.40282738095238,4.597172619047615,77.31592261904764,,,0.0,19.636785714285732,0.08848214285714287,2020-04-13 00:00:00
375,,,,,,,,,,,,2019-12-23 00:00:00
376,1.124495614035088,0.0,820.9210526315786,3.546995614035088,5.028728070175435,88.86123076923084,,,0.0,12.239824561403502,0.09813186813186814,2020-01-13 00:00:00
377,1.1889999999999998,0.0,831.4083888888886,4.271027777777778,5.452166666666667,90.61863888888892,,,0.0,11.88980555555555,0.12327777777777779,2020-01-28 00:00:00
378,1.1160493827160494,0.0,803.0600308641975,5.245709876543215,4.6908333333333285,87.91425925925925,,,0.0,13.752561728395047,0.04236111111111111,2020-02-25 00:00:00
379,1.0291666666666666,0.0,842.839642857143,7.873214285714288,5.586607142857145,91.5810119047619,,,0.0,14.21988095238095,0.17101190476190475,2020-03-03 00:00:00
380,0.9988541666666672,0.0,800.3454166666667,7.183958333333336,5.147552083333332,88.97182291666662,,,0.0,14.926250000000005,0.12791666666666665,2020-03-11 00:00:00
381,1.4012500000000003,0.0,775.4564166666665,7.822583333333335,4.336833333333333,82.28858333333332,,,0.0,16.637999999999998,0.0037500000000000003,2020-03-16 00:00:00
382,1.3553729071537277,0.0,768.3425266362251,11.210060882800613,4.382739726027403,80.41059360730591,,,0.0,18.35616438356163,0.07929984779299847,2020-04-13 00:00:00
383,1.2166666666666666,0.0,695.1132142857143,11.976845238095239,5.1932142857142845,78.83214285714283,,,0.0,21.440595238095245,0.12791666666666665,2020-04-20 00:00:00
384,1.5502380952380959,0.0,663.4330357142856,12.62107142857143,3.995357142857144,68.99696428571426,,,0.0,23.482976190476183,0.0017857142857142857,2020-04-27 00:00:00
385,1.2997023809523804,,611.8872619047615,16.74680379746836,3.7918154761904788,73.34505952380957,,,0.0,23.1342857142857,0.07821428571428572,2020-05-11 00:00:00
386,,,,,,,,,,,,2020-05-11 00:00:00
387,0.7086290322580641,,551.7112096774192,16.804952380952383,3.3405645161290325,63.01701612903227,,,0.0,28.782741935483863,0.07620967741935482,2020-05-18 00:00:00
388,,,,,,,,,,,,2019-12-09 00:00:00
389,,,,,,,,,,,,2019-12-16 00:00:00
390,1.0357986111111108,0.0,797.5220833333332,2.4410069444444447,5.107118055555554,88.453031358885,,,0.0,12.289618055555552,0.03815331010452962,2020-01-06 00:00:00
391,1.1417857142857148,0.0,831.397380952381,3.9045238095238117,5.007172619047623,89.13574404761911,,,0.0,11.914255952380964,0.11220238095238098,2020-01-20 00:00:00
392,1.3482291666666668,0.0,857.3496875000005,5.937864583333337,5.7428124999999985,92.28614583333331,,,0.0,12.078593750000003,0.2103125,2020-01-28 00:00:00
393,1.1822222222222225,0.0,793.3709722222223,3.7269444444444435,5.1386111111111115,89.24798611111103,,,0.0,13.005069444444445,0.013368055555555555,2020-02-10 00:00:00
394,,,,,,,,,,,,2020-02-10 00:00:00
395,1.0114583333333331,0.0,813.6685937500005,7.167552083333334,4.275208333333334,88.75281250000002,,,0.0,13.900937500000003,0.10026041666666664,2020-02-18 00:00:00
396,1.1131944444444446,0.0,808.6201234567898,7.08398148148148,4.916975308641973,87.29523148148141,,,0.0,15.044074074074082,0.08964506172839509,2020-03-16 00:00:00
397,1.3531697341513287,0.0,781.5739877300615,11.18306748466257,4.233231083844581,81.86310838445812,,,0.0,17.63165644171779,0.060470347648261764,2020-04-06 00:00:00
398,1.3467559523809525,0.0,681.9349702380956,13.002135338345868,4.404345238095236,74.34029761904765,,,0.0,22.334598214285705,0.08160714285714288,2020-05-04 00:00:00
399,,,,,,,,,,,,2019-12-09 00:00:00
400,,,,,,,,,,,,2019-12-16 00:00:00
401,,,,,,,,,,,,2019-12-23 00:00:00
402,,,,,,,,,,,,2019-12-23 00:00:00
403,1.0357986111111108,0.0,797.5220833333332,2.4410069444444447,5.107118055555554,88.453031358885,,,0.0,12.289618055555552,0.03815331010452962,2020-01-06 00:00:00
404,1.1713580246913584,0.0,832.9078086419753,4.887114197530862,5.280632716049383,90.36172839506187,,,0.0,12.195138888888875,0.1264351851851852,2020-02-03 00:00:00
405,1.1489772727272725,0.0,804.2032196969699,5.084015151515151,4.55083333333333,87.27763257575755,,,0.0,13.885397727272716,0.04469696969696969,2020-02-25 00:00:00
406,,,,,,,,,,,,2020-02-25 00:00:00
407,1.0291666666666666,0.0,842.839642857143,7.873214285714288,5.586607142857145,91.5810119047619,,,0.0,14.21988095238095,0.17101190476190475,2020-03-03 00:00:00
408,1.2801713062098503,0.0,776.3502569593142,8.412655246252674,4.398351177730192,84.64659528907914,,,0.0,15.975139186295518,0.05355460385438972,2020-03-23 00:00:00
409,1.268832335329342,0.0,797.4706586826344,11.550419161676642,4.565179640718562,82.21053892215572,,,0.0,18.035598802395207,0.08853293413173653,2020-04-06 00:00:00
410,,,,,,,,,,,,2020-04-06 00:00:00
411,,,,,,,,,,,,2020-04-06 00:00:00
412,1.289226190476191,0.0,712.471369047619,11.632738095238095,5.005565476190475,77.5074404761905,,,0.0,20.952797619047615,0.13101190476190477,2020-04-20 00:00:00
413,,,,,,,,,,,,2019-12-30 00:00:00
414,1.228184523809524,0.0,827.647351190476,4.068690476190476,4.966845238095238,89.13955357142855,,,0.0,12.263244047619047,0.10357142857142858,2020-01-13 00:00:00
415,,,,,,,,,,,,2020-01-13 00:00:00
416,1.0070238095238093,0.0,801.7611904761909,2.3660714285714284,5.120000000000001,88.71291666666669,,,0.0,11.674047619047617,0.023809523809523808,2020-01-20 00:00:00
417,1.2486249999999997,0.0,818.9624583333334,4.611312500000001,5.380291666666668,90.46324999999999,,,0.0,12.634479166666665,0.09214583333333336,2020-02-10 00:00:00
418,1.1729543496985346,0.0,800.0367355727813,8.182816537467703,4.601076658053406,86.52838931955202,,,0.0,15.400155038759692,0.08588285960378984,2020-03-30 00:00:00
419,1.322113095238096,0.0,762.4065476190477,11.40282738095238,4.597172619047615,77.31592261904764,,,0.0,19.636785714285732,0.08848214285714287,2020-04-13 00:00:00
420,1.2166666666666666,0.0,695.1132142857143,11.976845238095239,5.1932142857142845,78.83214285714283,,,0.0,21.440595238095245,0.12791666666666665,2020-04-20 00:00:00
421,1.404285714285715,0.0,651.3985714285712,14.40066869300912,3.803125000000002,71.17315476190474,,,0.0,23.71639880952381,0.032202380952380955,2020-05-04 00:00:00
422,1.0725000000000011,,570.5244520547946,17.073192307692302,3.704280821917809,68.95671232876708,,,0.0,25.063732876712322,0.08633561643835616,2020-05-18 00:00:00
423,,,,,,,,,,,,2019-12-30 00:00:00
424,1.1798214285714284,0.0,794.2611309523809,2.6944047619047624,5.039345238095239,88.72053571428572,,,0.0,12.37202380952381,0.006547619047619048,2020-01-06 00:00:00
425,1.2765476190476193,0.0,861.0335714285715,5.442976190476192,4.894345238095242,89.55857142857148,,,0.0,12.15446428571429,0.2005952380952381,2020-01-13 00:00:00
426,1.1345416666666657,0.0,823.0637916666667,4.692562500000002,5.415833333333335,90.64283333333346,,,0.0,12.20937499999999,0.10047916666666669,2020-02-03 00:00:00
427,1.1614999999999998,0.0,802.6433611111114,4.81852777777778,4.622055555555553,88.49474999999995,,,0.0,13.428527777777777,0.05347222222222221,2020-02-18 00:00:00
428,1.1131944444444446,0.0,808.6201234567898,7.08398148148148,4.916975308641973,87.29523148148141,,,0.0,15.044074074074082,0.08964506172839509,2020-03-16 00:00:00
429,,,,,,,,,,,,2020-03-16 00:00:00
430,1.3901869158878515,0.0,774.5558878504677,11.008286604361373,4.15828660436137,83.64987538940811,,,0.0,17.015700934579435,0.06968847352024923,2020-03-30 00:00:00
431,1.3338928571428577,0.0,704.5446904761914,12.702617046818732,4.398761904761901,75.16205952380952,,,0.0,21.62939285714286,0.07385714285714287,2020-05-04 00:00:00
432,1.3410714285714285,,584.410416666667,17.25490322580644,3.9727380952380957,73.34077380952377,,,0.0,22.318749999999998,0.09380952380952381,2020-05-11 00:00:00
433,0.7086290322580641,,551.7112096774192,16.804952380952383,3.3405645161290325,63.01701612903227,,,0.0,28.782741935483863,0.07620967741935482,2020-05-18 00:00:00
434,,,,,,,,,,,,2020-05-18 00:00:00
435,,,,,,,,,,,,2019-12-23 00:00:00
436,0.8341666666666667,0.0,802.0874166666666,2.0862499999999997,5.202,88.07537815126055,,,0.0,12.174249999999997,0.08277310924369748,2019-12-30 00:00:00
437,1.1544642857142862,0.0,819.01863095238,3.501150793650792,5.017896825396823,88.99734126984127,,,0.0,12.066845238095237,0.076984126984127,2020-01-20 00:00:00
438,1.203205128205128,0.0,834.5344230769228,5.945288461538463,5.575128205128207,91.6820192307692,,,0.0,12.497628205128215,0.14176282051282055,2020-02-03 00:00:00
439,1.1489772727272725,0.0,804.2032196969699,5.084015151515151,4.55083333333333,87.27763257575755,,,0.0,13.885397727272716,0.04469696969696969,2020-02-25 00:00:00
440,1.0291666666666666,0.0,842.839642857143,7.873214285714288,5.586607142857145,91.5810119047619,,,0.0,14.21988095238095,0.17101190476190475,2020-03-03 00:00:00
441,,,,,,,,,,,,2020-03-03 00:00:00
442,1.2801713062098503,0.0,776.3502569593142,8.412655246252674,4.398351177730192,84.64659528907914,,,0.0,15.975139186295518,0.05355460385438972,2020-03-23 00:00:00
443,1.279059701492537,0.0,754.8441492537311,11.591701492537316,4.786029850746272,79.85197014925375,,,0.0,19.49855223880597,0.10983582089552237,2020-04-20 00:00:00
444,1.5502380952380959,0.0,663.4330357142856,12.62107142857143,3.995357142857144,68.99696428571426,,,0.0,23.482976190476183,0.0017857142857142857,2020-04-27 00:00:00
445,,,,,,,,,,,,2020-04-27 00:00:00
446,,,,,,,,,,,,2019-12-16 00:00:00
447,1.8090522875816983,0.0,721.1506398809518,5.857232142857147,6.718244047619045,84.43165178571435,-24.0,,0.0,15.835729166666667,0.05431547619047621,2020-01-13 00:00:00
448,1.616543209876543,0.0,721.8237499999996,3.7946428571428577,6.940654761904759,84.92250000000003,-24.0,,0.0,14.480833333333335,0.01839285714285714,2020-01-20 00:00:00
449,1.492827586206897,0.0,746.9299038461538,7.731955128205125,5.328429487179483,87.00275641025645,-24.0,,0.0,15.146955128205127,0.0962179487179487,2020-02-03 00:00:00
450,,,,,,,,,,,,2020-02-03 00:00:00
451,1.8920000000000001,0.0,707.858809523809,3.589940476190474,6.893928571428569,78.47505952380953,-24.0,,0.0,16.062619047619055,0.0,2020-02-10 00:00:00
452,1.8949567723342948,0.0,737.1115357142867,8.850285714285729,5.501940476190477,76.90173809523807,-24.0,,0.0,17.584047619047617,0.05894047619047618,2020-03-16 00:00:00
453,,,,,,,,,,,,2020-03-16 00:00:00
454,2.641386861313868,0.0,692.1512258064512,12.49632258064516,5.210064516129035,66.36987096774195,-24.0,,0.0,19.01045161290322,0.0,2020-03-23 00:00:00
455,1.5210447761194037,0.0,697.0560843373496,13.580722891566271,3.8784939759036132,73.27234939759035,-24.0,,0.0,18.538433734939744,0.08036144578313253,2020-03-30 00:00:00
456,,,,,,,,,,,,2020-03-30 00:00:00
457,1.7946153846153845,0.0,686.9501190476193,13.436428571428573,4.773630952380951,64.59999999999998,-24.0,,0.0,19.116130952380942,0.022142857142857138,2020-04-06 00:00:00
458,2.2843863636363633,0.0,704.8271230158729,13.795694444444441,5.190853174603178,69.28033730158735,-24.0,,0.0,19.728313492063506,0.07339285714285718,2020-04-27 00:00:00
459,,,,,,,,,,,,2020-04-27 00:00:00
460,,,,,,,,,,,,2020-04-27 00:00:00
461,2.287299270072993,,683.528988095238,18.80339285714286,4.990595238095237,70.79041666666664,-24.0,,0.0,21.93821428571429,0.04886904761904761,2020-05-04 00:00:00
462,1.721055900621118,,658.6926190476189,20.276250000000015,4.242500000000001,72.48714285714283,-24.0,,0.0,22.835714285714282,0.08946428571428572,2020-05-11 00:00:00
463,1.8482481751824815,,731.5042261904762,21.10500000000001,4.382023809523808,67.6014880952381,-24.0,,0.0,23.825892857142858,0.054107142857142854,2020-05-18 00:00:00
464,1.496346153846154,,669.6177976190478,19.437380952380956,4.060654761904759,68.72690476190475,-24.0,,0.0,22.747678571428565,0.026071428571428575,2020-05-25 00:00:00
465,,,,,,,,,,,,2019-12-23 00:00:00
466,1.481111111111111,0.0,722.6907142857142,5.320238095238096,6.76410714285714,83.64976190476192,-24.0,,0.0,15.497976190476187,0.05333333333333334,2019-12-30 00:00:00
467,1.919812499999999,0.0,695.7899404761906,4.151666666666666,6.869047619047618,84.35297619047626,-24.0,,0.0,16.340654761904762,0.002976190476190476,2020-01-06 00:00:00
468,1.9160815047021957,0.0,728.2966964285715,5.428125000000005,6.764821428571438,85.97255952380952,-24.0,,0.0,15.103392857142854,0.08967261904761906,2020-01-20 00:00:00
469,1.639719101123596,0.0,756.1526041666665,7.688802083333335,5.04786458333333,87.98817708333338,-24.0,,0.0,14.75468749999999,0.15479166666666663,2020-01-28 00:00:00
470,1.2593749999999997,0.0,732.1735833333337,7.801000000000001,5.777333333333332,85.4260833333333,-24.0,,0.0,15.774583333333332,0.0025,2020-02-03 00:00:00
471,2.0492026578073093,0.0,727.0383888888888,6.504527777777773,6.076916666666664,79.26780555555555,-24.0,,0.0,16.70836111111112,0.035472222222222224,2020-02-18 00:00:00
472,2.034396384764365,0.0,710.2422664455506,12.303134328358192,5.141011608623547,71.50817025981198,-24.0,,0.0,18.970873410724177,0.05472636815920396,2020-05-04 00:00:00
473,1.721055900621118,,658.6926190476189,20.276250000000015,4.242500000000001,72.48714285714283,-24.0,,0.0,22.835714285714282,0.08946428571428572,2020-05-11 00:00:00
474,,,,,,,,,,,,2019-12-09 00:00:00
475,1.448424657534247,0.0,732.5163888888891,6.173333333333341,6.454404761904767,81.81059523809527,-24.0,,0.0,15.79539682539683,0.017777777777777778,2019-12-30 00:00:00
476,,,,,,,,,,,,2019-12-30 00:00:00
477,1.919812499999999,0.0,695.7899404761906,4.151666666666666,6.869047619047618,84.35297619047626,-24.0,,0.0,16.340654761904762,0.002976190476190476,2020-01-06 00:00:00
478,2.22515923566879,0.0,734.7696428571433,7.061607142857143,6.5889880952381,87.02261904761906,-24.0,,0.0,15.725952380952387,0.16095238095238096,2020-01-13 00:00:00
479,1.616543209876543,0.0,721.8237499999996,3.7946428571428577,6.940654761904759,84.92250000000003,-24.0,,0.0,14.480833333333335,0.01839285714285714,2020-01-20 00:00:00
480,1.639719101123596,0.0,756.1526041666665,7.688802083333335,5.04786458333333,87.98817708333338,-24.0,,0.0,14.75468749999999,0.15479166666666663,2020-01-28 00:00:00
481,1.2593749999999997,0.0,732.1735833333337,7.801000000000001,5.777333333333332,85.4260833333333,-24.0,,0.0,15.774583333333332,0.0025,2020-02-03 00:00:00
482,1.8920000000000001,0.0,707.858809523809,3.589940476190474,6.893928571428569,78.47505952380953,-24.0,,0.0,16.062619047619055,0.0,2020-02-10 00:00:00
483,1.8634134615384614,0.0,743.2352462121212,8.722973484848493,5.281969696969698,79.04998106060599,-24.0,,0.0,17.288446969696977,0.06293560606060604,2020-03-03 00:00:00
484,,,,,,,,,,,,2020-03-03 00:00:00
485,1.680914634146342,0.0,735.1505208333333,8.932083333333335,5.642812499999999,76.65994791666661,-24.0,,0.0,17.645989583333325,0.08479166666666667,2020-03-11 00:00:00
486,2.1556883116883117,0.0,699.7535827664393,12.02920634920634,4.9902947845805,69.36712018140595,-24.0,,0.0,18.771587301587306,0.030249433106575966,2020-03-30 00:00:00
487,1.813833333333333,0.0,705.6397817460323,13.482559523809526,4.8179365079365075,69.28150793650792,-24.0,,0.0,19.228055555555546,0.08057539682539684,2020-04-20 00:00:00
488,,,,,,,,,,,,2020-04-20 00:00:00
489,,,,,,,,,,,,2020-04-20 00:00:00
490,2.7110333333333294,0.0,684.0205654761904,16.589613095238096,5.441488095238095,67.69345238095235,-24.0,,0.0,21.277559523809515,0.024732142857142852,2020-05-04 00:00:00
491,1.7795302013422825,,695.0984226190478,20.690624999999994,4.312261904761904,70.0443154761905,-24.0,,0.0,23.33080357142856,0.07178571428571429,2020-05-18 00:00:00
492,,,,,,,,,,,,2020-05-18 00:00:00
493,1.4660165975103732,,651.8945804195804,20.769160839160858,4.516027874564458,68.24426573426572,-24.0,,0.0,23.399440559440546,0.015314685314685317,2020-06-01 00:00:00
494,,,,,,,,,,,,2019-12-16 00:00:00
495,1.5775352112676055,0.0,731.3522619047618,6.895416666666667,6.650833333333336,82.70124999999999,-24.0,,0.0,15.778333333333332,0.0,2019-12-23 00:00:00
496,1.8127106227106216,0.0,728.5918386243392,6.227764550264547,6.192876984126986,82.68308862433871,-24.0,,0.0,15.977771164021123,0.05579365079365079,2020-02-25 00:00:00
497,1.756875,0.0,734.4118333333322,9.267645833333326,5.504166666666671,77.12612500000003,-24.0,,0.0,17.625437499999997,0.07241666666666666,2020-03-16 00:00:00
498,2.641386861313868,0.0,692.1512258064512,12.49632258064516,5.210064516129035,66.36987096774195,-24.0,,0.0,19.01045161290322,0.0,2020-03-23 00:00:00
499,1.5210447761194037,0.0,697.0560843373496,13.580722891566271,3.8784939759036132,73.27234939759035,-24.0,,0.0,18.538433734939744,0.08036144578313253,2020-03-30 00:00:00
500,1.7946153846153845,0.0,686.9501190476193,13.436428571428573,4.773630952380951,64.59999999999998,-24.0,,0.0,19.116130952380942,0.022142857142857138,2020-04-06 00:00:00
501,1.8583098591549299,0.0,706.1670833333336,13.121190476190478,4.801785714285712,68.72916666666667,-24.0,,0.0,19.279047619047617,0.10535714285714287,2020-04-13 00:00:00
502,2.4243908045976994,0.0,697.2810912698413,15.689761904761909,5.253789682539685,69.96742063492063,-24.0,,0.0,20.6147023809524,0.05456349206349206,2020-05-04 00:00:00
503,1.7795302013422825,,695.0984226190478,20.690624999999994,4.312261904761904,70.0443154761905,-24.0,,0.0,23.33080357142856,0.07178571428571429,2020-05-18 00:00:00
504,,,,,,,,,,,,2019-12-09 00:00:00
505,,,,,,,,,,,,2019-12-09 00:00:00
506,1.6846392694063919,0.0,729.9749666666672,5.924116666666667,6.3743250000000025,84.32029166666666,-24.0,,0.0,15.511458333333334,0.05775833333333337,2020-01-28 00:00:00
507,1.636209386281589,0.0,717.9899652777783,5.3445486111111125,6.4286805555555535,81.3713194444444,-24.0,,0.0,15.942604166666671,0.0010416666666666667,2020-02-10 00:00:00
508,2.239926470588235,0.0,743.8205208333329,9.054791666666672,5.362031250000001,79.96145833333331,-24.0,,0.0,17.27338541666666,0.06651041666666667,2020-02-18 00:00:00
509,1.680675675675676,0.0,740.0825189393943,8.678352272727262,5.384071969696969,77.84943181818186,-24.0,,0.0,17.42393939393939,0.06958333333333333,2020-03-11 00:00:00
510,2.057897727272727,0.0,696.2215927750404,12.417405582922816,4.9305254515599355,68.05205254515609,-24.0,,0.0,18.86663382594417,0.028013136288998357,2020-04-06 00:00:00
511,2.1620325203252024,0.0,691.3405952380953,16.093345238095225,4.961130952380957,70.2237142857143,-24.0,,0.0,20.79177380952381,0.07170238095238098,2020-05-11 00:00:00
512,,,,,,,,,,,,2019-12-23 00:00:00
513,1.8789999999999984,0.0,717.7500992063484,5.5111706349206395,6.740714285714281,85.00845238095245,-24.0,,0.0,15.854861111111102,0.07242063492063495,2020-01-13 00:00:00
514,1.741845949535192,0.0,733.3837380952373,6.4184523809523855,5.971654761904765,83.2717261904761,-24.0,,0.0,15.682904761904778,0.0546190476190476,2020-02-18 00:00:00
515,1.9690845070422545,0.0,737.1575595238098,7.424107142857143,5.655476190476189,72.76380952380951,-24.0,,0.0,17.820833333333333,0.011785714285714285,2020-02-25 00:00:00
516,,,,,,,,,,,,2020-02-25 00:00:00
517,1.871301204819276,0.0,713.023787409701,11.245737874096992,5.051971104231173,72.57366357069144,-24.0,,0.0,18.26183694530444,0.05347781217750256,2020-04-06 00:00:00
518,1.8583098591549299,0.0,706.1670833333336,13.121190476190478,4.801785714285712,68.72916666666667,-24.0,,0.0,19.279047619047617,0.10535714285714287,2020-04-13 00:00:00
519,2.234395973154361,0.0,687.6339732142856,16.83638392857142,5.000967261904765,70.59735119047615,-24.0,,0.0,21.16995535714288,0.06328869047619047,2020-05-11 00:00:00
520,1.6608873720136519,,700.5610119047617,20.27119047619046,4.221339285714286,68.1641964285715,-24.0,,0.0,23.28678571428572,0.04008928571428571,2020-05-25 00:00:00
521,1.410352941176471,,626.661525423729,22.66525423728813,5.158907563025209,67.55711864406777,-24.0,,0.0,24.32737288135593,0.0,2020-06-01 00:00:00
522,,,,,,,,,,,,2019-12-23 00:00:00
523,1.481111111111111,0.0,722.6907142857142,5.320238095238096,6.76410714285714,83.64976190476192,-24.0,,0.0,15.497976190476187,0.05333333333333334,2019-12-30 00:00:00
524,1.919812499999999,0.0,695.7899404761906,4.151666666666666,6.869047619047618,84.35297619047626,-24.0,,0.0,16.340654761904762,0.002976190476190476,2020-01-06 00:00:00
525,2.22515923566879,0.0,734.7696428571433,7.061607142857143,6.5889880952381,87.02261904761906,-24.0,,0.0,15.725952380952387,0.16095238095238096,2020-01-13 00:00:00
526,1.616543209876543,0.0,721.8237499999996,3.7946428571428577,6.940654761904759,84.92250000000003,-24.0,,0.0,14.480833333333335,0.01839285714285714,2020-01-20 00:00:00
527,1.639719101123596,0.0,756.1526041666665,7.688802083333335,5.04786458333333,87.98817708333338,-24.0,,0.0,14.75468749999999,0.15479166666666663,2020-01-28 00:00:00
528,1.636209386281589,0.0,717.9899652777783,5.3445486111111125,6.4286805555555535,81.3713194444444,-24.0,,0.0,15.942604166666671,0.0010416666666666667,2020-02-10 00:00:00
529,2.1015827338129487,0.0,740.7111388888886,8.29380555555556,5.49897222222222,76.60255555555548,-24.0,,0.0,17.528861111111105,0.04097222222222222,2020-02-25 00:00:00
530,1.5450662251655625,0.0,741.4474999999996,9.26366666666666,5.257416666666668,80.22272222222229,-24.0,,0.0,17.238722222222222,0.09655555555555555,2020-03-11 00:00:00
531,2.015597014925373,0.0,698.371969111968,12.569575289575274,4.902689832689835,68.19845559845568,-24.0,,0.0,18.955804375804362,0.04473616473616474,2020-04-13 00:00:00
532,2.0453768278965114,0.0,691.9429861111115,17.981319444444438,4.741091269841268,69.78629960317461,-24.0,,0.0,21.87556547619052,0.05555555555555555,2020-05-25 00:00:00
533,1.410352941176471,,626.661525423729,22.66525423728813,5.158907563025209,67.55711864406777,-24.0,,0.0,24.32737288135593,0.0,2020-06-01 00:00:00
534,,,,,,,,,,,,2019-12-09 00:00:00
535,1.5745484949832773,0.0,723.3347767857146,5.667916666666673,6.558065476190478,82.44619047619047,-24.0,,0.0,15.931711309523813,0.014077380952380954,2020-01-06 00:00:00
536,1.8252307692307708,0.0,733.6147222222215,6.52564484126984,6.074543650793652,83.8968750000001,-24.0,,0.0,15.69007936507937,0.07234126984126982,2020-02-18 00:00:00
537,1.680535714285714,0.0,742.9008035714292,8.533363095238087,5.236220238095238,78.52913690476196,-24.0,,0.0,17.297053571428574,0.060892857142857144,2020-03-03 00:00:00
538,,,,,,,,,,,,2020-03-03 00:00:00
539,1.680914634146342,0.0,735.1505208333333,8.932083333333335,5.642812499999999,76.65994791666661,-24.0,,0.0,17.645989583333325,0.08479166666666667,2020-03-11 00:00:00
540,2.317982456140351,0.0,713.3048333333334,9.279583333333331,6.244416666666666,67.83633333333336,-24.0,,0.0,18.785583333333324,0.0,2020-03-16 00:00:00
541,2.641386861313868,0.0,692.1512258064512,12.49632258064516,5.210064516129035,66.36987096774195,-24.0,,0.0,19.01045161290322,0.0,2020-03-23 00:00:00
542,,,,,,,,,,,,2020-03-23 00:00:00
543,1.7287112171837713,0.0,696.7231075697207,13.378645418326705,4.487051792828688,68.84962151394419,-24.0,,0.0,18.979621513944217,0.06924302788844623,2020-04-13 00:00:00
544,1.7874074074074076,0.0,723.8021428571432,13.890059523809517,4.878392857142856,74.51535714285717,-24.0,,0.0,19.288988095238093,0.11422619047619047,2020-04-20 00:00:00
545,3.067177914110428,0.0,684.5121428571427,14.375833333333329,5.892380952380951,64.59648809523809,-24.0,,0.0,20.616904761904753,0.0005952380952380953,2020-04-27 00:00:00
546,1.8224873096446692,,685.8359077380946,19.90550595238095,4.418943452380951,69.90148809523814,-24.0,,0.0,22.836875000000003,0.0546279761904762,2020-05-25 00:00:00
547,1.410352941176471,,626.661525423729,22.66525423728813,5.158907563025209,67.55711864406777,-24.0,,0.0,24.32737288135593,0.0,2020-06-01 00:00:00
548,0.7593431287813293,0.0,455.86840535868674,1.3442307692307722,5.640151253241137,65.99046240276574,-24.0,,0.0,18.838444252376878,0.04675885911840967,2020-04-24 00:00:00
549,,,,,,,,,,,,2020-04-24 00:00:00
550,1.059761904761905,,457.0667261904761,6.93872023809524,5.0409523809523815,67.5871428571428,,,0.0,21.934375000000006,0.02407738095238095,2020-05-08 00:00:00
551,1.1217187499999999,,456.10520833333345,16.947968749999998,4.771614583333333,69.43437499999997,,,0.0,20.987864583333327,0.16119791666666672,2020-05-16 00:00:00
552,,,,,,,,,,,,2020-02-07 00:00:00
553,0.30023809523809525,0.0,453.5172619047619,0.6501785714285717,5.322678571428571,62.489404761904765,,,0.0,18.084702380952372,0.08005952380952382,2020-02-14 00:00:00
554,0.7074801587301588,0.0,450.279722222222,7.332757936507938,5.694325396825398,69.58281746031746,,,0.0,18.09321428571428,0.0764880952380952,2020-03-06 00:00:00
555,1.069255952380953,0.0,455.80351190476165,0.3139285714285716,5.404255952380957,67.89449404761905,,,0.0,18.994017857142875,0.043541666666666666,2020-03-20 00:00:00
556,,,,,,,,,,,,2020-03-20 00:00:00
557,0.7914741641337389,0.0,469.5991793313063,-0.8980699088145898,5.577902735562312,67.78648936170227,-24.0,,0.0,20.509012158054716,0.015942249240121588,2020-04-17 00:00:00
558,1.1521626984126985,0.0,453.86132936507937,4.276230158730161,5.19974206349206,69.65079365079364,,,0.0,20.97718253968252,0.04601190476190477,2020-05-08 00:00:00
559,1.1217187499999999,,456.10520833333345,16.947968749999998,4.771614583333333,69.43437499999997,,,0.0,20.987864583333327,0.16119791666666672,2020-05-16 00:00:00
560,0.7718750000000001,,445.87993055555563,17.251250000000002,5.524722222222221,71.9420833333333,,,0.0,21.37784722222222,0.06909722222222221,2020-05-22 00:00:00
561,,,,,,,,,,,,2020-05-22 00:00:00
562,0.5980357142857148,,446.37214285714305,18.71714285714286,5.571607142857145,67.39696428571432,,,0.0,22.146726190476187,0.021904761904761903,2020-05-29 00:00:00
563,0.7847619047619048,,436.71511904761877,21.21803571428572,4.926309523809525,65.83976190476191,,,0.0,24.84714285714286,0.04821428571428571,2020-06-05 00:00:00
564,,,,,,,,,,,,2020-06-05 00:00:00
565,,,,,,,,,,,,2020-01-01 00:00:00
566,,,,,,,,,,,,2020-01-08 00:00:00
567,0.5197202797202799,0.0,448.2005373831772,0.3535198135198145,6.066869158878504,55.2802570093458,-24.0,,0.0,17.28516355140187,0.03615384615384615,2020-01-31 00:00:00
568,0.4677777777777778,0.0,435.1449305555558,-2.538333333333332,5.704305555555556,56.46104166666666,,,0.0,17.52173611111112,0.00625,2020-02-07 00:00:00
569,0.39725000000000005,0.0,450.0373888888887,7.361472222222224,5.514722222222219,65.88147222222221,,,0.0,17.9916111111111,0.07569444444444448,2020-02-22 00:00:00
570,,,,,,,,,,,,2020-02-22 00:00:00
571,0.830347222222222,0.0,463.62854166666665,6.145972222222223,5.5284027777777816,68.25263888888888,,,0.0,18.474305555555564,0.12013888888888889,2020-02-28 00:00:00
572,0.8906537530266347,0.0,460.80909200968495,-0.04663438256658518,5.617384987893461,68.93571428571433,-24.0,,0.0,19.311646489104117,0.03895883777239709,2020-04-03 00:00:00
573,,,,,,,,,,,,2020-04-03 00:00:00
574,0.8595535714285715,0.0,463.91023809523784,-0.5272023809523807,5.443125000000002,66.95657738095234,,,0.0,20.670922619047616,0.0011607142857142855,2020-04-17 00:00:00
575,,,,,,,,,,,,2020-04-17 00:00:00
576,1.3776190476190475,0.0,450.14633928571413,-1.2368154761904766,5.241964285714284,68.7554166666667,,,0.0,20.082738095238085,0.046547619047619046,2020-05-01 00:00:00
577,0.881607142857143,,454.9124007936504,16.486071428571435,5.101349206349208,70.81992063492065,,,0.0,21.692023809523814,0.09613095238095237,2020-05-22 00:00:00
578,0.5980357142857148,,446.37214285714305,18.71714285714286,5.571607142857145,67.39696428571432,,,0.0,22.146726190476187,0.021904761904761903,2020-05-29 00:00:00
579,,,,,,,,,,,,2019-12-27 00:00:00
580,,,,,,,,,,,,2020-01-01 00:00:00
581,,,,,,,,,,,,2020-01-08 00:00:00
582,0.4825806451612903,0.0,435.44586956521727,-1.9474193548387098,5.911739130434784,48.55597826086956,-24.0,,0.0,17.018478260869564,0.004623655913978494,2020-01-17 00:00:00
583,0.35934523809523805,0.0,450.3995833333338,-1.1084523809523816,5.640535714285714,51.36833333333334,,,0.0,17.0975,0.025178571428571425,2020-01-24 00:00:00
584,0.6017073170731705,0.0,449.07970528455303,4.022774390243903,5.7832317073170705,65.30616869918708,,,0.0,17.927144308943095,0.06478658536585362,2020-03-06 00:00:00
585,0.9307551020408162,0.0,464.1608163265306,-0.3388163265306123,5.37985714285714,67.75044897959187,,,0.0,19.533673469387757,0.037816326530612246,2020-03-27 00:00:00
586,0.8046428571428575,0.0,469.2476190476188,-0.8469642857142856,6.077797619047617,69.76744047619046,-24.0,,0.0,19.999940476190464,0.036904761904761905,2020-04-03 00:00:00
587,1.1185863095238087,0.0,457.0282886904765,-0.8820089285714293,5.342544642857147,67.85599702380951,,,0.0,20.376830357142858,0.02385416666666667,2020-05-01 00:00:00
588,0.7012500000000002,,461.29130952380973,15.302321428571432,5.115297619047621,71.44154761904761,,,0.0,22.766071428571447,0.04494047619047619,2020-05-08 00:00:00
589,1.1217187499999999,,456.10520833333345,16.947968749999998,4.771614583333333,69.43437499999997,,,0.0,20.987864583333327,0.16119791666666672,2020-05-16 00:00:00
590,0.7155416666666663,,442.8445208333334,19.15268750000001,5.331687499999998,68.21547916666667,,,0.0,22.861208333333312,0.045270833333333343,2020-06-05 00:00:00
591,,,,,,,,,,,,2020-01-24 00:00:00
592,0.7006547619047615,0.0,452.9861904761907,3.0892261904761904,6.578154761904766,62.87452380952378,,,0.0,17.618869047619043,0.06458333333333334,2020-01-31 00:00:00
593,,,,,,,,,,,,2020-01-31 00:00:00
594,0.3775641025641024,0.0,445.0377243589747,-0.8214423076923072,5.498814102564105,59.70708333333334,,,0.0,17.824871794871793,0.04599358974358975,2020-02-14 00:00:00
595,,,,,,,,,,,,2020-02-14 00:00:00
596,0.6313690476190479,0.0,454.1222321428569,10.196190476190477,5.616607142857146,68.59372023809526,,,0.0,18.151934523809516,0.09255952380952383,2020-02-28 00:00:00
597,0.8597023809523808,0.0,442.5947023809526,1.605892857142857,5.849761904761907,71.56101190476188,,,0.0,17.9757738095238,0.04434523809523808,2020-03-06 00:00:00
598,1.069255952380953,0.0,455.80351190476165,0.3139285714285716,5.404255952380957,67.89449404761905,,,0.0,18.994017857142875,0.043541666666666666,2020-03-20 00:00:00
599,0.8272653061224492,0.0,470.1728163265299,-0.8379795918367346,5.619775510204081,67.9447551020409,-24.0,,0.0,20.45483673469387,0.02061224489795919,2020-04-10 00:00:00
600,,,,,,,,,,,,2020-04-10 00:00:00
601,1.0120238095238094,0.0,457.6883035714284,-1.0610416666666675,5.486547619047622,70.55148809523807,,,0.0,19.864910714285724,0.04610119047619048,2020-04-24 00:00:00
602,,,,,,,,,,,,2019-12-27 00:00:00
603,,,,,,,,,,,,2020-01-08 00:00:00
604,0.4825806451612903,0.0,435.44586956521727,-1.9474193548387098,5.911739130434784,48.55597826086956,-24.0,,0.0,17.018478260869564,0.004623655913978494,2020-01-17 00:00:00
605,0.5162804878048776,0.0,450.4122459349594,3.5593495934959356,5.747510162601624,61.8586382113822,,,0.0,17.77719512195122,0.06151422764227641,2020-02-28 00:00:00
606,,,,,,,,,,,,2020-02-28 00:00:00
607,0.8597023809523808,0.0,442.5947023809526,1.605892857142857,5.849761904761907,71.56101190476188,,,0.0,17.9757738095238,0.04434523809523808,2020-03-06 00:00:00
608,0.671964285714286,0.0,466.5059523809526,0.04940476190476179,5.651071428571431,68.12845238095238,,,0.0,18.75767857142857,0.08708333333333333,2020-03-13 00:00:00
609,,,,,,,,,,,,2020-03-13 00:00:00
610,1.4665476190476194,0.0,445.1010714285717,0.578452380952381,5.157440476190474,67.66053571428567,,,0.0,19.230357142857137,0.0,2020-03-20 00:00:00
611,0.6285714285714286,0.0,482.39493506493494,-1.7629870129870129,5.326623376623379,67.43616883116886,,,0.0,20.711103896103882,0.025324675324675326,2020-03-27 00:00:00
612,,,,,,,,,,,,2020-03-27 00:00:00
613,0.8412500000000002,0.0,465.68936507936456,-0.633789682539683,5.654682539682539,67.89353174603171,-24.0,,0.0,20.447261904761913,0.013075396825396827,2020-04-17 00:00:00
614,1.3369642857142858,0.0,447.45053571428565,-1.0487499999999994,5.51732142857143,73.77809523809522,,,0.0,19.062797619047622,0.0898809523809524,2020-04-24 00:00:00
615,1.059761904761905,,457.0667261904761,6.93872023809524,5.0409523809523815,67.5871428571428,,,0.0,21.934375000000006,0.02407738095238095,2020-05-08 00:00:00
616,0.8472023809523815,,449.9393452380953,17.624345238095234,5.253452380952381,69.47172619047626,,,0.0,21.48557539682539,0.08845238095238094,2020-05-29 00:00:00
617,,,,,,,,,,,,2019-12-27 00:00:00
618,,,,,,,,,,,,2019-12-27 00:00:00
619,,,,,,,,,,,,2020-01-08 00:00:00
620,0.4825806451612903,0.0,435.44586956521727,-1.9474193548387098,5.911739130434784,48.55597826086956,-24.0,,0.0,17.018478260869564,0.004623655913978494,2020-01-17 00:00:00
621,0.35934523809523805,0.0,450.3995833333338,-1.1084523809523816,5.640535714285714,51.36833333333334,,,0.0,17.0975,0.025178571428571425,2020-01-24 00:00:00
622,0.5931730769230769,0.0,444.75176282051285,0.49189102564102527,6.174839743589747,59.914455128205134,,,0.0,17.57403846153845,0.037660256410256415,2020-02-07 00:00:00
623,0.39725000000000005,0.0,450.0373888888887,7.361472222222224,5.514722222222219,65.88147222222221,,,0.0,17.9916111111111,0.07569444444444448,2020-02-22 00:00:00
624,0.7851874999999997,0.0,457.2737916666668,2.4231458333333338,5.683812500000001,69.36710416666668,,,0.0,18.39900000000001,0.0820416666666667,2020-03-13 00:00:00
625,,,,,,,,,,,,2020-03-13 00:00:00
626,1.0657763975155274,0.0,462.93726708074576,-0.5413664596273292,5.238354037267074,67.5532298136646,,,0.0,19.9385403726708,0.012111801242236027,2020-03-27 00:00:00
627,0.9183333333333333,0.0,464.5710119047614,-0.414017857142857,5.754136904761898,68.17785714285709,-24.0,,0.0,20.337380952380947,0.018452380952380953,2020-04-10 00:00:00
628,0.9337425595238089,0.0,452.00540178571447,10.730803571428575,5.2177083333333405,68.81652529761908,,,0.0,21.612805059523836,0.0567410714285714,2020-06-05 00:00:00
629,,,,,,,,,,,,2020-01-01 00:00:00
630,0.4032567049808428,0.0,445.108269230769,-1.4073946360153253,5.736500000000007,50.373192307692314,-24.0,,0.0,17.06953846153847,0.017854406130268195,2020-01-24 00:00:00
631,0.7006547619047615,0.0,452.9861904761907,3.0892261904761904,6.578154761904766,62.87452380952378,,,0.0,17.618869047619043,0.06458333333333334,2020-01-31 00:00:00
632,0.4677777777777778,0.0,435.1449305555558,-2.538333333333332,5.704305555555556,56.46104166666666,,,0.0,17.52173611111112,0.00625,2020-02-07 00:00:00
633,0.30023809523809525,0.0,453.5172619047619,0.6501785714285717,5.322678571428571,62.489404761904765,,,0.0,18.084702380952372,0.08005952380952382,2020-02-14 00:00:00
634,0.48213541666666654,0.0,446.99249999999984,13.233854166666669,5.6827604166666665,68.84953125000003,,,0.0,17.91015625,0.07187500000000002,2020-02-22 00:00:00
635,0.8817010309278346,0.0,461.2276494845357,0.872680412371134,5.604175257731959,68.83430927835052,-24.0,,0.0,19.187340206185578,0.05101030927835052,2020-04-03 00:00:00
636,1.03202380952381,0.0,459.8944047619051,0.018928571428571475,5.430476190476195,66.58827380952388,,,0.0,20.67482142857142,0.0,2020-04-10 00:00:00
637,1.1474404761904762,0.0,456.0729166666664,-1.1823214285714296,5.313234126984133,68.27857142857141,,,0.0,20.27750000000002,0.03180555555555556,2020-05-01 00:00:00
638,,,,,,,,,,,,2020-05-01 00:00:00
639,0.9255000000000002,,458.5253888888886,16.180000000000003,4.932,70.37105555555556,,,0.0,21.817694444444438,0.10694444444444444,2020-05-16 00:00:00
640,0.7718750000000001,,445.87993055555563,17.251250000000002,5.524722222222221,71.9420833333333,,,0.0,21.37784722222222,0.06909722222222221,2020-05-22 00:00:00
641,0.5980357142857148,,446.37214285714305,18.71714285714286,5.571607142857145,67.39696428571432,,,0.0,22.146726190476187,0.021904761904761903,2020-05-29 00:00:00
642,1.2010416666666663,0.5185119047619048,379.5931845238095,8.44053571428571,151.99672619047618,90.80571428571422,0.0,226.26991071428586,97.65967261904764,18.00065476190476,0.05047619047619048,2017-03-26 00:00:00
643,1.1519047619047615,0.6549404761904764,379.7854761904762,8.321011904761903,153.6502976190476,93.46833333333345,0.0,173.84422619047618,97.74244047619041,17.536130952380944,0.2254761904761905,2017-04-02 00:00:00
644,1.6599702380952388,1.5194940476190484,379.1302976190476,13.61056547619048,155.03955357142857,88.35931547619046,0.0,247.89372023809534,97.46229166666669,19.20833333333333,0.09994047619047619,2017-04-16 00:00:00
645,1.288124999999999,1.5867559523809536,380.0,15.456309523809528,172.32139880952374,86.8316964285714,0.0,285.94735119047647,97.59892857142863,20.131577380952383,0.05502976190476191,2017-04-30 00:00:00
646,1.299226190476191,2.4922321428571372,379.98114583333336,18.820461309523818,173.17052083333346,86.826488095238,0.0,318.9951190476191,97.43227678571459,21.877723214285716,0.05300595238095239,2017-05-28 00:00:00
647,,,,,,,,,,,,2017-04-02 00:00:00
648,1.6599702380952388,1.5194940476190484,379.1302976190476,13.61056547619048,155.03955357142857,88.35931547619046,0.0,247.89372023809534,97.46229166666669,19.20833333333333,0.09994047619047619,2017-04-16 00:00:00
649,1.301726190476191,1.7609523809523815,380.0,15.674107142857146,183.7258928571428,87.17684523809523,0.0,263.1714880952381,97.63184523809517,20.23083333333334,0.05845238095238096,2017-04-23 00:00:00
650,1.3294841269841269,1.9205158730158733,379.9748611111111,17.263075396825382,169.95617063492068,86.85871031746036,0.0,286.7537301587302,97.49892857142876,21.15962301587301,0.08418650793650792,2017-05-14 00:00:00
651,1.2414880952380951,2.8099702380952394,380.0,19.365565476190465,171.8652380952383,86.60818452380957,0.0,362.2212500000001,97.39916666666664,22.032172619047625,0.005535714285714286,2017-05-28 00:00:00
652,,,,,,,,,,,,2017-03-05 00:00:00
653,,,,,,,,,,,,2017-03-05 00:00:00
654,1.6425,0.48624999999999996,379.7081547619048,5.29142857142857,178.83732142857136,89.00720238095239,0.0,253.4213095238096,97.71357142857137,17.46749999999999,0.0,2017-03-12 00:00:00
655,,,,,,,,,,,,2017-03-12 00:00:00
656,1.2429761904761907,0.5998809523809521,379.8539285714286,8.152797619047623,151.89160714285708,89.31095238095239,0.0,260.1666071428572,97.71636904761897,18.126369047619058,0.0,2017-03-19 00:00:00
657,1.1591071428571433,0.4371428571428573,379.33244047619047,8.72827380952382,152.10184523809528,92.3004761904762,0.0,192.37321428571428,97.60297619047613,17.874940476190474,0.10095238095238096,2017-03-26 00:00:00
658,1.2921726190476197,1.0673214285714296,379.4425297619047,10.361874999999996,157.10729166666664,91.65294642857151,0.0,195.66985119047612,97.62148809523813,18.138779761904754,0.18684523809523818,2017-04-09 00:00:00
659,1.4214285714285715,1.9340376984126864,379.84759920634923,16.80152777777779,169.75231150793653,86.67875000000002,0.0,296.1385317460317,97.50129960317517,20.843184523809516,0.061309523809523814,2017-05-21 00:00:00
660,,,,,,,,,,,,2017-04-09 00:00:00
661,1.8875000000000002,1.5592857142857142,379.16101190476195,14.818392857142861,149.51482142857142,86.8810714285714,0.0,278.29196428571424,97.42404761904757,19.675238095238097,0.05166666666666667,2017-04-16 00:00:00
662,1.301726190476191,1.7609523809523815,380.0,15.674107142857146,183.7258928571428,87.17684523809523,0.0,263.1714880952381,97.63184523809517,20.23083333333334,0.05845238095238096,2017-04-23 00:00:00
663,1.2745238095238096,1.4125595238095234,380.0,15.238511904761898,160.91690476190473,86.48654761904757,0.0,308.7232142857141,97.56601190476182,20.032321428571432,0.05160714285714286,2017-04-30 00:00:00
664,,,,,,,,,,,,2017-04-30 00:00:00
665,1.2893452380952377,2.531964285714287,379.9245833333333,18.302202380952387,175.9645833333334,84.82351190476184,0.0,312.5190476190477,97.44142857142852,22.08982142857144,0.07238095238095238,2017-05-07 00:00:00
666,1.4245833333333333,1.8170238095238098,380.0,18.248511904761905,172.9870238095239,89.26607142857138,0.0,239.01892857142852,97.48934523809515,21.35672619047619,0.1285714285714286,2017-05-14 00:00:00
667,,,,,,,,,,,,2017-05-14 00:00:00
668,1.3508928571428567,2.522440476190476,380.0,18.527440476190478,175.40464285714296,85.43845238095236,0.0,375.1065476190477,97.45511904761898,21.67416666666667,0.005178571428571428,2017-05-21 00:00:00
669,,,,,,,,,,,,2017-03-05 00:00:00
670,1.348194444444445,0.5077579365079365,379.63150793650794,7.390833333333328,160.9435912698413,90.20621031746028,0.0,235.3203769841272,97.67763888888923,17.822936507936493,0.03365079365079365,2017-03-26 00:00:00
671,1.2921726190476197,1.0673214285714296,379.4425297619047,10.361874999999996,157.10729166666664,91.65294642857151,0.0,195.66985119047612,97.62148809523813,18.138779761904754,0.18684523809523818,2017-04-09 00:00:00
672,1.5946130952380937,1.6601190476190488,379.580505952381,15.24625,166.62035714285716,87.02895833333332,0.0,270.73172619047614,97.52794642857151,19.9530357142857,0.05505952380952382,2017-04-23 00:00:00
673,1.281934523809524,1.972261904761905,379.96229166666666,16.770357142857144,168.440744047619,85.65502976190477,0.0,310.62113095238107,97.5037202380953,21.06107142857142,0.061994047619047615,2017-05-07 00:00:00
674,1.3877380952380958,2.1697321428571437,380.0,18.387976190476188,174.19583333333327,87.35226190476189,0.0,307.06273809523793,97.4722321428571,21.51544642857144,0.066875,2017-05-21 00:00:00
675,1.1320833333333336,3.0975,380.0,20.20369047619048,168.32583333333338,87.7779166666667,0.0,349.3359523809524,97.34321428571427,22.39017857142856,0.005892857142857142,2017-05-28 00:00:00
676,,,,,,,,,,,,2017-03-19 00:00:00
677,1.3678670634920642,1.2174305555555522,379.5630853174603,12.530505952380963,160.07900793650813,89.3584722222223,0.0,238.98326388888898,97.57797619047678,19.015148809523804,0.10606150793650794,2017-04-30 00:00:00
678,1.3569642857142863,2.174494047619048,379.96229166666666,18.275357142857136,174.47580357142851,87.04479166666663,0.0,275.7689880952382,97.46538690476189,21.72327380952382,0.1004761904761905,2017-05-14 00:00:00
679,,,,,,,,,,,,2017-04-02 00:00:00
680,1.4324404761904757,1.4797023809523806,379.0995833333334,12.402738095238092,160.56428571428575,89.83755952380952,0.0,217.4954761904762,97.50053571428563,18.741428571428575,0.1482142857142857,2017-04-09 00:00:00
681,1.4382738095238081,1.8161904761904732,379.77139880952376,16.00830357142858,167.5305505952381,86.34199404761898,0.0,290.67642857142863,97.51583333333373,20.50705357142859,0.058526785714285726,2017-05-07 00:00:00
682,,,,,,,,,,,,2017-05-07 00:00:00
683,1.3877380952380958,2.1697321428571437,380.0,18.387976190476188,174.19583333333327,87.35226190476189,0.0,307.06273809523793,97.4722321428571,21.51544642857144,0.066875,2017-05-21 00:00:00
684,,,,,,,,,,,,2017-03-05 00:00:00
685,1.4427380952380955,0.5430654761904762,379.7810416666667,6.722113095238094,165.3644642857144,89.1590773809524,0.0,256.7939583333334,97.71497023809529,17.79693452380951,0.0,2017-03-19 00:00:00
686,,,,,,,,,,,,2017-03-19 00:00:00
687,1.1591071428571433,0.4371428571428573,379.33244047619047,8.72827380952382,152.10184523809528,92.3004761904762,0.0,192.37321428571428,97.60297619047613,17.874940476190474,0.10095238095238096,2017-03-26 00:00:00
688,1.1519047619047615,0.6549404761904764,379.7854761904762,8.321011904761903,153.6502976190476,93.46833333333345,0.0,173.84422619047618,97.74244047619041,17.536130952380944,0.2254761904761905,2017-04-02 00:00:00
689,1.6599702380952388,1.5194940476190484,379.1302976190476,13.61056547619048,155.03955357142857,88.35931547619046,0.0,247.89372023809534,97.46229166666669,19.20833333333333,0.09994047619047619,2017-04-16 00:00:00
690,1.301726190476191,1.7609523809523815,380.0,15.674107142857146,183.7258928571428,87.17684523809523,0.0,263.1714880952381,97.63184523809517,20.23083333333334,0.05845238095238096,2017-04-23 00:00:00
691,1.2942857142857147,2.27629761904761,379.98491666666666,18.10407142857143,170.7197976190478,86.75850000000004,0.0,316.940738095238,97.45902380952415,21.50864285714286,0.05272619047619047,2017-05-28 00:00:00
692,3.27510067114094,9.414228187919429,370.34288590604024,8.15661073825504,673.0993288590606,92.9897651006711,0.0,741.430067114094,95.42979865771808,17.26755033557048,526.2861744966442,2017-03-26 00:00:00
693,2.4573406862745095,9.164374999999932,377.4807352941178,12.57366421568628,177.9854044117646,96.26910539215685,0.0,267.8592279411764,97.92047794117647,19.076740196078426,1.9113602941176475,2017-04-30 00:00:00
694,,,,,,,,,,,,2017-04-30 00:00:00
695,2.2533749999999984,9.179750000000023,380.0,18.099687500000005,165.19150000000008,98.09349999999998,0.0,279.1714374999999,97.911375,21.3345,0.07625,2017-05-07 00:00:00
696,2.4121257485029943,9.166257485029908,379.3786826347305,17.873742514970058,172.8800898203592,97.84104790419165,0.0,331.28071856287426,97.66194610778436,20.56035928143713,14.47245508982036,2017-05-21 00:00:00
697,0.8625595238095238,9.158809523809541,379.07184523809525,19.629583333333382,238.05547619047616,97.85869047619046,0.0,331.39124999999996,97.60077380952382,21.45886904761906,7.03077380952381,2017-05-28 00:00:00
698,,,,,,,,,,,,2017-03-19 00:00:00
699,3.179758454106276,9.11117552334936,370.7060225442834,11.443172302737523,402.95507246376764,94.55206119162646,0.0,525.8567954911439,96.76801932367154,18.379291465378436,252.59761674718195,2017-04-16 00:00:00
700,2.199815668202761,9.182995391705,381.3552841781874,15.370937019969249,184.5963133640554,97.83669738863284,0.0,272.26895545314903,97.918202764977,20.107910906298,2.431321044546851,2017-05-14 00:00:00
701,2.236071428571429,9.146309523809538,378.50124999999997,18.288333333333338,188.1432738095239,97.69761904761906,0.0,335.99178571428575,97.49011904761906,20.788630952380952,28.53,2017-05-21 00:00:00
702,,,,,,,,,,,,2017-05-21 00:00:00
703,1.0542857142857143,9.165327380952343,379.53592261904765,20.238928571428563,240.5807738095238,97.97050595238092,0.0,335.9785714285714,97.66836309523804,22.233184523809527,3.524613095238095,2017-06-04 00:00:00
704,,,,,,,,,,,,2017-06-04 00:00:00
705,,,,,,,,,,,,2017-06-04 00:00:00
706,,,,,,,,,,,,2017-02-19 00:00:00
707,2.9461474558670777,9.561723779854693,374.62677050882667,6.586843198338527,324.850965732087,92.70635514018689,0.0,392.70013499480825,97.1101246105918,17.273489096573194,162.89796469366567,2017-04-02 00:00:00
708,2.1652469135802463,9.095493827160514,376.313950617284,13.76197530864198,194.19209876543215,97.05351851851849,0.0,205.16808641975305,97.20561728395063,18.829197530864192,0.011358024691358026,2017-04-09 00:00:00
709,2.5209330628803257,9.182048681541524,381.6998377281947,13.651643002028353,188.2547058823527,97.71596348884371,0.0,244.6574645030425,98.02022312373232,19.430263691683567,3.123144016227181,2017-04-30 00:00:00
710,2.2533749999999984,9.179750000000023,380.0,18.099687500000005,165.19150000000008,98.09349999999998,0.0,279.1714374999999,97.911375,21.3345,0.07625,2017-05-07 00:00:00
711,2.590301204819279,9.186445783132548,380.266686746988,17.45415662650601,157.43301204819272,97.98620481927713,0.0,326.5128915662652,97.83584337349399,20.329337349397587,0.24554216867469886,2017-05-14 00:00:00
712,,,,,,,,,,,,2017-05-14 00:00:00
713,1.5493154761904764,9.152559523809483,378.7865476190476,18.95895833333324,213.09937499999995,97.77815476190476,0.0,333.69151785714286,97.54544642857144,21.123749999999994,17.780386904761905,2017-05-28 00:00:00
714,,,,,,,,,,,,2017-05-28 00:00:00
715,,,,,,,,,,,,2017-02-26 00:00:00
716,2.4404166666666667,9.768988095238086,380.0,5.63886904761905,168.35238095238097,93.0375595238095,0.0,185.68821428571428,97.6932142857143,16.847261904761908,0.02375,2017-03-05 00:00:00
717,3.087619047619048,9.76809523809523,380.0,5.5099404761904776,184.8217261904761,92.87375,0.0,207.6619047619048,97.68321428571429,17.411369047619047,0.0,2017-03-12 00:00:00
718,2.1725595238095248,9.768511904761894,380.0,8.163273809523806,166.52922619047618,94.15886904761909,0.0,205.8553571428572,97.6789880952381,17.837797619047613,0.0,2017-03-19 00:00:00
719,4.699923076923076,8.956384615384636,357.8629230769231,8.148000000000003,1327.7437692307697,91.47892307692308,0.0,1433.5573846153845,92.52315384615383,16.530615384615388,1206.4098461538458,2017-03-26 00:00:00
720,2.556521739130437,9.179565217391328,365.73540372670806,8.077080745341615,130.23229813664597,91.04937888198758,0.0,401.986149068323,98.33434782608695,18.243291925465837,0.11254658385093168,2017-04-02 00:00:00
721,2.1652469135802463,9.095493827160514,376.313950617284,13.76197530864198,194.19209876543215,97.05351851851849,0.0,205.16808641975305,97.20561728395063,18.829197530864192,0.011358024691358026,2017-04-09 00:00:00
722,,,,,,,,,,,,2017-02-19 00:00:00
723,2.700223214285712,9.770386904761953,380.0,5.927797619047619,177.4663541666667,93.34078869047612,0.0,189.11904761904765,97.70418154761906,17.184851190476184,0.028779761904761905,2017-03-19 00:00:00
724,4.699923076923076,8.956384615384636,357.8629230769231,8.148000000000003,1327.7437692307697,91.47892307692308,0.0,1433.5573846153845,92.52315384615383,16.530615384615388,1206.4098461538458,2017-03-26 00:00:00
725,2.777270875763749,9.1521588594704,374.10643584521387,12.315621181262733,158.10266802443994,95.36572301425666,0.0,285.5287372708758,97.8919144602852,18.86875763747454,0.06077393075356415,2017-04-16 00:00:00
726,,,,,,,,,,,,2017-04-16 00:00:00
727,2.161445783132529,9.175481927710864,379.5272891566265,14.223915662650606,174.14734939759035,97.62216867469878,0.0,218.13018072289157,97.9535542168675,19.013313253012036,9.20277108433735,2017-04-23 00:00:00
728,2.016583072100315,9.185109717868304,382.8730094043887,14.883761755485903,204.16884012539182,97.87053291536044,0.0,272.2142319749216,97.94266457680251,20.56228840125391,0.04504702194357367,2017-05-07 00:00:00
729,2.590301204819279,9.186445783132548,380.266686746988,17.45415662650601,157.43301204819272,97.98620481927713,0.0,326.5128915662652,97.83584337349399,20.329337349397587,0.24554216867469886,2017-05-14 00:00:00
730,,,,,,,,,,,,2017-02-19 00:00:00
731,3.100297619047618,9.775952380952367,380.0,4.399107142857138,190.16208333333338,93.29297619047621,0.0,157.27071428571423,97.76130952380952,16.64297619047619,0.09136904761904761,2017-02-26 00:00:00
732,,,,,,,,,,,,2017-02-26 00:00:00
733,,,,,,,,,,,,2017-02-26 00:00:00
734,2.4404166666666667,9.768988095238086,380.0,5.63886904761905,168.35238095238097,93.0375595238095,0.0,185.68821428571428,97.6932142857143,16.847261904761908,0.02375,2017-03-05 00:00:00
735,3.087619047619048,9.76809523809523,380.0,5.5099404761904776,184.8217261904761,92.87375,0.0,207.6619047619048,97.68321428571429,17.411369047619047,0.0,2017-03-12 00:00:00
736,,,,,,,,,,,,2017-03-12 00:00:00
737,2.1725595238095248,9.768511904761894,380.0,8.163273809523806,166.52922619047618,94.15886904761909,0.0,205.8553571428572,97.6789880952381,17.837797619047613,0.0,2017-03-19 00:00:00
738,3.0316997792494442,9.085452538631282,367.2592494481236,10.130441501103745,496.7620529801319,93.31982339955854,0.0,627.6367770419428,96.26302428256069,17.96132450331127,346.25439293598237,2017-04-09 00:00:00
739,3.5789880952380964,9.18053571428573,380.0,14.982857142857139,150.01125000000002,97.87470238095236,0.0,251.41434523809528,98.12970238095238,19.50630952380952,0.058809523809523805,2017-04-16 00:00:00
740,2.161445783132529,9.175481927710864,379.5272891566265,14.223915662650606,174.14734939759035,97.62216867469878,0.0,218.13018072289157,97.9535542168675,19.013313253012036,9.20277108433735,2017-04-23 00:00:00
741,,,,,,,,,,,,2017-04-23 00:00:00
742,,,,,,,,,,,,2017-02-19 00:00:00
743,2.7703571428571414,9.772470238095256,380.0,5.018988095238093,179.25723214285713,93.16526785714288,0.0,171.47946428571433,97.72726190476189,16.74511904761905,0.05755952380952381,2017-03-05 00:00:00
744,3.2075107296137326,9.541802575107308,373.8244206008584,7.202446351931335,497.06791845493575,92.94793991416313,0.0,548.9986266094421,96.2421888412017,17.319399141630914,336.5521030042918,2017-03-26 00:00:00
745,2.556521739130437,9.179565217391328,365.73540372670806,8.077080745341615,130.23229813664597,91.04937888198758,0.0,401.986149068323,98.33434782608695,18.243291925465837,0.11254658385093168,2017-04-02 00:00:00
746,2.096983164983158,9.16502356902376,379.9174612794614,16.583003367003496,194.79893602693582,97.77010101010109,0.0,284.21370370370386,97.7594343434344,20.458235690235686,5.098868686868686,2017-06-04 00:00:00
747,,,,,,,,,,,,2017-04-02 00:00:00
748,2.1652469135802463,9.095493827160514,376.313950617284,13.76197530864198,194.19209876543215,97.05351851851849,0.0,205.16808641975305,97.20561728395063,18.829197530864192,0.011358024691358026,2017-04-09 00:00:00
749,2.8744610778443134,9.178023952095772,379.7650598802395,14.605658682634731,162.00703592814355,97.74919161676641,0.0,234.87191616766466,98.04215568862274,19.26128742514969,4.6034131736526955,2017-04-23 00:00:00
750,1.7783018867924532,9.190503144654103,385.76408805031446,11.647610062893088,243.39132075471704,97.64616352201257,0.0,265.2132704402515,97.97415094339624,19.785220125786157,0.013647798742138364,2017-04-30 00:00:00
751,2.2533749999999984,9.179750000000023,380.0,18.099687500000005,165.19150000000008,98.09349999999998,0.0,279.1714374999999,97.911375,21.3345,0.07625,2017-05-07 00:00:00
752,2.4121257485029943,9.166257485029908,379.3786826347305,17.873742514970058,172.8800898203592,97.84104790419165,0.0,331.28071856287426,97.66194610778436,20.56035928143713,14.47245508982036,2017-05-21 00:00:00
753,0.8625595238095238,9.158809523809541,379.07184523809525,19.629583333333382,238.05547619047616,97.85869047619046,0.0,331.39124999999996,97.60077380952382,21.45886904761906,7.03077380952381,2017-05-28 00:00:00
