,statusCode,statusMessage,fatrCode,facilityId,measDate,fldCode,sectCode,itemCode,senVal,ymd,cntCollect,num,totalRows,totalPage,currentPage
0,00,NORMAL_CODE,CC01_1_R_S_2,PF_0000004_01,2016-11-02 13:00:00,FG,CR,080300,100,20161102,2,1,983.0,1,1
1,,,CC01_1_R_S_3,PF_0000004_01,2016-11-02 13:00:00,FG,CR,080300,40,20161102,2,2,,,
2,,,CC01_1_R_S_1,PF_0000004_01,2016-11-02 13:00:00,FG,CR,080300,25,20161102,2,3,,,
3,,,CC01_1_R_S_4,PF_0000004_01,2016-11-02 13:00:00,FG,CR,080300,1,20161102,2,4,,,
4,,,CC01_2_R_C,PF_0000004_01,2016-11-02 13:00:00,FG,CR,080300,35,20161102,51,5,,,
5,,,CC01_1_R_S_2,PF_0000004_01,2016-11-02 14:00:00,FG,CR,080300,100,20161102,50,6,,,
6,,,CC01_1_R_S_4,PF_0000004_01,2016-11-02 14:00:00,FG,CR,080300,1,20161102,50,7,,,
7,,,CC01_2_R_C,PF_0000004_01,2016-11-02 14:00:00,FG,CR,080300,25.8,20161102,66,8,,,
8,,,CC01_1_R_S_3,PF_0000004_01,2016-11-02 14:00:00,FG,CR,080300,40,20161102,50,9,,,
9,,,CC01_1_R_S_1,PF_0000004_01,2016-11-02 14:00:00,FG,CR,080300,25,20161102,50,10,,,
10,,,CC01_2_R_C,PF_0000004_01,2016-11-02 15:00:00,FG,CR,080300,20,20161102,62,11,,,
11,,,CC01_1_R_S_1,PF_0000004_01,2016-11-02 15:00:00,FG,CR,080300,25,20161102,2,12,,,
12,,,CC01_1_R_S_3,PF_0000004_01,2016-11-02 15:00:00,FG,CR,080300,40,20161102,2,13,,,
13,,,CC01_1_R_S_4,PF_0000004_01,2016-11-02 15:00:00,FG,CR,080300,1,20161102,2,14,,,
14,,,CC01_1_R_S_2,PF_0000004_01,2016-11-02 15:00:00,FG,CR,080300,100,20161102,2,15,,,
15,,,CC01_1_R_S_1,PF_0000004_01,2016-11-02 16:00:00,FG,CR,080300,28,20161102,2,16,,,
16,,,CC01_2_R_C,PF_0000004_01,2016-11-02 16:00:00,FG,CR,080300,.32,20161102,62,17,,,
17,,,CC01_1_R_S_4,PF_0000004_01,2016-11-02 16:00:00,FG,CR,080300,1,20161102,2,18,,,
18,,,CC01_1_R_S_2,PF_0000004_01,2016-11-02 16:00:00,FG,CR,080300,65,20161102,2,19,,,
19,,,CC01_1_R_S_3,PF_0000004_01,2016-11-02 16:00:00,FG,CR,080300,0,20161102,2,20,,,
20,,,CC01_1_R_S_4,PF_0000004_01,2016-11-02 17:00:00,FG,CR,080300,1,20161102,2,21,,,
21,,,CC01_2_R_C,PF_0000004_01,2016-11-02 17:00:00,FG,CR,080300,0,20161102,62,22,,,
22,,,CC01_1_R_S_1,PF_0000004_01,2016-11-02 17:00:00,FG,CR,080300,28,20161102,2,23,,,
23,,,CC01_1_R_S_2,PF_0000004_01,2016-11-02 17:00:00,FG,CR,080300,30,20161102,2,24,,,
24,,,CC01_1_R_S_3,PF_0000004_01,2016-11-02 17:00:00,FG,CR,080300,0,20161102,2,25,,,
25,,,CC01_2_R_C,PF_0000004_01,2016-11-02 18:00:00,FG,CR,080300,0,20161102,62,26,,,
26,,,CC01_1_R_S_4,PF_0000004_01,2016-11-02 18:00:00,FG,CR,080300,1,20161102,2,27,,,
27,,,CC01_1_R_S_3,PF_0000004_01,2016-11-02 18:00:00,FG,CR,080300,0,20161102,2,28,,,
28,,,CC01_1_R_S_1,PF_0000004_01,2016-11-02 18:00:00,FG,CR,080300,28,20161102,2,29,,,
29,,,CC01_1_R_S_2,PF_0000004_01,2016-11-02 18:00:00,FG,CR,080300,30,20161102,2,30,,,
30,,,CC01_1_R_S_2,PF_0000004_01,2016-11-02 19:00:00,FG,CR,080300,30,20161102,2,31,,,
31,,,CC01_1_R_S_4,PF_0000004_01,2016-11-02 19:00:00,FG,CR,080300,1,20161102,2,32,,,
32,,,CC01_2_R_C,PF_0000004_01,2016-11-02 19:00:00,FG,CR,080300,0,20161102,62,33,,,
33,,,CC01_1_R_S_1,PF_0000004_01,2016-11-02 19:00:00,FG,CR,080300,28,20161102,2,34,,,
34,,,CC01_1_R_S_3,PF_0000004_01,2016-11-02 19:00:00,FG,CR,080300,0,20161102,2,35,,,
35,,,CC01_1_R_S_1,PF_0000004_01,2016-11-02 20:00:00,FG,CR,080300,28,20161102,2,36,,,
36,,,CC01_1_R_S_4,PF_0000004_01,2016-11-02 20:00:00,FG,CR,080300,1,20161102,2,37,,,
37,,,CC01_1_R_S_2,PF_0000004_01,2016-11-02 20:00:00,FG,CR,080300,20,20161102,2,38,,,
38,,,CC01_1_R_S_3,PF_0000004_01,2016-11-02 20:00:00,FG,CR,080300,0,20161102,2,39,,,
39,,,CC01_2_R_C,PF_0000004_01,2016-11-02 20:00:00,FG,CR,080300,0,20161102,62,40,,,
40,,,CC01_1_R_S_2,PF_0000004_01,2016-11-02 21:00:00,FG,CR,080300,20,20161102,2,41,,,
41,,,CC01_1_R_S_1,PF_0000004_01,2016-11-02 21:00:00,FG,CR,080300,28,20161102,2,42,,,
42,,,CC01_1_R_S_4,PF_0000004_01,2016-11-02 21:00:00,FG,CR,080300,1,20161102,2,43,,,
43,,,CC01_1_R_S_3,PF_0000004_01,2016-11-02 21:00:00,FG,CR,080300,0,20161102,2,44,,,
44,,,CC01_2_R_C,PF_0000004_01,2016-11-02 21:00:00,FG,CR,080300,0,20161102,62,45,,,
45,,,CC01_1_R_S_2,PF_0000004_01,2016-11-02 22:00:00,FG,CR,080300,20,20161102,2,46,,,
46,,,CC01_1_R_S_4,PF_0000004_01,2016-11-02 22:00:00,FG,CR,080300,1,20161102,2,47,,,
47,,,CC01_2_R_C,PF_0000004_01,2016-11-02 22:00:00,FG,CR,080300,0,20161102,62,48,,,
48,,,CC01_1_R_S_3,PF_0000004_01,2016-11-02 22:00:00,FG,CR,080300,0,20161102,2,49,,,
49,,,CC01_1_R_S_1,PF_0000004_01,2016-11-02 22:00:00,FG,CR,080300,28,20161102,2,50,,,
50,,,CC01_1_R_S_3,PF_0000004_01,2016-11-02 23:00:00,FG,CR,080300,0,20161102,2,51,,,
51,,,CC01_1_R_S_2,PF_0000004_01,2016-11-02 23:00:00,FG,CR,080300,30,20161102,2,52,,,
52,,,CC01_2_R_C,PF_0000004_01,2016-11-02 23:00:00,FG,CR,080300,0,20161102,62,53,,,
53,,,CC01_1_R_S_4,PF_0000004_01,2016-11-02 23:00:00,FG,CR,080300,1,20161102,2,54,,,
54,,,CC01_1_R_S_1,PF_0000004_01,2016-11-02 23:00:00,FG,CR,080300,25,20161102,2,55,,,
55,,,CC01_1_R_S_2,PF_0000004_01,2016-11-03 00:00:00,FG,CR,080300,30,20161103,2,56,,,
56,,,CC01_1_R_S_4,PF_0000004_01,2016-11-03 00:00:00,FG,CR,080300,1,20161103,2,57,,,
57,,,CC01_2_R_C,PF_0000004_01,2016-11-03 00:00:00,FG,CR,080300,0,20161103,62,58,,,
58,,,CC01_1_R_S_3,PF_0000004_01,2016-11-03 00:00:00,FG,CR,080300,0,20161103,2,59,,,
59,,,CC01_1_R_S_1,PF_0000004_01,2016-11-03 00:00:00,FG,CR,080300,25,20161103,2,60,,,
60,,,CC01_1_R_S_2,PF_0000004_01,2016-11-03 01:00:00,FG,CR,080300,30,20161103,2,61,,,
61,,,CC01_2_R_C,PF_0000004_01,2016-11-03 01:00:00,FG,CR,080300,0,20161103,62,62,,,
62,,,CC01_1_R_S_4,PF_0000004_01,2016-11-03 01:00:00,FG,CR,080300,1,20161103,2,63,,,
63,,,CC01_1_R_S_1,PF_0000004_01,2016-11-03 01:00:00,FG,CR,080300,25,20161103,2,64,,,
64,,,CC01_1_R_S_3,PF_0000004_01,2016-11-03 01:00:00,FG,CR,080300,0,20161103,2,65,,,
65,,,CC01_1_R_S_3,PF_0000004_01,2016-11-03 02:00:00,FG,CR,080300,0,20161103,2,66,,,
66,,,CC01_2_R_C,PF_0000004_01,2016-11-03 02:00:00,FG,CR,080300,0,20161103,62,67,,,
67,,,CC01_1_R_S_4,PF_0000004_01,2016-11-03 02:00:00,FG,CR,080300,1,20161103,2,68,,,
68,,,CC01_1_R_S_1,PF_0000004_01,2016-11-03 02:00:00,FG,CR,080300,25,20161103,2,69,,,
69,,,CC01_1_R_S_2,PF_0000004_01,2016-11-03 02:00:00,FG,CR,080300,30,20161103,2,70,,,
70,,,CC01_2_R_C,PF_0000004_01,2016-11-03 03:00:00,FG,CR,080300,0,20161103,62,71,,,
71,,,CC01_1_R_S_4,PF_0000004_01,2016-11-03 03:00:00,FG,CR,080300,1,20161103,2,72,,,
72,,,CC01_1_R_S_3,PF_0000004_01,2016-11-03 03:00:00,FG,CR,080300,0,20161103,2,73,,,
73,,,CC01_1_R_S_2,PF_0000004_01,2016-11-03 03:00:00,FG,CR,080300,30,20161103,2,74,,,
74,,,CC01_1_R_S_1,PF_0000004_01,2016-11-03 03:00:00,FG,CR,080300,25,20161103,2,75,,,
75,,,CC01_1_R_S_2,PF_0000004_01,2016-11-03 04:00:00,FG,CR,080300,30,20161103,2,76,,,
76,,,CC01_2_R_C,PF_0000004_01,2016-11-03 04:00:00,FG,CR,080300,0,20161103,62,77,,,
77,,,CC01_1_R_S_3,PF_0000004_01,2016-11-03 04:00:00,FG,CR,080300,0,20161103,2,78,,,
78,,,CC01_1_R_S_1,PF_0000004_01,2016-11-03 04:00:00,FG,CR,080300,25,20161103,2,79,,,
79,,,CC01_1_R_S_4,PF_0000004_01,2016-11-03 04:00:00,FG,CR,080300,1,20161103,2,80,,,
80,,,CC01_1_R_S_1,PF_0000004_01,2016-11-03 05:00:00,FG,CR,080300,25,20161103,2,81,,,
81,,,CC01_1_R_S_4,PF_0000004_01,2016-11-03 05:00:00,FG,CR,080300,1,20161103,2,82,,,
82,,,CC01_2_R_C,PF_0000004_01,2016-11-03 05:00:00,FG,CR,080300,0,20161103,62,83,,,
83,,,CC01_1_R_S_3,PF_0000004_01,2016-11-03 05:00:00,FG,CR,080300,0,20161103,2,84,,,
84,,,CC01_1_R_S_2,PF_0000004_01,2016-11-03 05:00:00,FG,CR,080300,30,20161103,2,85,,,
85,,,CC01_1_R_S_3,PF_0000004_01,2016-11-03 06:00:00,FG,CR,080300,0,20161103,2,86,,,
86,,,CC01_1_R_S_4,PF_0000004_01,2016-11-03 06:00:00,FG,CR,080300,1,20161103,2,87,,,
87,,,CC01_2_R_C,PF_0000004_01,2016-11-03 06:00:00,FG,CR,080300,0,20161103,62,88,,,
88,,,CC01_1_R_S_1,PF_0000004_01,2016-11-03 06:00:00,FG,CR,080300,25,20161103,2,89,,,
89,,,CC01_1_R_S_2,PF_0000004_01,2016-11-03 06:00:00,FG,CR,080300,30,20161103,2,90,,,
90,,,CC01_1_R_S_4,PF_0000004_01,2016-11-03 07:00:00,FG,CR,080300,1,20161103,2,91,,,
91,,,CC01_1_R_S_2,PF_0000004_01,2016-11-03 07:00:00,FG,CR,080300,60,20161103,2,92,,,
92,,,CC01_1_R_S_1,PF_0000004_01,2016-11-03 07:00:00,FG,CR,080300,25,20161103,2,93,,,
93,,,CC01_2_R_C,PF_0000004_01,2016-11-03 07:00:00,FG,CR,080300,0,20161103,62,94,,,
94,,,CC01_1_R_S_3,PF_0000004_01,2016-11-03 07:00:00,FG,CR,080300,0,20161103,2,95,,,
95,,,CC01_2_R_C,PF_0000004_01,2016-11-03 08:00:00,FG,CR,080300,0,20161103,62,96,,,
96,,,CC01_1_R_S_2,PF_0000004_01,2016-11-03 08:00:00,FG,CR,080300,60,20161103,2,97,,,
97,,,CC01_1_R_S_3,PF_0000004_01,2016-11-03 08:00:00,FG,CR,080300,0,20161103,2,98,,,
98,,,CC01_1_R_S_4,PF_0000004_01,2016-11-03 08:00:00,FG,CR,080300,1,20161103,2,99,,,
99,,,CC01_1_R_S_1,PF_0000004_01,2016-11-03 08:00:00,FG,CR,080300,25,20161103,2,100,,,
100,,,CC01_1_R_S_3,PF_0000004_01,2016-11-03 09:00:00,FG,CR,080300,40,20161103,2,101,,,
101,,,CC01_1_R_S_2,PF_0000004_01,2016-11-03 09:00:00,FG,CR,080300,100,20161103,2,102,,,
102,,,CC01_1_R_S_1,PF_0000004_01,2016-11-03 09:00:00,FG,CR,080300,25,20161103,2,103,,,
103,,,CC01_1_R_S_4,PF_0000004_01,2016-11-03 09:00:00,FG,CR,080300,1,20161103,2,104,,,
104,,,CC01_2_R_C,PF_0000004_01,2016-11-03 09:00:00,FG,CR,080300,0,20161103,62,105,,,
105,,,CC01_1_R_S_4,PF_0000004_01,2016-11-03 10:00:00,FG,CR,080300,1,20161103,2,106,,,
106,,,CC01_2_R_C,PF_0000004_01,2016-11-03 10:00:00,FG,CR,080300,0,20161103,62,107,,,
107,,,CC01_1_R_S_1,PF_0000004_01,2016-11-03 10:00:00,FG,CR,080300,25,20161103,2,108,,,
108,,,CC01_1_R_S_3,PF_0000004_01,2016-11-03 10:00:00,FG,CR,080300,40,20161103,2,109,,,
109,,,CC01_1_R_S_2,PF_0000004_01,2016-11-03 10:00:00,FG,CR,080300,100,20161103,2,110,,,
110,,,CC01_1_R_S_3,PF_0000004_01,2016-11-03 11:00:00,FG,CR,080300,40,20161103,2,111,,,
111,,,CC01_1_R_S_4,PF_0000004_01,2016-11-03 11:00:00,FG,CR,080300,1,20161103,2,112,,,
112,,,CC01_1_R_S_2,PF_0000004_01,2016-11-03 11:00:00,FG,CR,080300,100,20161103,2,113,,,
113,,,CC01_1_R_S_1,PF_0000004_01,2016-11-03 11:00:00,FG,CR,080300,25,20161103,2,114,,,
114,,,CC01_2_R_C,PF_0000004_01,2016-11-03 11:00:00,FG,CR,080300,.97,20161103,64,115,,,
115,,,CC01_1_R_S_1,PF_0000004_01,2016-11-03 12:00:00,FG,CR,080300,25,20161103,2,116,,,
116,,,CC01_1_R_S_3,PF_0000004_01,2016-11-03 12:00:00,FG,CR,080300,40,20161103,2,117,,,
117,,,CC01_1_R_S_4,PF_0000004_01,2016-11-03 12:00:00,FG,CR,080300,1,20161103,2,118,,,
118,,,CC01_2_R_C,PF_0000004_01,2016-11-03 12:00:00,FG,CR,080300,30.88,20161103,64,119,,,
119,,,CC01_1_R_S_2,PF_0000004_01,2016-11-03 12:00:00,FG,CR,080300,100,20161103,2,120,,,
120,,,CC01_1_R_S_2,PF_0000004_01,2016-11-03 13:00:00,FG,CR,080300,100,20161103,2,121,,,
121,,,CC01_1_R_S_1,PF_0000004_01,2016-11-03 13:00:00,FG,CR,080300,25,20161103,2,122,,,
122,,,CC01_2_R_C,PF_0000004_01,2016-11-03 13:00:00,FG,CR,080300,56.89,20161103,62,123,,,
123,,,CC01_1_R_S_3,PF_0000004_01,2016-11-03 13:00:00,FG,CR,080300,40,20161103,2,124,,,
124,,,CC01_1_R_S_4,PF_0000004_01,2016-11-03 13:00:00,FG,CR,080300,1,20161103,2,125,,,
125,,,CC01_1_R_S_4,PF_0000004_01,2016-11-03 14:00:00,FG,CR,080300,1,20161103,2,126,,,
126,,,CC01_1_R_S_1,PF_0000004_01,2016-11-03 14:00:00,FG,CR,080300,25,20161103,2,127,,,
127,,,CC01_1_R_S_3,PF_0000004_01,2016-11-03 14:00:00,FG,CR,080300,40,20161103,2,128,,,
128,,,CC01_2_R_C,PF_0000004_01,2016-11-03 14:00:00,FG,CR,080300,57,20161103,62,129,,,
129,,,CC01_1_R_S_2,PF_0000004_01,2016-11-03 14:00:00,FG,CR,080300,100,20161103,2,130,,,
130,,,CC01_1_R_S_1,PF_0000004_01,2016-11-03 15:00:00,FG,CR,080300,25,20161103,2,131,,,
131,,,CC01_2_R_C,PF_0000004_01,2016-11-03 15:00:00,FG,CR,080300,40.76,20161103,63,132,,,
132,,,CC01_1_R_S_2,PF_0000004_01,2016-11-03 15:00:00,FG,CR,080300,100,20161103,2,133,,,
133,,,CC01_1_R_S_4,PF_0000004_01,2016-11-03 15:00:00,FG,CR,080300,1,20161103,2,134,,,
134,,,CC01_1_R_S_3,PF_0000004_01,2016-11-03 15:00:00,FG,CR,080300,40,20161103,2,135,,,
135,,,CC01_1_R_S_2,PF_0000004_01,2016-11-03 16:00:00,FG,CR,080300,30,20161103,2,136,,,
136,,,CC01_2_R_C,PF_0000004_01,2016-11-03 16:00:00,FG,CR,080300,0,20161103,62,137,,,
137,,,CC01_1_R_S_4,PF_0000004_01,2016-11-03 16:00:00,FG,CR,080300,1,20161103,2,138,,,
138,,,CC01_1_R_S_1,PF_0000004_01,2016-11-03 16:00:00,FG,CR,080300,28,20161103,2,139,,,
139,,,CC01_1_R_S_3,PF_0000004_01,2016-11-03 16:00:00,FG,CR,080300,40,20161103,2,140,,,
140,,,CC01_1_R_S_3,PF_0000004_01,2016-11-03 17:00:00,FG,CR,080300,0,20161103,2,141,,,
141,,,CC01_1_R_S_4,PF_0000004_01,2016-11-03 17:00:00,FG,CR,080300,1,20161103,2,142,,,
142,,,CC01_2_R_C,PF_0000004_01,2016-11-03 17:00:00,FG,CR,080300,0,20161103,62,143,,,
143,,,CC01_1_R_S_1,PF_0000004_01,2016-11-03 17:00:00,FG,CR,080300,28,20161103,2,144,,,
144,,,CC01_1_R_S_2,PF_0000004_01,2016-11-03 17:00:00,FG,CR,080300,30,20161103,2,145,,,
145,,,CC01_1_R_S_3,PF_0000004_01,2016-11-03 18:00:00,FG,CR,080300,0,20161103,2,146,,,
146,,,CC01_1_R_S_1,PF_0000004_01,2016-11-03 18:00:00,FG,CR,080300,28,20161103,2,147,,,
147,,,CC01_2_R_C,PF_0000004_01,2016-11-03 18:00:00,FG,CR,080300,0,20161103,62,148,,,
148,,,CC01_1_R_S_2,PF_0000004_01,2016-11-03 18:00:00,FG,CR,080300,30,20161103,2,149,,,
149,,,CC01_1_R_S_4,PF_0000004_01,2016-11-03 18:00:00,FG,CR,080300,1,20161103,2,150,,,
150,,,CC01_1_R_S_2,PF_0000004_01,2016-11-03 19:00:00,FG,CR,080300,30,20161103,2,151,,,
151,,,CC01_2_R_C,PF_0000004_01,2016-11-03 19:00:00,FG,CR,080300,0,20161103,62,152,,,
152,,,CC01_1_R_S_1,PF_0000004_01,2016-11-03 19:00:00,FG,CR,080300,28,20161103,2,153,,,
153,,,CC01_1_R_S_4,PF_0000004_01,2016-11-03 19:00:00,FG,CR,080300,1,20161103,2,154,,,
154,,,CC01_1_R_S_3,PF_0000004_01,2016-11-03 19:00:00,FG,CR,080300,0,20161103,2,155,,,
155,,,CC01_1_R_S_3,PF_0000004_01,2016-11-03 20:00:00,FG,CR,080300,0,20161103,2,156,,,
156,,,CC01_1_R_S_2,PF_0000004_01,2016-11-03 20:00:00,FG,CR,080300,20,20161103,2,157,,,
157,,,CC01_1_R_S_4,PF_0000004_01,2016-11-03 20:00:00,FG,CR,080300,1,20161103,2,158,,,
158,,,CC01_2_R_C,PF_0000004_01,2016-11-03 20:00:00,FG,CR,080300,0,20161103,62,159,,,
159,,,CC01_1_R_S_1,PF_0000004_01,2016-11-03 20:00:00,FG,CR,080300,28,20161103,2,160,,,
160,,,CC01_1_R_S_3,PF_0000004_01,2016-11-03 21:00:00,FG,CR,080300,0,20161103,2,161,,,
161,,,CC01_2_R_C,PF_0000004_01,2016-11-03 21:00:00,FG,CR,080300,0,20161103,62,162,,,
162,,,CC01_1_R_S_1,PF_0000004_01,2016-11-03 21:00:00,FG,CR,080300,28,20161103,2,163,,,
163,,,CC01_1_R_S_4,PF_0000004_01,2016-11-03 21:00:00,FG,CR,080300,1,20161103,2,164,,,
164,,,CC01_1_R_S_2,PF_0000004_01,2016-11-03 21:00:00,FG,CR,080300,20,20161103,2,165,,,
165,,,CC01_2_R_C,PF_0000004_01,2016-11-03 22:00:00,FG,CR,080300,0,20161103,62,166,,,
166,,,CC01_1_R_S_2,PF_0000004_01,2016-11-03 22:00:00,FG,CR,080300,20,20161103,2,167,,,
167,,,CC01_1_R_S_4,PF_0000004_01,2016-11-03 22:00:00,FG,CR,080300,1,20161103,2,168,,,
168,,,CC01_1_R_S_3,PF_0000004_01,2016-11-03 22:00:00,FG,CR,080300,0,20161103,2,169,,,
169,,,CC01_1_R_S_1,PF_0000004_01,2016-11-03 22:00:00,FG,CR,080300,28,20161103,2,170,,,
170,,,CC01_1_R_S_3,PF_0000004_01,2016-11-03 23:00:00,FG,CR,080300,0,20161103,2,171,,,
171,,,CC01_1_R_S_2,PF_0000004_01,2016-11-03 23:00:00,FG,CR,080300,30,20161103,2,172,,,
172,,,CC01_1_R_S_4,PF_0000004_01,2016-11-03 23:00:00,FG,CR,080300,1,20161103,2,173,,,
173,,,CC01_1_R_S_1,PF_0000004_01,2016-11-03 23:00:00,FG,CR,080300,25,20161103,2,174,,,
174,,,CC01_2_R_C,PF_0000004_01,2016-11-03 23:00:00,FG,CR,080300,0,20161103,62,175,,,
175,,,CC01_2_R_C,PF_0000004_01,2016-11-04 00:00:00,FG,CR,080300,0,20161104,62,176,,,
176,,,CC01_1_R_S_1,PF_0000004_01,2016-11-04 00:00:00,FG,CR,080300,25,20161104,2,177,,,
177,,,CC01_1_R_S_4,PF_0000004_01,2016-11-04 00:00:00,FG,CR,080300,1,20161104,2,178,,,
178,,,CC01_1_R_S_2,PF_0000004_01,2016-11-04 00:00:00,FG,CR,080300,30,20161104,2,179,,,
179,,,CC01_1_R_S_3,PF_0000004_01,2016-11-04 00:00:00,FG,CR,080300,0,20161104,2,180,,,
180,,,CC01_1_R_S_4,PF_0000004_01,2016-11-04 01:00:00,FG,CR,080300,1,20161104,2,181,,,
181,,,CC01_1_R_S_1,PF_0000004_01,2016-11-04 01:00:00,FG,CR,080300,25,20161104,2,182,,,
182,,,CC01_2_R_C,PF_0000004_01,2016-11-04 01:00:00,FG,CR,080300,0,20161104,62,183,,,
183,,,CC01_1_R_S_2,PF_0000004_01,2016-11-04 01:00:00,FG,CR,080300,30,20161104,2,184,,,
184,,,CC01_1_R_S_3,PF_0000004_01,2016-11-04 01:00:00,FG,CR,080300,0,20161104,2,185,,,
185,,,CC01_1_R_S_1,PF_0000004_01,2016-11-04 02:00:00,FG,CR,080300,25,20161104,2,186,,,
186,,,CC01_1_R_S_3,PF_0000004_01,2016-11-04 02:00:00,FG,CR,080300,0,20161104,2,187,,,
187,,,CC01_1_R_S_2,PF_0000004_01,2016-11-04 02:00:00,FG,CR,080300,30,20161104,2,188,,,
188,,,CC01_2_R_C,PF_0000004_01,2016-11-04 02:00:00,FG,CR,080300,0,20161104,62,189,,,
189,,,CC01_1_R_S_4,PF_0000004_01,2016-11-04 02:00:00,FG,CR,080300,1,20161104,2,190,,,
190,,,CC01_1_R_S_2,PF_0000004_01,2016-11-04 03:00:00,FG,CR,080300,30,20161104,2,191,,,
191,,,CC01_1_R_S_3,PF_0000004_01,2016-11-04 03:00:00,FG,CR,080300,0,20161104,2,192,,,
192,,,CC01_1_R_S_1,PF_0000004_01,2016-11-04 03:00:00,FG,CR,080300,25,20161104,2,193,,,
193,,,CC01_1_R_S_4,PF_0000004_01,2016-11-04 03:00:00,FG,CR,080300,1,20161104,2,194,,,
194,,,CC01_2_R_C,PF_0000004_01,2016-11-04 03:00:00,FG,CR,080300,0,20161104,62,195,,,
195,,,CC01_2_R_C,PF_0000004_01,2016-11-04 04:00:00,FG,CR,080300,0,20161104,62,196,,,
196,,,CC01_1_R_S_1,PF_0000004_01,2016-11-04 04:00:00,FG,CR,080300,25,20161104,2,197,,,
197,,,CC01_1_R_S_2,PF_0000004_01,2016-11-04 04:00:00,FG,CR,080300,30,20161104,2,198,,,
198,,,CC01_1_R_S_4,PF_0000004_01,2016-11-04 04:00:00,FG,CR,080300,1,20161104,2,199,,,
199,,,CC01_1_R_S_3,PF_0000004_01,2016-11-04 04:00:00,FG,CR,080300,0,20161104,2,200,,,
200,,,CC01_1_R_S_4,PF_0000004_01,2016-11-04 05:00:00,FG,CR,080300,1,20161104,2,201,,,
201,,,CC01_1_R_S_2,PF_0000004_01,2016-11-04 05:00:00,FG,CR,080300,30,20161104,2,202,,,
202,,,CC01_1_R_S_3,PF_0000004_01,2016-11-04 05:00:00,FG,CR,080300,0,20161104,2,203,,,
203,,,CC01_1_R_S_1,PF_0000004_01,2016-11-04 05:00:00,FG,CR,080300,25,20161104,2,204,,,
204,,,CC01_2_R_C,PF_0000004_01,2016-11-04 05:00:00,FG,CR,080300,0,20161104,62,205,,,
205,,,CC01_2_R_C,PF_0000004_01,2016-11-04 06:00:00,FG,CR,080300,0,20161104,62,206,,,
206,,,CC01_1_R_S_2,PF_0000004_01,2016-11-04 06:00:00,FG,CR,080300,30,20161104,2,207,,,
207,,,CC01_1_R_S_4,PF_0000004_01,2016-11-04 06:00:00,FG,CR,080300,1,20161104,2,208,,,
208,,,CC01_1_R_S_3,PF_0000004_01,2016-11-04 06:00:00,FG,CR,080300,0,20161104,2,209,,,
209,,,CC01_1_R_S_1,PF_0000004_01,2016-11-04 06:00:00,FG,CR,080300,25,20161104,2,210,,,
210,,,CC01_1_R_S_1,PF_0000004_01,2016-11-04 07:00:00,FG,CR,080300,25,20161104,2,211,,,
211,,,CC01_1_R_S_2,PF_0000004_01,2016-11-04 07:00:00,FG,CR,080300,60,20161104,2,212,,,
212,,,CC01_1_R_S_3,PF_0000004_01,2016-11-04 07:00:00,FG,CR,080300,0,20161104,2,213,,,
213,,,CC01_1_R_S_4,PF_0000004_01,2016-11-04 07:00:00,FG,CR,080300,1,20161104,2,214,,,
214,,,CC01_2_R_C,PF_0000004_01,2016-11-04 07:00:00,FG,CR,080300,0,20161104,62,215,,,
215,,,CC01_1_R_S_2,PF_0000004_01,2016-11-04 08:00:00,FG,CR,080300,60,20161104,2,216,,,
216,,,CC01_1_R_S_3,PF_0000004_01,2016-11-04 08:00:00,FG,CR,080300,0,20161104,2,217,,,
217,,,CC01_2_R_C,PF_0000004_01,2016-11-04 08:00:00,FG,CR,080300,0,20161104,62,218,,,
218,,,CC01_1_R_S_1,PF_0000004_01,2016-11-04 08:00:00,FG,CR,080300,25,20161104,2,219,,,
219,,,CC01_1_R_S_4,PF_0000004_01,2016-11-04 08:00:00,FG,CR,080300,1,20161104,2,220,,,
220,,,CC01_2_R_C,PF_0000004_01,2016-11-04 09:00:00,FG,CR,080300,0,20161104,62,221,,,
221,,,CC01_1_R_S_4,PF_0000004_01,2016-11-04 09:00:00,FG,CR,080300,1,20161104,2,222,,,
222,,,CC01_1_R_S_2,PF_0000004_01,2016-11-04 09:00:00,FG,CR,080300,100,20161104,2,223,,,
223,,,CC01_1_R_S_1,PF_0000004_01,2016-11-04 09:00:00,FG,CR,080300,25,20161104,2,224,,,
224,,,CC01_1_R_S_3,PF_0000004_01,2016-11-04 09:00:00,FG,CR,080300,0,20161104,2,225,,,
225,,,CC01_1_R_S_2,PF_0000004_01,2016-11-04 10:00:00,FG,CR,080300,100,20161104,2,226,,,
226,,,CC01_2_R_C,PF_0000004_01,2016-11-04 10:00:00,FG,CR,080300,37.3,20161104,64,227,,,
227,,,CC01_1_R_S_1,PF_0000004_01,2016-11-04 10:00:00,FG,CR,080300,25,20161104,2,228,,,
228,,,CC01_1_R_S_4,PF_0000004_01,2016-11-04 10:00:00,FG,CR,080300,1,20161104,2,229,,,
229,,,CC01_1_R_S_3,PF_0000004_01,2016-11-04 10:00:00,FG,CR,080300,40,20161104,2,230,,,
230,,,CC01_1_R_S_3,PF_0000004_01,2016-11-04 11:00:00,FG,CR,080300,40,20161104,2,231,,,
231,,,CC01_1_R_S_2,PF_0000004_01,2016-11-04 11:00:00,FG,CR,080300,100,20161104,2,232,,,
232,,,CC01_1_R_S_4,PF_0000004_01,2016-11-04 11:00:00,FG,CR,080300,1,20161104,2,233,,,
233,,,CC01_2_R_C,PF_0000004_01,2016-11-04 11:00:00,FG,CR,080300,65,20161104,62,234,,,
234,,,CC01_1_R_S_1,PF_0000004_01,2016-11-04 11:00:00,FG,CR,080300,25,20161104,2,235,,,
235,,,CC01_1_R_S_3,PF_0000004_01,2016-11-04 12:00:00,FG,CR,080300,40,20161104,2,236,,,
236,,,CC01_1_R_S_4,PF_0000004_01,2016-11-04 12:00:00,FG,CR,080300,1,20161104,2,237,,,
237,,,CC01_1_R_S_2,PF_0000004_01,2016-11-04 12:00:00,FG,CR,080300,100,20161104,2,238,,,
238,,,CC01_1_R_S_1,PF_0000004_01,2016-11-04 12:00:00,FG,CR,080300,25,20161104,2,239,,,
239,,,CC01_2_R_C,PF_0000004_01,2016-11-04 12:00:00,FG,CR,080300,65,20161104,62,240,,,
240,,,CC01_1_R_S_4,PF_0000004_01,2016-11-04 13:00:00,FG,CR,080300,1,20161104,2,241,,,
241,,,CC01_1_R_S_2,PF_0000004_01,2016-11-04 13:00:00,FG,CR,080300,100,20161104,2,242,,,
242,,,CC01_1_R_S_1,PF_0000004_01,2016-11-04 13:00:00,FG,CR,080300,25,20161104,2,243,,,
243,,,CC01_1_R_S_3,PF_0000004_01,2016-11-04 13:00:00,FG,CR,080300,40,20161104,2,244,,,
244,,,CC01_2_R_C,PF_0000004_01,2016-11-04 13:00:00,FG,CR,080300,42.79,20161104,63,245,,,
245,,,CC01_2_R_C,PF_0000004_01,2016-11-04 14:00:00,FG,CR,080300,41,20161104,62,246,,,
246,,,CC01_1_R_S_1,PF_0000004_01,2016-11-04 14:00:00,FG,CR,080300,25,20161104,2,247,,,
247,,,CC01_1_R_S_4,PF_0000004_01,2016-11-04 14:00:00,FG,CR,080300,1,20161104,2,248,,,
248,,,CC01_1_R_S_3,PF_0000004_01,2016-11-04 14:00:00,FG,CR,080300,40,20161104,2,249,,,
249,,,CC01_1_R_S_2,PF_0000004_01,2016-11-04 14:00:00,FG,CR,080300,100,20161104,2,250,,,
250,,,CC01_2_R_C,PF_0000004_01,2016-11-04 15:00:00,FG,CR,080300,18.6,20161104,62,251,,,
251,,,CC01_1_R_S_1,PF_0000004_01,2016-11-04 15:00:00,FG,CR,080300,25,20161104,1,252,,,
252,,,CC01_1_R_S_3,PF_0000004_01,2016-11-04 15:00:00,FG,CR,080300,40,20161104,1,253,,,
253,,,CC01_1_R_S_2,PF_0000004_01,2016-11-04 15:00:00,FG,CR,080300,100,20161104,1,254,,,
254,,,CC01_1_R_S_4,PF_0000004_01,2016-11-04 15:00:00,FG,CR,080300,1,20161104,1,255,,,
255,,,CC01_1_R_S_2,PF_0000004_01,2016-11-04 16:00:00,FG,CR,080300,30,20161104,2,256,,,
256,,,CC01_2_R_C,PF_0000004_01,2016-11-04 16:00:00,FG,CR,080300,0,20161104,62,257,,,
257,,,CC01_1_R_S_1,PF_0000004_01,2016-11-04 16:00:00,FG,CR,080300,25,20161104,2,258,,,
258,,,CC01_1_R_S_3,PF_0000004_01,2016-11-04 16:00:00,FG,CR,080300,0,20161104,2,259,,,
259,,,CC01_1_R_S_4,PF_0000004_01,2016-11-04 16:00:00,FG,CR,080300,1,20161104,2,260,,,
260,,,CC01_1_R_S_3,PF_0000004_01,2016-11-04 17:00:00,FG,CR,080300,0,20161104,2,261,,,
261,,,CC01_2_R_C,PF_0000004_01,2016-11-04 17:00:00,FG,CR,080300,0,20161104,62,262,,,
262,,,CC01_1_R_S_4,PF_0000004_01,2016-11-04 17:00:00,FG,CR,080300,1,20161104,2,263,,,
263,,,CC01_1_R_S_1,PF_0000004_01,2016-11-04 17:00:00,FG,CR,080300,28,20161104,2,264,,,
264,,,CC01_1_R_S_2,PF_0000004_01,2016-11-04 17:00:00,FG,CR,080300,30,20161104,2,265,,,
265,,,CC01_1_R_S_3,PF_0000004_01,2016-11-04 18:00:00,FG,CR,080300,0,20161104,2,266,,,
266,,,CC01_1_R_S_2,PF_0000004_01,2016-11-04 18:00:00,FG,CR,080300,30,20161104,2,267,,,
267,,,CC01_1_R_S_4,PF_0000004_01,2016-11-04 18:00:00,FG,CR,080300,1,20161104,2,268,,,
268,,,CC01_1_R_S_1,PF_0000004_01,2016-11-04 18:00:00,FG,CR,080300,28,20161104,2,269,,,
269,,,CC01_2_R_C,PF_0000004_01,2016-11-04 18:00:00,FG,CR,080300,0,20161104,62,270,,,
270,,,CC01_1_R_S_3,PF_0000004_01,2016-11-04 19:00:00,FG,CR,080300,0,20161104,2,271,,,
271,,,CC01_1_R_S_2,PF_0000004_01,2016-11-04 19:00:00,FG,CR,080300,30,20161104,2,272,,,
272,,,CC01_1_R_S_1,PF_0000004_01,2016-11-04 19:00:00,FG,CR,080300,28,20161104,2,273,,,
273,,,CC01_1_R_S_4,PF_0000004_01,2016-11-04 19:00:00,FG,CR,080300,1,20161104,2,274,,,
274,,,CC01_2_R_C,PF_0000004_01,2016-11-04 19:00:00,FG,CR,080300,0,20161104,62,275,,,
275,,,CC01_1_R_S_1,PF_0000004_01,2016-11-04 20:00:00,FG,CR,080300,28,20161104,2,276,,,
276,,,CC01_2_R_C,PF_0000004_01,2016-11-04 20:00:00,FG,CR,080300,0,20161104,62,277,,,
277,,,CC01_1_R_S_2,PF_0000004_01,2016-11-04 20:00:00,FG,CR,080300,20,20161104,2,278,,,
278,,,CC01_1_R_S_4,PF_0000004_01,2016-11-04 20:00:00,FG,CR,080300,1,20161104,2,279,,,
279,,,CC01_1_R_S_3,PF_0000004_01,2016-11-04 20:00:00,FG,CR,080300,0,20161104,2,280,,,
280,,,CC01_2_R_C,PF_0000004_01,2016-11-04 21:00:00,FG,CR,080300,0,20161104,62,281,,,
281,,,CC01_1_R_S_4,PF_0000004_01,2016-11-04 21:00:00,FG,CR,080300,1,20161104,2,282,,,
282,,,CC01_1_R_S_3,PF_0000004_01,2016-11-04 21:00:00,FG,CR,080300,0,20161104,2,283,,,
283,,,CC01_1_R_S_2,PF_0000004_01,2016-11-04 21:00:00,FG,CR,080300,20,20161104,2,284,,,
284,,,CC01_1_R_S_1,PF_0000004_01,2016-11-04 21:00:00,FG,CR,080300,28,20161104,2,285,,,
285,,,CC01_1_R_S_1,PF_0000004_01,2016-11-04 22:00:00,FG,CR,080300,28,20161104,2,286,,,
286,,,CC01_2_R_C,PF_0000004_01,2016-11-04 22:00:00,FG,CR,080300,0,20161104,62,287,,,
287,,,CC01_1_R_S_2,PF_0000004_01,2016-11-04 22:00:00,FG,CR,080300,20,20161104,2,288,,,
288,,,CC01_1_R_S_3,PF_0000004_01,2016-11-04 22:00:00,FG,CR,080300,0,20161104,2,289,,,
289,,,CC01_1_R_S_4,PF_0000004_01,2016-11-04 22:00:00,FG,CR,080300,1,20161104,2,290,,,
290,,,CC01_2_R_C,PF_0000004_01,2016-11-04 23:00:00,FG,CR,080300,0,20161104,62,291,,,
291,,,CC01_1_R_S_3,PF_0000004_01,2016-11-04 23:00:00,FG,CR,080300,0,20161104,2,292,,,
292,,,CC01_1_R_S_4,PF_0000004_01,2016-11-04 23:00:00,FG,CR,080300,1,20161104,2,293,,,
293,,,CC01_1_R_S_2,PF_0000004_01,2016-11-04 23:00:00,FG,CR,080300,30,20161104,2,294,,,
294,,,CC01_1_R_S_1,PF_0000004_01,2016-11-04 23:00:00,FG,CR,080300,25,20161104,2,295,,,
295,,,CC01_1_R_S_1,PF_0000004_01,2016-11-05 00:00:00,FG,CR,080300,25,20161105,2,296,,,
296,,,CC01_1_R_S_2,PF_0000004_01,2016-11-05 00:00:00,FG,CR,080300,30,20161105,2,297,,,
297,,,CC01_1_R_S_3,PF_0000004_01,2016-11-05 00:00:00,FG,CR,080300,0,20161105,2,298,,,
298,,,CC01_2_R_C,PF_0000004_01,2016-11-05 00:00:00,FG,CR,080300,0,20161105,62,299,,,
299,,,CC01_1_R_S_4,PF_0000004_01,2016-11-05 00:00:00,FG,CR,080300,1,20161105,2,300,,,
300,,,CC01_2_R_C,PF_0000004_01,2016-11-05 01:00:00,FG,CR,080300,0,20161105,62,301,,,
301,,,CC01_1_R_S_2,PF_0000004_01,2016-11-05 01:00:00,FG,CR,080300,30,20161105,2,302,,,
302,,,CC01_1_R_S_4,PF_0000004_01,2016-11-05 01:00:00,FG,CR,080300,1,20161105,2,303,,,
303,,,CC01_1_R_S_1,PF_0000004_01,2016-11-05 01:00:00,FG,CR,080300,25,20161105,2,304,,,
304,,,CC01_1_R_S_3,PF_0000004_01,2016-11-05 01:00:00,FG,CR,080300,0,20161105,2,305,,,
305,,,CC01_1_R_S_4,PF_0000004_01,2016-11-05 02:00:00,FG,CR,080300,1,20161105,2,306,,,
306,,,CC01_2_R_C,PF_0000004_01,2016-11-05 02:00:00,FG,CR,080300,0,20161105,62,307,,,
307,,,CC01_1_R_S_2,PF_0000004_01,2016-11-05 02:00:00,FG,CR,080300,30,20161105,2,308,,,
308,,,CC01_1_R_S_1,PF_0000004_01,2016-11-05 02:00:00,FG,CR,080300,25,20161105,2,309,,,
309,,,CC01_1_R_S_3,PF_0000004_01,2016-11-05 02:00:00,FG,CR,080300,0,20161105,2,310,,,
310,,,CC01_1_R_S_4,PF_0000004_01,2016-11-05 03:00:00,FG,CR,080300,1,20161105,2,311,,,
311,,,CC01_1_R_S_3,PF_0000004_01,2016-11-05 03:00:00,FG,CR,080300,0,20161105,2,312,,,
312,,,CC01_1_R_S_2,PF_0000004_01,2016-11-05 03:00:00,FG,CR,080300,30,20161105,2,313,,,
313,,,CC01_1_R_S_1,PF_0000004_01,2016-11-05 03:00:00,FG,CR,080300,25,20161105,2,314,,,
314,,,CC01_2_R_C,PF_0000004_01,2016-11-05 03:00:00,FG,CR,080300,0,20161105,62,315,,,
315,,,CC01_1_R_S_2,PF_0000004_01,2016-11-05 04:00:00,FG,CR,080300,30,20161105,2,316,,,
316,,,CC01_1_R_S_3,PF_0000004_01,2016-11-05 04:00:00,FG,CR,080300,0,20161105,2,317,,,
317,,,CC01_1_R_S_4,PF_0000004_01,2016-11-05 04:00:00,FG,CR,080300,1,20161105,2,318,,,
318,,,CC01_2_R_C,PF_0000004_01,2016-11-05 04:00:00,FG,CR,080300,0,20161105,62,319,,,
319,,,CC01_1_R_S_1,PF_0000004_01,2016-11-05 04:00:00,FG,CR,080300,25,20161105,2,320,,,
320,,,CC01_1_R_S_4,PF_0000004_01,2016-11-05 05:00:00,FG,CR,080300,1,20161105,2,321,,,
321,,,CC01_2_R_C,PF_0000004_01,2016-11-05 05:00:00,FG,CR,080300,0,20161105,62,322,,,
322,,,CC01_1_R_S_3,PF_0000004_01,2016-11-05 05:00:00,FG,CR,080300,0,20161105,2,323,,,
323,,,CC01_1_R_S_2,PF_0000004_01,2016-11-05 05:00:00,FG,CR,080300,30,20161105,2,324,,,
324,,,CC01_1_R_S_1,PF_0000004_01,2016-11-05 05:00:00,FG,CR,080300,25,20161105,2,325,,,
325,,,CC01_2_R_C,PF_0000004_01,2016-11-05 06:00:00,FG,CR,080300,0,20161105,62,326,,,
326,,,CC01_1_R_S_2,PF_0000004_01,2016-11-05 06:00:00,FG,CR,080300,30,20161105,2,327,,,
327,,,CC01_1_R_S_1,PF_0000004_01,2016-11-05 06:00:00,FG,CR,080300,25,20161105,2,328,,,
328,,,CC01_1_R_S_4,PF_0000004_01,2016-11-05 06:00:00,FG,CR,080300,1,20161105,2,329,,,
329,,,CC01_1_R_S_3,PF_0000004_01,2016-11-05 06:00:00,FG,CR,080300,0,20161105,2,330,,,
330,,,CC01_1_R_S_3,PF_0000004_01,2016-11-05 07:00:00,FG,CR,080300,0,20161105,2,331,,,
331,,,CC01_1_R_S_2,PF_0000004_01,2016-11-05 07:00:00,FG,CR,080300,60,20161105,2,332,,,
332,,,CC01_1_R_S_1,PF_0000004_01,2016-11-05 07:00:00,FG,CR,080300,25,20161105,2,333,,,
333,,,CC01_1_R_S_4,PF_0000004_01,2016-11-05 07:00:00,FG,CR,080300,1,20161105,2,334,,,
334,,,CC01_2_R_C,PF_0000004_01,2016-11-05 07:00:00,FG,CR,080300,0,20161105,62,335,,,
335,,,CC01_1_R_S_2,PF_0000004_01,2016-11-05 08:00:00,FG,CR,080300,60,20161105,2,336,,,
336,,,CC01_1_R_S_4,PF_0000004_01,2016-11-05 08:00:00,FG,CR,080300,1,20161105,2,337,,,
337,,,CC01_1_R_S_1,PF_0000004_01,2016-11-05 08:00:00,FG,CR,080300,25,20161105,2,338,,,
338,,,CC01_1_R_S_3,PF_0000004_01,2016-11-05 08:00:00,FG,CR,080300,0,20161105,2,339,,,
339,,,CC01_2_R_C,PF_0000004_01,2016-11-05 08:00:00,FG,CR,080300,0,20161105,62,340,,,
340,,,CC01_1_R_S_2,PF_0000004_01,2016-11-05 09:00:00,FG,CR,080300,100,20161105,2,341,,,
341,,,CC01_1_R_S_1,PF_0000004_01,2016-11-05 09:00:00,FG,CR,080300,25,20161105,2,342,,,
342,,,CC01_2_R_C,PF_0000004_01,2016-11-05 09:00:00,FG,CR,080300,7.32,20161105,63,343,,,
343,,,CC01_1_R_S_3,PF_0000004_01,2016-11-05 09:00:00,FG,CR,080300,0,20161105,2,344,,,
344,,,CC01_1_R_S_4,PF_0000004_01,2016-11-05 09:00:00,FG,CR,080300,1,20161105,2,345,,,
345,,,CC01_1_R_S_2,PF_0000004_01,2016-11-05 10:00:00,FG,CR,080300,100,20161105,2,346,,,
346,,,CC01_2_R_C,PF_0000004_01,2016-11-05 10:00:00,FG,CR,080300,72.22,20161105,63,347,,,
347,,,CC01_1_R_S_3,PF_0000004_01,2016-11-05 10:00:00,FG,CR,080300,40,20161105,2,348,,,
348,,,CC01_1_R_S_4,PF_0000004_01,2016-11-05 10:00:00,FG,CR,080300,1,20161105,2,349,,,
349,,,CC01_1_R_S_1,PF_0000004_01,2016-11-05 10:00:00,FG,CR,080300,25,20161105,2,350,,,
350,,,CC01_1_R_S_3,PF_0000004_01,2016-11-05 11:00:00,FG,CR,080300,40,20161105,2,351,,,
351,,,CC01_1_R_S_1,PF_0000004_01,2016-11-05 11:00:00,FG,CR,080300,25,20161105,2,352,,,
352,,,CC01_1_R_S_4,PF_0000004_01,2016-11-05 11:00:00,FG,CR,080300,1,20161105,2,353,,,
353,,,CC01_2_R_C,PF_0000004_01,2016-11-05 11:00:00,FG,CR,080300,100,20161105,62,354,,,
354,,,CC01_1_R_S_2,PF_0000004_01,2016-11-05 11:00:00,FG,CR,080300,100,20161105,2,355,,,
355,,,CC01_1_R_S_3,PF_0000004_01,2016-11-05 12:00:00,FG,CR,080300,40,20161105,2,356,,,
356,,,CC01_2_R_C,PF_0000004_01,2016-11-05 12:00:00,FG,CR,080300,65.68,20161105,63,357,,,
357,,,CC01_1_R_S_1,PF_0000004_01,2016-11-05 12:00:00,FG,CR,080300,25,20161105,2,358,,,
358,,,CC01_1_R_S_4,PF_0000004_01,2016-11-05 12:00:00,FG,CR,080300,1,20161105,2,359,,,
359,,,CC01_1_R_S_2,PF_0000004_01,2016-11-05 12:00:00,FG,CR,080300,100,20161105,2,360,,,
360,,,CC01_1_R_S_1,PF_0000004_01,2016-11-05 13:00:00,FG,CR,080300,25,20161105,2,361,,,
361,,,CC01_1_R_S_4,PF_0000004_01,2016-11-05 13:00:00,FG,CR,080300,1,20161105,2,362,,,
362,,,CC01_1_R_S_3,PF_0000004_01,2016-11-05 13:00:00,FG,CR,080300,40,20161105,2,363,,,
363,,,CC01_2_R_C,PF_0000004_01,2016-11-05 13:00:00,FG,CR,080300,65.76,20161105,62,364,,,
364,,,CC01_1_R_S_2,PF_0000004_01,2016-11-05 13:00:00,FG,CR,080300,100,20161105,2,365,,,
365,,,CC01_1_R_S_4,PF_0000004_01,2016-11-05 14:00:00,FG,CR,080300,1,20161105,2,366,,,
366,,,CC01_2_R_C,PF_0000004_01,2016-11-05 14:00:00,FG,CR,080300,71,20161105,62,367,,,
367,,,CC01_1_R_S_1,PF_0000004_01,2016-11-05 14:00:00,FG,CR,080300,25,20161105,2,368,,,
368,,,CC01_1_R_S_3,PF_0000004_01,2016-11-05 14:00:00,FG,CR,080300,40,20161105,2,369,,,
369,,,CC01_1_R_S_2,PF_0000004_01,2016-11-05 14:00:00,FG,CR,080300,100,20161105,2,370,,,
370,,,CC01_1_R_S_1,PF_0000004_01,2016-11-05 15:00:00,FG,CR,080300,25,20161105,2,371,,,
371,,,CC01_2_R_C,PF_0000004_01,2016-11-05 15:00:00,FG,CR,080300,71,20161105,62,372,,,
372,,,CC01_1_R_S_4,PF_0000004_01,2016-11-05 15:00:00,FG,CR,080300,1,20161105,2,373,,,
373,,,CC01_1_R_S_2,PF_0000004_01,2016-11-05 15:00:00,FG,CR,080300,100,20161105,2,374,,,
374,,,CC01_1_R_S_3,PF_0000004_01,2016-11-05 15:00:00,FG,CR,080300,40,20161105,2,375,,,
375,,,CC01_1_R_S_4,PF_0000004_01,2016-11-05 16:00:00,FG,CR,080300,1,20161105,2,376,,,
376,,,CC01_1_R_S_2,PF_0000004_01,2016-11-05 16:00:00,FG,CR,080300,30,20161105,2,377,,,
377,,,CC01_1_R_S_1,PF_0000004_01,2016-11-05 16:00:00,FG,CR,080300,25,20161105,2,378,,,
378,,,CC01_2_R_C,PF_0000004_01,2016-11-05 16:00:00,FG,CR,080300,6.76,20161105,63,379,,,
379,,,CC01_1_R_S_3,PF_0000004_01,2016-11-05 16:00:00,FG,CR,080300,0,20161105,2,380,,,
380,,,CC01_2_R_C,PF_0000004_01,2016-11-05 17:00:00,FG,CR,080300,0,20161105,62,381,,,
381,,,CC01_1_R_S_4,PF_0000004_01,2016-11-05 17:00:00,FG,CR,080300,1,20161105,2,382,,,
382,,,CC01_1_R_S_2,PF_0000004_01,2016-11-05 17:00:00,FG,CR,080300,30,20161105,2,383,,,
383,,,CC01_1_R_S_1,PF_0000004_01,2016-11-05 17:00:00,FG,CR,080300,28,20161105,2,384,,,
384,,,CC01_1_R_S_3,PF_0000004_01,2016-11-05 17:00:00,FG,CR,080300,0,20161105,2,385,,,
385,,,CC01_1_R_S_2,PF_0000004_01,2016-11-05 18:00:00,FG,CR,080300,30,20161105,2,386,,,
386,,,CC01_1_R_S_1,PF_0000004_01,2016-11-05 18:00:00,FG,CR,080300,28,20161105,2,387,,,
387,,,CC01_2_R_C,PF_0000004_01,2016-11-05 18:00:00,FG,CR,080300,0,20161105,62,388,,,
388,,,CC01_1_R_S_3,PF_0000004_01,2016-11-05 18:00:00,FG,CR,080300,0,20161105,2,389,,,
389,,,CC01_1_R_S_4,PF_0000004_01,2016-11-05 18:00:00,FG,CR,080300,1,20161105,2,390,,,
390,,,CC01_1_R_S_3,PF_0000004_01,2016-11-05 19:00:00,FG,CR,080300,0,20161105,2,391,,,
391,,,CC01_1_R_S_2,PF_0000004_01,2016-11-05 19:00:00,FG,CR,080300,30,20161105,2,392,,,
392,,,CC01_1_R_S_4,PF_0000004_01,2016-11-05 19:00:00,FG,CR,080300,1,20161105,2,393,,,
393,,,CC01_1_R_S_1,PF_0000004_01,2016-11-05 19:00:00,FG,CR,080300,28,20161105,2,394,,,
394,,,CC01_2_R_C,PF_0000004_01,2016-11-05 19:00:00,FG,CR,080300,0,20161105,62,395,,,
395,,,CC01_1_R_S_3,PF_0000004_01,2016-11-05 20:00:00,FG,CR,080300,0,20161105,2,396,,,
396,,,CC01_1_R_S_2,PF_0000004_01,2016-11-05 20:00:00,FG,CR,080300,20,20161105,2,397,,,
397,,,CC01_2_R_C,PF_0000004_01,2016-11-05 20:00:00,FG,CR,080300,0,20161105,62,398,,,
398,,,CC01_1_R_S_4,PF_0000004_01,2016-11-05 20:00:00,FG,CR,080300,1,20161105,2,399,,,
399,,,CC01_1_R_S_1,PF_0000004_01,2016-11-05 20:00:00,FG,CR,080300,28,20161105,2,400,,,
400,,,CC01_1_R_S_2,PF_0000004_01,2016-11-05 21:00:00,FG,CR,080300,20,20161105,2,401,,,
401,,,CC01_2_R_C,PF_0000004_01,2016-11-05 21:00:00,FG,CR,080300,0,20161105,62,402,,,
402,,,CC01_1_R_S_4,PF_0000004_01,2016-11-05 21:00:00,FG,CR,080300,1,20161105,2,403,,,
403,,,CC01_1_R_S_1,PF_0000004_01,2016-11-05 21:00:00,FG,CR,080300,28,20161105,2,404,,,
404,,,CC01_1_R_S_3,PF_0000004_01,2016-11-05 21:00:00,FG,CR,080300,0,20161105,2,405,,,
405,,,CC01_1_R_S_3,PF_0000004_01,2016-11-05 22:00:00,FG,CR,080300,0,20161105,2,406,,,
406,,,CC01_1_R_S_2,PF_0000004_01,2016-11-05 22:00:00,FG,CR,080300,20,20161105,2,407,,,
407,,,CC01_2_R_C,PF_0000004_01,2016-11-05 22:00:00,FG,CR,080300,0,20161105,62,408,,,
408,,,CC01_1_R_S_1,PF_0000004_01,2016-11-05 22:00:00,FG,CR,080300,28,20161105,2,409,,,
409,,,CC01_1_R_S_4,PF_0000004_01,2016-11-05 22:00:00,FG,CR,080300,1,20161105,2,410,,,
410,,,CC01_1_R_S_2,PF_0000004_01,2016-11-05 23:00:00,FG,CR,080300,30,20161105,2,411,,,
411,,,CC01_1_R_S_1,PF_0000004_01,2016-11-05 23:00:00,FG,CR,080300,25,20161105,2,412,,,
412,,,CC01_1_R_S_3,PF_0000004_01,2016-11-05 23:00:00,FG,CR,080300,0,20161105,2,413,,,
413,,,CC01_1_R_S_4,PF_0000004_01,2016-11-05 23:00:00,FG,CR,080300,1,20161105,2,414,,,
414,,,CC01_2_R_C,PF_0000004_01,2016-11-05 23:00:00,FG,CR,080300,0,20161105,62,415,,,
415,,,CC01_2_R_C,PF_0000004_01,2016-11-06 00:00:00,FG,CR,080300,0,20161106,62,416,,,
416,,,CC01_1_R_S_1,PF_0000004_01,2016-11-06 00:00:00,FG,CR,080300,25,20161106,2,417,,,
417,,,CC01_1_R_S_3,PF_0000004_01,2016-11-06 00:00:00,FG,CR,080300,0,20161106,2,418,,,
418,,,CC01_1_R_S_2,PF_0000004_01,2016-11-06 00:00:00,FG,CR,080300,30,20161106,2,419,,,
419,,,CC01_1_R_S_4,PF_0000004_01,2016-11-06 00:00:00,FG,CR,080300,1,20161106,2,420,,,
420,,,CC01_1_R_S_1,PF_0000004_01,2016-11-06 01:00:00,FG,CR,080300,25,20161106,2,421,,,
421,,,CC01_2_R_C,PF_0000004_01,2016-11-06 01:00:00,FG,CR,080300,0,20161106,62,422,,,
422,,,CC01_1_R_S_3,PF_0000004_01,2016-11-06 01:00:00,FG,CR,080300,0,20161106,2,423,,,
423,,,CC01_1_R_S_2,PF_0000004_01,2016-11-06 01:00:00,FG,CR,080300,30,20161106,2,424,,,
424,,,CC01_1_R_S_4,PF_0000004_01,2016-11-06 01:00:00,FG,CR,080300,1,20161106,2,425,,,
425,,,CC01_1_R_S_2,PF_0000004_01,2016-11-06 02:00:00,FG,CR,080300,30,20161106,2,426,,,
426,,,CC01_1_R_S_3,PF_0000004_01,2016-11-06 02:00:00,FG,CR,080300,0,20161106,2,427,,,
427,,,CC01_1_R_S_4,PF_0000004_01,2016-11-06 02:00:00,FG,CR,080300,1,20161106,2,428,,,
428,,,CC01_2_R_C,PF_0000004_01,2016-11-06 02:00:00,FG,CR,080300,0,20161106,62,429,,,
429,,,CC01_1_R_S_1,PF_0000004_01,2016-11-06 02:00:00,FG,CR,080300,25,20161106,2,430,,,
430,,,CC01_1_R_S_1,PF_0000004_01,2016-11-06 03:00:00,FG,CR,080300,25,20161106,2,431,,,
431,,,CC01_1_R_S_4,PF_0000004_01,2016-11-06 03:00:00,FG,CR,080300,1,20161106,2,432,,,
432,,,CC01_1_R_S_3,PF_0000004_01,2016-11-06 03:00:00,FG,CR,080300,0,20161106,2,433,,,
433,,,CC01_2_R_C,PF_0000004_01,2016-11-06 03:00:00,FG,CR,080300,0,20161106,62,434,,,
434,,,CC01_1_R_S_2,PF_0000004_01,2016-11-06 03:00:00,FG,CR,080300,30,20161106,2,435,,,
435,,,CC01_1_R_S_2,PF_0000004_01,2016-11-06 04:00:00,FG,CR,080300,30,20161106,2,436,,,
436,,,CC01_2_R_C,PF_0000004_01,2016-11-06 04:00:00,FG,CR,080300,0,20161106,62,437,,,
437,,,CC01_1_R_S_3,PF_0000004_01,2016-11-06 04:00:00,FG,CR,080300,0,20161106,2,438,,,
438,,,CC01_1_R_S_1,PF_0000004_01,2016-11-06 04:00:00,FG,CR,080300,25,20161106,2,439,,,
439,,,CC01_1_R_S_4,PF_0000004_01,2016-11-06 04:00:00,FG,CR,080300,1,20161106,2,440,,,
440,,,CC01_1_R_S_2,PF_0000004_01,2016-11-06 05:00:00,FG,CR,080300,30,20161106,2,441,,,
441,,,CC01_1_R_S_3,PF_0000004_01,2016-11-06 05:00:00,FG,CR,080300,0,20161106,2,442,,,
442,,,CC01_1_R_S_1,PF_0000004_01,2016-11-06 05:00:00,FG,CR,080300,25,20161106,2,443,,,
443,,,CC01_1_R_S_4,PF_0000004_01,2016-11-06 05:00:00,FG,CR,080300,1,20161106,2,444,,,
444,,,CC01_2_R_C,PF_0000004_01,2016-11-06 05:00:00,FG,CR,080300,0,20161106,62,445,,,
445,,,CC01_1_R_S_2,PF_0000004_01,2016-11-06 06:00:00,FG,CR,080300,30,20161106,2,446,,,
446,,,CC01_2_R_C,PF_0000004_01,2016-11-06 06:00:00,FG,CR,080300,0,20161106,62,447,,,
447,,,CC01_1_R_S_1,PF_0000004_01,2016-11-06 06:00:00,FG,CR,080300,25,20161106,2,448,,,
448,,,CC01_1_R_S_3,PF_0000004_01,2016-11-06 06:00:00,FG,CR,080300,0,20161106,2,449,,,
449,,,CC01_1_R_S_4,PF_0000004_01,2016-11-06 06:00:00,FG,CR,080300,1,20161106,2,450,,,
450,,,CC01_1_R_S_3,PF_0000004_01,2016-11-06 07:00:00,FG,CR,080300,0,20161106,2,451,,,
451,,,CC01_1_R_S_2,PF_0000004_01,2016-11-06 07:00:00,FG,CR,080300,60,20161106,2,452,,,
452,,,CC01_2_R_C,PF_0000004_01,2016-11-06 07:00:00,FG,CR,080300,0,20161106,62,453,,,
453,,,CC01_1_R_S_4,PF_0000004_01,2016-11-06 07:00:00,FG,CR,080300,1,20161106,2,454,,,
454,,,CC01_1_R_S_1,PF_0000004_01,2016-11-06 07:00:00,FG,CR,080300,25,20161106,2,455,,,
455,,,CC01_1_R_S_3,PF_0000004_01,2016-11-06 08:00:00,FG,CR,080300,0,20161106,2,456,,,
456,,,CC01_1_R_S_1,PF_0000004_01,2016-11-06 08:00:00,FG,CR,080300,25,20161106,2,457,,,
457,,,CC01_1_R_S_4,PF_0000004_01,2016-11-06 08:00:00,FG,CR,080300,1,20161106,2,458,,,
458,,,CC01_2_R_C,PF_0000004_01,2016-11-06 08:00:00,FG,CR,080300,0,20161106,62,459,,,
459,,,CC01_1_R_S_2,PF_0000004_01,2016-11-06 08:00:00,FG,CR,080300,60,20161106,2,460,,,
460,,,CC01_1_R_S_4,PF_0000004_01,2016-11-06 09:00:00,FG,CR,080300,1,20161106,2,461,,,
461,,,CC01_1_R_S_3,PF_0000004_01,2016-11-06 09:00:00,FG,CR,080300,40,20161106,2,462,,,
462,,,CC01_1_R_S_2,PF_0000004_01,2016-11-06 09:00:00,FG,CR,080300,100,20161106,2,463,,,
463,,,CC01_2_R_C,PF_0000004_01,2016-11-06 09:00:00,FG,CR,080300,29.51,20161106,63,464,,,
464,,,CC01_1_R_S_1,PF_0000004_01,2016-11-06 09:00:00,FG,CR,080300,25,20161106,2,465,,,
465,,,CC01_1_R_S_4,PF_0000004_01,2016-11-06 10:00:00,FG,CR,080300,1,20161106,2,466,,,
466,,,CC01_2_R_C,PF_0000004_01,2016-11-06 10:00:00,FG,CR,080300,57.81,20161106,64,467,,,
467,,,CC01_1_R_S_1,PF_0000004_01,2016-11-06 10:00:00,FG,CR,080300,25,20161106,2,468,,,
468,,,CC01_1_R_S_3,PF_0000004_01,2016-11-06 10:00:00,FG,CR,080300,40,20161106,2,469,,,
469,,,CC01_1_R_S_2,PF_0000004_01,2016-11-06 10:00:00,FG,CR,080300,100,20161106,2,470,,,
470,,,CC01_1_R_S_3,PF_0000004_01,2016-11-06 11:00:00,FG,CR,080300,40,20161106,2,471,,,
471,,,CC01_1_R_S_1,PF_0000004_01,2016-11-06 11:00:00,FG,CR,080300,25,20161106,2,472,,,
472,,,CC01_1_R_S_2,PF_0000004_01,2016-11-06 11:00:00,FG,CR,080300,100,20161106,2,473,,,
473,,,CC01_1_R_S_4,PF_0000004_01,2016-11-06 11:00:00,FG,CR,080300,1,20161106,2,474,,,
474,,,CC01_2_R_C,PF_0000004_01,2016-11-06 11:00:00,FG,CR,080300,47,20161106,62,475,,,
475,,,CC01_1_R_S_2,PF_0000004_01,2016-11-06 12:00:00,FG,CR,080300,100,20161106,2,476,,,
476,,,CC01_2_R_C,PF_0000004_01,2016-11-06 12:00:00,FG,CR,080300,47,20161106,62,477,,,
477,,,CC01_1_R_S_1,PF_0000004_01,2016-11-06 12:00:00,FG,CR,080300,25,20161106,2,478,,,
478,,,CC01_1_R_S_4,PF_0000004_01,2016-11-06 12:00:00,FG,CR,080300,1,20161106,2,479,,,
479,,,CC01_1_R_S_3,PF_0000004_01,2016-11-06 12:00:00,FG,CR,080300,40,20161106,2,480,,,
480,,,CC01_1_R_S_1,PF_0000004_01,2016-11-06 13:00:00,FG,CR,080300,25,20161106,2,481,,,
481,,,CC01_1_R_S_4,PF_0000004_01,2016-11-06 13:00:00,FG,CR,080300,1,20161106,2,482,,,
482,,,CC01_2_R_C,PF_0000004_01,2016-11-06 13:00:00,FG,CR,080300,47,20161106,62,483,,,
483,,,CC01_1_R_S_2,PF_0000004_01,2016-11-06 13:00:00,FG,CR,080300,100,20161106,2,484,,,
484,,,CC01_1_R_S_3,PF_0000004_01,2016-11-06 13:00:00,FG,CR,080300,40,20161106,2,485,,,
485,,,CC01_2_R_C,PF_0000004_01,2016-11-06 14:00:00,FG,CR,080300,47,20161106,62,486,,,
486,,,CC01_1_R_S_3,PF_0000004_01,2016-11-06 14:00:00,FG,CR,080300,40,20161106,2,487,,,
487,,,CC01_1_R_S_4,PF_0000004_01,2016-11-06 14:00:00,FG,CR,080300,1,20161106,2,488,,,
488,,,CC01_1_R_S_2,PF_0000004_01,2016-11-06 14:00:00,FG,CR,080300,100,20161106,2,489,,,
489,,,CC01_1_R_S_1,PF_0000004_01,2016-11-06 14:00:00,FG,CR,080300,25,20161106,2,490,,,
490,,,CC01_1_R_S_1,PF_0000004_01,2016-11-06 15:00:00,FG,CR,080300,25,20161106,2,491,,,
491,,,CC01_1_R_S_4,PF_0000004_01,2016-11-06 15:00:00,FG,CR,080300,1,20161106,2,492,,,
492,,,CC01_1_R_S_3,PF_0000004_01,2016-11-06 15:00:00,FG,CR,080300,40,20161106,2,493,,,
493,,,CC01_2_R_C,PF_0000004_01,2016-11-06 15:00:00,FG,CR,080300,19.45,20161106,64,494,,,
494,,,CC01_1_R_S_2,PF_0000004_01,2016-11-06 15:00:00,FG,CR,080300,100,20161106,2,495,,,
495,,,CC01_1_R_S_1,PF_0000004_01,2016-11-06 16:00:00,FG,CR,080300,25,20161106,2,496,,,
496,,,CC01_1_R_S_2,PF_0000004_01,2016-11-06 16:00:00,FG,CR,080300,30,20161106,2,497,,,
497,,,CC01_1_R_S_4,PF_0000004_01,2016-11-06 16:00:00,FG,CR,080300,1,20161106,2,498,,,
498,,,CC01_1_R_S_3,PF_0000004_01,2016-11-06 16:00:00,FG,CR,080300,0,20161106,2,499,,,
499,,,CC01_2_R_C,PF_0000004_01,2016-11-06 16:00:00,FG,CR,080300,0,20161106,62,500,,,
500,,,CC01_1_R_S_2,PF_0000004_01,2016-11-06 17:00:00,FG,CR,080300,30,20161106,2,501,,,
501,,,CC01_1_R_S_3,PF_0000004_01,2016-11-06 17:00:00,FG,CR,080300,0,20161106,2,502,,,
502,,,CC01_2_R_C,PF_0000004_01,2016-11-06 17:00:00,FG,CR,080300,0,20161106,62,503,,,
503,,,CC01_1_R_S_1,PF_0000004_01,2016-11-06 17:00:00,FG,CR,080300,28,20161106,2,504,,,
504,,,CC01_1_R_S_4,PF_0000004_01,2016-11-06 17:00:00,FG,CR,080300,1,20161106,2,505,,,
505,,,CC01_2_R_C,PF_0000004_01,2016-11-06 18:00:00,FG,CR,080300,0,20161106,62,506,,,
506,,,CC01_1_R_S_1,PF_0000004_01,2016-11-06 18:00:00,FG,CR,080300,28,20161106,2,507,,,
507,,,CC01_1_R_S_4,PF_0000004_01,2016-11-06 18:00:00,FG,CR,080300,1,20161106,2,508,,,
508,,,CC01_1_R_S_2,PF_0000004_01,2016-11-06 18:00:00,FG,CR,080300,30,20161106,2,509,,,
509,,,CC01_1_R_S_3,PF_0000004_01,2016-11-06 18:00:00,FG,CR,080300,0,20161106,2,510,,,
510,,,CC01_1_R_S_1,PF_0000004_01,2016-11-06 19:00:00,FG,CR,080300,28,20161106,2,511,,,
511,,,CC01_1_R_S_4,PF_0000004_01,2016-11-06 19:00:00,FG,CR,080300,1,20161106,2,512,,,
512,,,CC01_2_R_C,PF_0000004_01,2016-11-06 19:00:00,FG,CR,080300,0,20161106,62,513,,,
513,,,CC01_1_R_S_3,PF_0000004_01,2016-11-06 19:00:00,FG,CR,080300,0,20161106,2,514,,,
514,,,CC01_1_R_S_2,PF_0000004_01,2016-11-06 19:00:00,FG,CR,080300,30,20161106,2,515,,,
515,,,CC01_1_R_S_3,PF_0000004_01,2016-11-06 20:00:00,FG,CR,080300,0,20161106,2,516,,,
516,,,CC01_2_R_C,PF_0000004_01,2016-11-06 20:00:00,FG,CR,080300,0,20161106,62,517,,,
517,,,CC01_1_R_S_1,PF_0000004_01,2016-11-06 20:00:00,FG,CR,080300,28,20161106,2,518,,,
518,,,CC01_1_R_S_2,PF_0000004_01,2016-11-06 20:00:00,FG,CR,080300,20,20161106,2,519,,,
519,,,CC01_1_R_S_4,PF_0000004_01,2016-11-06 20:00:00,FG,CR,080300,1,20161106,2,520,,,
520,,,CC01_1_R_S_3,PF_0000004_01,2016-11-06 21:00:00,FG,CR,080300,0,20161106,2,521,,,
521,,,CC01_1_R_S_2,PF_0000004_01,2016-11-06 21:00:00,FG,CR,080300,20,20161106,2,522,,,
522,,,CC01_2_R_C,PF_0000004_01,2016-11-06 21:00:00,FG,CR,080300,0,20161106,62,523,,,
523,,,CC01_1_R_S_1,PF_0000004_01,2016-11-06 21:00:00,FG,CR,080300,28,20161106,2,524,,,
524,,,CC01_1_R_S_4,PF_0000004_01,2016-11-06 21:00:00,FG,CR,080300,1,20161106,2,525,,,
525,,,CC01_1_R_S_3,PF_0000004_01,2016-11-06 22:00:00,FG,CR,080300,0,20161106,2,526,,,
526,,,CC01_1_R_S_2,PF_0000004_01,2016-11-06 22:00:00,FG,CR,080300,20,20161106,2,527,,,
527,,,CC01_1_R_S_1,PF_0000004_01,2016-11-06 22:00:00,FG,CR,080300,28,20161106,2,528,,,
528,,,CC01_1_R_S_4,PF_0000004_01,2016-11-06 22:00:00,FG,CR,080300,1,20161106,2,529,,,
529,,,CC01_2_R_C,PF_0000004_01,2016-11-06 22:00:00,FG,CR,080300,0,20161106,62,530,,,
530,,,CC01_1_R_S_3,PF_0000004_01,2016-11-06 23:00:00,FG,CR,080300,0,20161106,2,531,,,
531,,,CC01_1_R_S_2,PF_0000004_01,2016-11-06 23:00:00,FG,CR,080300,30,20161106,2,532,,,
532,,,CC01_2_R_C,PF_0000004_01,2016-11-06 23:00:00,FG,CR,080300,0,20161106,61,533,,,
533,,,CC01_1_R_S_4,PF_0000004_01,2016-11-06 23:00:00,FG,CR,080300,1,20161106,2,534,,,
534,,,CC01_1_R_S_1,PF_0000004_01,2016-11-06 23:00:00,FG,CR,080300,25,20161106,2,535,,,
535,,,CC01_1_R_S_3,PF_0000004_01,2016-11-07 00:00:00,FG,CR,080300,0,20161107,2,536,,,
536,,,CC01_1_R_S_4,PF_0000004_01,2016-11-07 00:00:00,FG,CR,080300,1,20161107,2,537,,,
537,,,CC01_1_R_S_2,PF_0000004_01,2016-11-07 00:00:00,FG,CR,080300,30,20161107,2,538,,,
538,,,CC01_1_R_S_1,PF_0000004_01,2016-11-07 00:00:00,FG,CR,080300,25,20161107,2,539,,,
539,,,CC01_2_R_C,PF_0000004_01,2016-11-07 00:00:00,FG,CR,080300,0,20161107,62,540,,,
540,,,CC01_1_R_S_4,PF_0000004_01,2016-11-07 01:00:00,FG,CR,080300,1,20161107,1,541,,,
541,,,CC01_1_R_S_2,PF_0000004_01,2016-11-07 01:00:00,FG,CR,080300,30,20161107,1,542,,,
542,,,CC01_2_R_C,PF_0000004_01,2016-11-07 01:00:00,FG,CR,080300,0,20161107,62,543,,,
543,,,CC01_1_R_S_1,PF_0000004_01,2016-11-07 01:00:00,FG,CR,080300,25,20161107,1,544,,,
544,,,CC01_1_R_S_3,PF_0000004_01,2016-11-07 01:00:00,FG,CR,080300,0,20161107,1,545,,,
545,,,CC01_2_R_C,PF_0000004_01,2016-11-07 02:00:00,FG,CR,080300,0,20161107,62,546,,,
546,,,CC01_1_R_S_4,PF_0000004_01,2016-11-07 02:00:00,FG,CR,080300,1,20161107,2,547,,,
547,,,CC01_1_R_S_3,PF_0000004_01,2016-11-07 02:00:00,FG,CR,080300,0,20161107,2,548,,,
548,,,CC01_1_R_S_1,PF_0000004_01,2016-11-07 02:00:00,FG,CR,080300,25,20161107,2,549,,,
549,,,CC01_1_R_S_2,PF_0000004_01,2016-11-07 02:00:00,FG,CR,080300,30,20161107,2,550,,,
550,,,CC01_1_R_S_1,PF_0000004_01,2016-11-07 03:00:00,FG,CR,080300,25,20161107,2,551,,,
551,,,CC01_1_R_S_3,PF_0000004_01,2016-11-07 03:00:00,FG,CR,080300,0,20161107,2,552,,,
552,,,CC01_1_R_S_4,PF_0000004_01,2016-11-07 03:00:00,FG,CR,080300,1,20161107,2,553,,,
553,,,CC01_2_R_C,PF_0000004_01,2016-11-07 03:00:00,FG,CR,080300,0,20161107,62,554,,,
554,,,CC01_1_R_S_2,PF_0000004_01,2016-11-07 03:00:00,FG,CR,080300,30,20161107,2,555,,,
555,,,CC01_1_R_S_3,PF_0000004_01,2016-11-07 04:00:00,FG,CR,080300,0,20161107,2,556,,,
556,,,CC01_1_R_S_4,PF_0000004_01,2016-11-07 04:00:00,FG,CR,080300,1,20161107,2,557,,,
557,,,CC01_1_R_S_2,PF_0000004_01,2016-11-07 04:00:00,FG,CR,080300,30,20161107,2,558,,,
558,,,CC01_2_R_C,PF_0000004_01,2016-11-07 04:00:00,FG,CR,080300,0,20161107,62,559,,,
559,,,CC01_1_R_S_1,PF_0000004_01,2016-11-07 04:00:00,FG,CR,080300,25,20161107,2,560,,,
560,,,CC01_1_R_S_4,PF_0000004_01,2016-11-07 05:00:00,FG,CR,080300,1,20161107,2,561,,,
561,,,CC01_1_R_S_2,PF_0000004_01,2016-11-07 05:00:00,FG,CR,080300,30,20161107,2,562,,,
562,,,CC01_1_R_S_1,PF_0000004_01,2016-11-07 05:00:00,FG,CR,080300,25,20161107,2,563,,,
563,,,CC01_1_R_S_3,PF_0000004_01,2016-11-07 05:00:00,FG,CR,080300,0,20161107,2,564,,,
564,,,CC01_2_R_C,PF_0000004_01,2016-11-07 05:00:00,FG,CR,080300,0,20161107,62,565,,,
565,,,CC01_1_R_S_3,PF_0000004_01,2016-11-07 06:00:00,FG,CR,080300,0,20161107,2,566,,,
566,,,CC01_2_R_C,PF_0000004_01,2016-11-07 06:00:00,FG,CR,080300,0,20161107,62,567,,,
567,,,CC01_1_R_S_4,PF_0000004_01,2016-11-07 06:00:00,FG,CR,080300,1,20161107,2,568,,,
568,,,CC01_1_R_S_2,PF_0000004_01,2016-11-07 06:00:00,FG,CR,080300,30,20161107,2,569,,,
569,,,CC01_1_R_S_1,PF_0000004_01,2016-11-07 06:00:00,FG,CR,080300,25,20161107,2,570,,,
570,,,CC01_1_R_S_1,PF_0000004_01,2016-11-07 07:00:00,FG,CR,080300,25,20161107,2,571,,,
571,,,CC01_1_R_S_2,PF_0000004_01,2016-11-07 07:00:00,FG,CR,080300,45,20161107,2,572,,,
572,,,CC01_1_R_S_3,PF_0000004_01,2016-11-07 07:00:00,FG,CR,080300,0,20161107,2,573,,,
573,,,CC01_2_R_C,PF_0000004_01,2016-11-07 07:00:00,FG,CR,080300,0,20161107,62,574,,,
574,,,CC01_1_R_S_4,PF_0000004_01,2016-11-07 07:00:00,FG,CR,080300,1,20161107,2,575,,,
575,,,CC01_1_R_S_4,PF_0000004_01,2016-11-07 08:00:00,FG,CR,080300,1,20161107,2,576,,,
576,,,CC01_2_R_C,PF_0000004_01,2016-11-07 08:00:00,FG,CR,080300,0,20161107,62,577,,,
577,,,CC01_1_R_S_1,PF_0000004_01,2016-11-07 08:00:00,FG,CR,080300,25,20161107,2,578,,,
578,,,CC01_1_R_S_2,PF_0000004_01,2016-11-07 08:00:00,FG,CR,080300,60,20161107,2,579,,,
579,,,CC01_1_R_S_3,PF_0000004_01,2016-11-07 08:00:00,FG,CR,080300,0,20161107,2,580,,,
580,,,CC01_1_R_S_4,PF_0000004_01,2016-11-07 09:00:00,FG,CR,080300,1,20161107,3,581,,,
581,,,CC01_2_R_C,PF_0000004_01,2016-11-07 09:00:00,FG,CR,080300,30.8,20161107,66,582,,,
582,,,CC01_1_R_S_2,PF_0000004_01,2016-11-07 09:00:00,FG,CR,080300,86.67,20161107,3,583,,,
583,,,CC01_1_R_S_3,PF_0000004_01,2016-11-07 09:00:00,FG,CR,080300,26.67,20161107,3,584,,,
584,,,CC01_1_R_S_1,PF_0000004_01,2016-11-07 09:00:00,FG,CR,080300,25,20161107,3,585,,,
585,,,CC01_1_R_S_2,PF_0000004_01,2016-11-07 10:00:00,FG,CR,080300,100,20161107,2,586,,,
586,,,CC01_1_R_S_3,PF_0000004_01,2016-11-07 10:00:00,FG,CR,080300,40,20161107,2,587,,,
587,,,CC01_2_R_C,PF_0000004_01,2016-11-07 10:00:00,FG,CR,080300,97.24,20161107,63,588,,,
588,,,CC01_1_R_S_4,PF_0000004_01,2016-11-07 10:00:00,FG,CR,080300,1,20161107,2,589,,,
589,,,CC01_1_R_S_1,PF_0000004_01,2016-11-07 10:00:00,FG,CR,080300,25,20161107,2,590,,,
590,,,CC01_1_R_S_2,PF_0000004_01,2016-11-07 11:00:00,FG,CR,080300,100,20161107,3,591,,,
591,,,CC01_2_R_C,PF_0000004_01,2016-11-07 11:00:00,FG,CR,080300,100,20161107,42,592,,,
592,,,CC01_1_R_S_4,PF_0000004_01,2016-11-07 11:00:00,FG,CR,080300,1,20161107,3,593,,,
593,,,CC01_1_R_S_3,PF_0000004_01,2016-11-07 11:00:00,FG,CR,080300,40,20161107,3,594,,,
594,,,CC01_1_R_S_1,PF_0000004_01,2016-11-07 11:00:00,FG,CR,080300,25,20161107,3,595,,,
595,,,CC01_1_R_S_2,PF_0000004_01,2016-11-07 13:00:00,FG,CR,080300,100,20161107,1,596,,,
596,,,CC01_1_R_S_4,PF_0000004_01,2016-11-07 13:00:00,FG,CR,080300,1,20161107,1,597,,,
597,,,CC01_1_R_S_1,PF_0000004_01,2016-11-07 13:00:00,FG,CR,080300,25,20161107,1,598,,,
598,,,CC01_1_R_S_3,PF_0000004_01,2016-11-07 13:00:00,FG,CR,080300,40,20161107,1,599,,,
599,,,CC01_1_R_S_4,PF_0000004_01,2016-11-07 14:00:00,FG,CR,080300,1,20161107,2,600,,,
600,,,CC01_1_R_S_2,PF_0000004_01,2016-11-07 14:00:00,FG,CR,080300,100,20161107,2,601,,,
601,,,CC01_1_R_S_3,PF_0000004_01,2016-11-07 14:00:00,FG,CR,080300,40,20161107,2,602,,,
602,,,CC01_1_R_S_1,PF_0000004_01,2016-11-07 14:00:00,FG,CR,080300,25,20161107,2,603,,,
603,,,CC01_1_R_S_1,PF_0000004_01,2016-11-07 15:00:00,FG,CR,080300,25,20161107,2,604,,,
604,,,CC01_1_R_S_2,PF_0000004_01,2016-11-07 15:00:00,FG,CR,080300,100,20161107,2,605,,,
605,,,CC01_1_R_S_4,PF_0000004_01,2016-11-07 15:00:00,FG,CR,080300,1,20161107,2,606,,,
606,,,CC01_1_R_S_3,PF_0000004_01,2016-11-07 15:00:00,FG,CR,080300,40,20161107,2,607,,,
607,,,CC01_1_R_S_1,PF_0000004_01,2016-11-07 16:00:00,FG,CR,080300,25,20161107,2,608,,,
608,,,CC01_1_R_S_4,PF_0000004_01,2016-11-07 16:00:00,FG,CR,080300,1,20161107,2,609,,,
609,,,CC01_1_R_S_3,PF_0000004_01,2016-11-07 16:00:00,FG,CR,080300,40,20161107,2,610,,,
610,,,CC01_1_R_S_2,PF_0000004_01,2016-11-07 16:00:00,FG,CR,080300,100,20161107,2,611,,,
611,,,CC01_1_R_S_1,PF_0000004_01,2016-11-07 17:00:00,FG,CR,080300,25,20161107,2,612,,,
612,,,CC01_1_R_S_3,PF_0000004_01,2016-11-07 17:00:00,FG,CR,080300,0,20161107,2,613,,,
613,,,CC01_1_R_S_4,PF_0000004_01,2016-11-07 17:00:00,FG,CR,080300,1,20161107,2,614,,,
614,,,CC01_1_R_S_2,PF_0000004_01,2016-11-07 17:00:00,FG,CR,080300,100,20161107,2,615,,,
615,,,CC01_1_R_S_1,PF_0000004_01,2016-11-07 18:00:00,FG,CR,080300,28,20161107,2,616,,,
616,,,CC01_1_R_S_4,PF_0000004_01,2016-11-07 18:00:00,FG,CR,080300,1,20161107,2,617,,,
617,,,CC01_1_R_S_2,PF_0000004_01,2016-11-07 18:00:00,FG,CR,080300,30,20161107,2,618,,,
618,,,CC01_1_R_S_3,PF_0000004_01,2016-11-07 18:00:00,FG,CR,080300,0,20161107,2,619,,,
619,,,CC01_1_R_S_2,PF_0000004_01,2016-11-07 19:00:00,FG,CR,080300,30,20161107,2,620,,,
620,,,CC01_1_R_S_3,PF_0000004_01,2016-11-07 19:00:00,FG,CR,080300,0,20161107,2,621,,,
621,,,CC01_1_R_S_4,PF_0000004_01,2016-11-07 19:00:00,FG,CR,080300,1,20161107,2,622,,,
622,,,CC01_1_R_S_1,PF_0000004_01,2016-11-07 19:00:00,FG,CR,080300,28,20161107,2,623,,,
623,,,CC01_1_R_S_2,PF_0000004_01,2016-11-07 20:00:00,FG,CR,080300,30,20161107,2,624,,,
624,,,CC01_1_R_S_1,PF_0000004_01,2016-11-07 20:00:00,FG,CR,080300,28,20161107,2,625,,,
625,,,CC01_1_R_S_4,PF_0000004_01,2016-11-07 20:00:00,FG,CR,080300,1,20161107,2,626,,,
626,,,CC01_1_R_S_3,PF_0000004_01,2016-11-07 20:00:00,FG,CR,080300,0,20161107,2,627,,,
627,,,CC01_1_R_S_3,PF_0000004_01,2016-11-07 21:00:00,FG,CR,080300,0,20161107,2,628,,,
628,,,CC01_1_R_S_1,PF_0000004_01,2016-11-07 21:00:00,FG,CR,080300,28,20161107,2,629,,,
629,,,CC01_1_R_S_2,PF_0000004_01,2016-11-07 21:00:00,FG,CR,080300,20,20161107,2,630,,,
630,,,CC01_1_R_S_4,PF_0000004_01,2016-11-07 21:00:00,FG,CR,080300,1,20161107,2,631,,,
631,,,CC01_1_R_S_2,PF_0000004_01,2016-11-07 22:00:00,FG,CR,080300,20,20161107,3,632,,,
632,,,CC01_2_R_C,PF_0000004_01,2016-11-07 22:00:00,FG,CR,080300,0,20161107,53,633,,,
633,,,CC01_1_R_S_4,PF_0000004_01,2016-11-07 22:00:00,FG,CR,080300,1,20161107,3,634,,,
634,,,CC01_1_R_S_1,PF_0000004_01,2016-11-07 22:00:00,FG,CR,080300,28,20161107,3,635,,,
635,,,CC01_1_R_S_3,PF_0000004_01,2016-11-07 22:00:00,FG,CR,080300,0,20161107,3,636,,,
636,,,CC01_1_R_S_2,PF_0000004_01,2016-11-07 23:00:00,FG,CR,080300,25,20161107,2,637,,,
637,,,CC01_2_R_C,PF_0000004_01,2016-11-07 23:00:00,FG,CR,080300,0,20161107,62,638,,,
638,,,CC01_1_R_S_4,PF_0000004_01,2016-11-07 23:00:00,FG,CR,080300,1,20161107,2,639,,,
639,,,CC01_1_R_S_3,PF_0000004_01,2016-11-07 23:00:00,FG,CR,080300,0,20161107,2,640,,,
640,,,CC01_1_R_S_1,PF_0000004_01,2016-11-07 23:00:00,FG,CR,080300,26.5,20161107,2,641,,,
641,,,CC01_1_R_S_2,PF_0000004_01,2016-11-08 00:00:00,FG,CR,080300,30,20161108,2,642,,,
642,,,CC01_1_R_S_1,PF_0000004_01,2016-11-08 00:00:00,FG,CR,080300,25,20161108,2,643,,,
643,,,CC01_1_R_S_3,PF_0000004_01,2016-11-08 00:00:00,FG,CR,080300,0,20161108,2,644,,,
644,,,CC01_2_R_C,PF_0000004_01,2016-11-08 00:00:00,FG,CR,080300,0,20161108,62,645,,,
645,,,CC01_1_R_S_4,PF_0000004_01,2016-11-08 00:00:00,FG,CR,080300,1,20161108,2,646,,,
646,,,CC01_1_R_S_4,PF_0000004_01,2016-11-08 01:00:00,FG,CR,080300,1,20161108,2,647,,,
647,,,CC01_1_R_S_3,PF_0000004_01,2016-11-08 01:00:00,FG,CR,080300,0,20161108,2,648,,,
648,,,CC01_2_R_C,PF_0000004_01,2016-11-08 01:00:00,FG,CR,080300,0,20161108,62,649,,,
649,,,CC01_1_R_S_1,PF_0000004_01,2016-11-08 01:00:00,FG,CR,080300,25,20161108,2,650,,,
650,,,CC01_1_R_S_2,PF_0000004_01,2016-11-08 01:00:00,FG,CR,080300,30,20161108,2,651,,,
651,,,CC01_1_R_S_4,PF_0000004_01,2016-11-08 02:00:00,FG,CR,080300,1,20161108,2,652,,,
652,,,CC01_1_R_S_2,PF_0000004_01,2016-11-08 02:00:00,FG,CR,080300,30,20161108,2,653,,,
653,,,CC01_2_R_C,PF_0000004_01,2016-11-08 02:00:00,FG,CR,080300,0,20161108,62,654,,,
654,,,CC01_1_R_S_1,PF_0000004_01,2016-11-08 02:00:00,FG,CR,080300,25,20161108,2,655,,,
655,,,CC01_1_R_S_3,PF_0000004_01,2016-11-08 02:00:00,FG,CR,080300,0,20161108,2,656,,,
656,,,CC01_1_R_S_1,PF_0000004_01,2016-11-08 03:00:00,FG,CR,080300,25,20161108,2,657,,,
657,,,CC01_2_R_C,PF_0000004_01,2016-11-08 03:00:00,FG,CR,080300,0,20161108,62,658,,,
658,,,CC01_1_R_S_4,PF_0000004_01,2016-11-08 03:00:00,FG,CR,080300,1,20161108,2,659,,,
659,,,CC01_1_R_S_2,PF_0000004_01,2016-11-08 03:00:00,FG,CR,080300,30,20161108,2,660,,,
660,,,CC01_1_R_S_3,PF_0000004_01,2016-11-08 03:00:00,FG,CR,080300,0,20161108,2,661,,,
661,,,CC01_2_R_C,PF_0000004_01,2016-11-08 04:00:00,FG,CR,080300,0,20161108,62,662,,,
662,,,CC01_1_R_S_3,PF_0000004_01,2016-11-08 04:00:00,FG,CR,080300,0,20161108,2,663,,,
663,,,CC01_1_R_S_2,PF_0000004_01,2016-11-08 04:00:00,FG,CR,080300,30,20161108,2,664,,,
664,,,CC01_1_R_S_1,PF_0000004_01,2016-11-08 04:00:00,FG,CR,080300,25,20161108,2,665,,,
665,,,CC01_1_R_S_4,PF_0000004_01,2016-11-08 04:00:00,FG,CR,080300,1,20161108,2,666,,,
666,,,CC01_1_R_S_4,PF_0000004_01,2016-11-08 05:00:00,FG,CR,080300,1,20161108,2,667,,,
667,,,CC01_1_R_S_2,PF_0000004_01,2016-11-08 05:00:00,FG,CR,080300,30,20161108,2,668,,,
668,,,CC01_1_R_S_3,PF_0000004_01,2016-11-08 05:00:00,FG,CR,080300,0,20161108,2,669,,,
669,,,CC01_2_R_C,PF_0000004_01,2016-11-08 05:00:00,FG,CR,080300,0,20161108,62,670,,,
670,,,CC01_1_R_S_1,PF_0000004_01,2016-11-08 05:00:00,FG,CR,080300,25,20161108,2,671,,,
671,,,CC01_1_R_S_3,PF_0000004_01,2016-11-08 06:00:00,FG,CR,080300,0,20161108,2,672,,,
672,,,CC01_1_R_S_1,PF_0000004_01,2016-11-08 06:00:00,FG,CR,080300,25,20161108,2,673,,,
673,,,CC01_2_R_C,PF_0000004_01,2016-11-08 06:00:00,FG,CR,080300,0,20161108,62,674,,,
674,,,CC01_1_R_S_4,PF_0000004_01,2016-11-08 06:00:00,FG,CR,080300,1,20161108,2,675,,,
675,,,CC01_1_R_S_2,PF_0000004_01,2016-11-08 06:00:00,FG,CR,080300,30,20161108,2,676,,,
676,,,CC01_1_R_S_4,PF_0000004_01,2016-11-08 07:00:00,FG,CR,080300,1,20161108,2,677,,,
677,,,CC01_1_R_S_1,PF_0000004_01,2016-11-08 07:00:00,FG,CR,080300,25,20161108,2,678,,,
678,,,CC01_1_R_S_3,PF_0000004_01,2016-11-08 07:00:00,FG,CR,080300,0,20161108,2,679,,,
679,,,CC01_2_R_C,PF_0000004_01,2016-11-08 07:00:00,FG,CR,080300,0,20161108,62,680,,,
680,,,CC01_1_R_S_2,PF_0000004_01,2016-11-08 07:00:00,FG,CR,080300,45,20161108,2,681,,,
681,,,CC01_1_R_S_1,PF_0000004_01,2016-11-08 08:00:00,FG,CR,080300,25,20161108,2,682,,,
682,,,CC01_2_R_C,PF_0000004_01,2016-11-08 08:00:00,FG,CR,080300,0,20161108,62,683,,,
683,,,CC01_1_R_S_3,PF_0000004_01,2016-11-08 08:00:00,FG,CR,080300,0,20161108,2,684,,,
684,,,CC01_1_R_S_4,PF_0000004_01,2016-11-08 08:00:00,FG,CR,080300,1,20161108,2,685,,,
685,,,CC01_1_R_S_2,PF_0000004_01,2016-11-08 08:00:00,FG,CR,080300,60,20161108,2,686,,,
686,,,CC01_2_R_C,PF_0000004_01,2016-11-08 09:00:00,FG,CR,080300,1.41,20161108,51,687,,,
687,,,CC01_1_R_S_1,PF_0000004_01,2016-11-08 09:00:00,FG,CR,080300,25,20161108,3,688,,,
688,,,CC01_1_R_S_2,PF_0000004_01,2016-11-08 09:00:00,FG,CR,080300,86.67,20161108,3,689,,,
689,,,CC01_1_R_S_3,PF_0000004_01,2016-11-08 09:00:00,FG,CR,080300,26.67,20161108,3,690,,,
690,,,CC01_1_R_S_4,PF_0000004_01,2016-11-08 09:00:00,FG,CR,080300,1,20161108,3,691,,,
691,,,CC01_1_R_S_2,PF_0000004_01,2016-11-08 11:00:00,FG,CR,080300,100,20161108,2,692,,,
692,,,CC01_1_R_S_3,PF_0000004_01,2016-11-08 11:00:00,FG,CR,080300,40,20161108,2,693,,,
693,,,CC01_1_R_S_1,PF_0000004_01,2016-11-08 11:00:00,FG,CR,080300,25,20161108,2,694,,,
694,,,CC01_1_R_S_4,PF_0000004_01,2016-11-08 11:00:00,FG,CR,080300,1,20161108,2,695,,,
695,,,CC01_1_R_S_3,PF_0000004_01,2016-11-08 12:00:00,FG,CR,080300,40,20161108,2,696,,,
696,,,CC01_1_R_S_2,PF_0000004_01,2016-11-08 12:00:00,FG,CR,080300,100,20161108,2,697,,,
697,,,CC01_1_R_S_1,PF_0000004_01,2016-11-08 12:00:00,FG,CR,080300,25,20161108,2,698,,,
698,,,CC01_1_R_S_4,PF_0000004_01,2016-11-08 12:00:00,FG,CR,080300,1,20161108,2,699,,,
699,,,CC01_1_R_S_4,PF_0000004_01,2016-11-08 13:00:00,FG,CR,080300,1,20161108,2,700,,,
700,,,CC01_1_R_S_1,PF_0000004_01,2016-11-08 13:00:00,FG,CR,080300,25,20161108,2,701,,,
701,,,CC01_1_R_S_3,PF_0000004_01,2016-11-08 13:00:00,FG,CR,080300,40,20161108,2,702,,,
702,,,CC01_1_R_S_2,PF_0000004_01,2016-11-08 13:00:00,FG,CR,080300,100,20161108,2,703,,,
703,,,CC01_1_R_S_1,PF_0000004_01,2016-11-08 14:00:00,FG,CR,080300,25,20161108,2,704,,,
704,,,CC01_1_R_S_4,PF_0000004_01,2016-11-08 14:00:00,FG,CR,080300,1,20161108,2,705,,,
705,,,CC01_1_R_S_3,PF_0000004_01,2016-11-08 14:00:00,FG,CR,080300,40,20161108,2,706,,,
706,,,CC01_1_R_S_2,PF_0000004_01,2016-11-08 14:00:00,FG,CR,080300,100,20161108,2,707,,,
707,,,CC01_1_R_S_4,PF_0000004_01,2016-11-08 15:00:00,FG,CR,080300,1,20161108,2,708,,,
708,,,CC01_1_R_S_1,PF_0000004_01,2016-11-08 15:00:00,FG,CR,080300,25,20161108,2,709,,,
709,,,CC01_1_R_S_2,PF_0000004_01,2016-11-08 15:00:00,FG,CR,080300,100,20161108,2,710,,,
710,,,CC01_1_R_S_3,PF_0000004_01,2016-11-08 15:00:00,FG,CR,080300,40,20161108,2,711,,,
711,,,CC01_1_R_S_1,PF_0000004_01,2016-11-08 16:00:00,FG,CR,080300,25,20161108,2,712,,,
712,,,CC01_1_R_S_3,PF_0000004_01,2016-11-08 16:00:00,FG,CR,080300,40,20161108,2,713,,,
713,,,CC01_1_R_S_4,PF_0000004_01,2016-11-08 16:00:00,FG,CR,080300,1,20161108,2,714,,,
714,,,CC01_1_R_S_2,PF_0000004_01,2016-11-08 16:00:00,FG,CR,080300,100,20161108,2,715,,,
715,,,CC01_1_R_S_3,PF_0000004_01,2016-11-08 17:00:00,FG,CR,080300,0,20161108,2,716,,,
716,,,CC01_1_R_S_4,PF_0000004_01,2016-11-08 17:00:00,FG,CR,080300,1,20161108,2,717,,,
717,,,CC01_1_R_S_1,PF_0000004_01,2016-11-08 17:00:00,FG,CR,080300,25,20161108,2,718,,,
718,,,CC01_1_R_S_2,PF_0000004_01,2016-11-08 17:00:00,FG,CR,080300,100,20161108,2,719,,,
719,,,CC01_1_R_S_2,PF_0000004_01,2016-11-08 18:00:00,FG,CR,080300,30,20161108,2,720,,,
720,,,CC01_1_R_S_4,PF_0000004_01,2016-11-08 18:00:00,FG,CR,080300,1,20161108,2,721,,,
721,,,CC01_1_R_S_1,PF_0000004_01,2016-11-08 18:00:00,FG,CR,080300,28,20161108,2,722,,,
722,,,CC01_1_R_S_3,PF_0000004_01,2016-11-08 18:00:00,FG,CR,080300,0,20161108,2,723,,,
723,,,CC01_1_R_S_3,PF_0000004_01,2016-11-08 19:00:00,FG,CR,080300,0,20161108,2,724,,,
724,,,CC01_1_R_S_1,PF_0000004_01,2016-11-08 19:00:00,FG,CR,080300,28,20161108,2,725,,,
725,,,CC01_1_R_S_4,PF_0000004_01,2016-11-08 19:00:00,FG,CR,080300,1,20161108,2,726,,,
726,,,CC01_1_R_S_2,PF_0000004_01,2016-11-08 19:00:00,FG,CR,080300,30,20161108,2,727,,,
727,,,CC01_1_R_S_1,PF_0000004_01,2016-11-08 20:00:00,FG,CR,080300,28,20161108,2,728,,,
728,,,CC01_1_R_S_2,PF_0000004_01,2016-11-08 20:00:00,FG,CR,080300,30,20161108,2,729,,,
729,,,CC01_1_R_S_4,PF_0000004_01,2016-11-08 20:00:00,FG,CR,080300,1,20161108,2,730,,,
730,,,CC01_1_R_S_3,PF_0000004_01,2016-11-08 20:00:00,FG,CR,080300,0,20161108,2,731,,,
731,,,CC01_1_R_S_1,PF_0000004_01,2016-11-08 21:00:00,FG,CR,080300,28,20161108,2,732,,,
732,,,CC01_1_R_S_4,PF_0000004_01,2016-11-08 21:00:00,FG,CR,080300,1,20161108,2,733,,,
733,,,CC01_1_R_S_3,PF_0000004_01,2016-11-08 21:00:00,FG,CR,080300,0,20161108,2,734,,,
734,,,CC01_1_R_S_2,PF_0000004_01,2016-11-08 21:00:00,FG,CR,080300,20,20161108,2,735,,,
735,,,CC01_1_R_S_3,PF_0000004_01,2016-11-08 22:00:00,FG,CR,080300,0,20161108,2,736,,,
736,,,CC01_1_R_S_1,PF_0000004_01,2016-11-08 22:00:00,FG,CR,080300,28,20161108,2,737,,,
737,,,CC01_1_R_S_2,PF_0000004_01,2016-11-08 22:00:00,FG,CR,080300,20,20161108,2,738,,,
738,,,CC01_1_R_S_4,PF_0000004_01,2016-11-08 22:00:00,FG,CR,080300,1,20161108,2,739,,,
739,,,CC01_1_R_S_3,PF_0000004_01,2016-11-08 23:00:00,FG,CR,080300,0,20161108,2,740,,,
740,,,CC01_1_R_S_1,PF_0000004_01,2016-11-08 23:00:00,FG,CR,080300,28,20161108,2,741,,,
741,,,CC01_1_R_S_4,PF_0000004_01,2016-11-08 23:00:00,FG,CR,080300,1,20161108,2,742,,,
742,,,CC01_1_R_S_2,PF_0000004_01,2016-11-08 23:00:00,FG,CR,080300,20,20161108,2,743,,,
743,,,CC01_1_R_S_1,PF_0000004_01,2016-11-09 00:00:00,FG,CR,080300,25,20161109,2,744,,,
744,,,CC01_1_R_S_4,PF_0000004_01,2016-11-09 00:00:00,FG,CR,080300,1,20161109,2,745,,,
745,,,CC01_1_R_S_3,PF_0000004_01,2016-11-09 00:00:00,FG,CR,080300,0,20161109,2,746,,,
746,,,CC01_1_R_S_2,PF_0000004_01,2016-11-09 00:00:00,FG,CR,080300,30,20161109,2,747,,,
747,,,CC01_1_R_S_4,PF_0000004_01,2016-11-09 01:00:00,FG,CR,080300,1,20161109,2,748,,,
748,,,CC01_1_R_S_1,PF_0000004_01,2016-11-09 01:00:00,FG,CR,080300,25,20161109,2,749,,,
749,,,CC01_1_R_S_2,PF_0000004_01,2016-11-09 01:00:00,FG,CR,080300,30,20161109,2,750,,,
750,,,CC01_1_R_S_3,PF_0000004_01,2016-11-09 01:00:00,FG,CR,080300,0,20161109,2,751,,,
751,,,CC01_1_R_S_4,PF_0000004_01,2016-11-09 02:00:00,FG,CR,080300,1,20161109,2,752,,,
752,,,CC01_1_R_S_3,PF_0000004_01,2016-11-09 02:00:00,FG,CR,080300,0,20161109,2,753,,,
753,,,CC01_1_R_S_2,PF_0000004_01,2016-11-09 02:00:00,FG,CR,080300,30,20161109,2,754,,,
754,,,CC01_1_R_S_1,PF_0000004_01,2016-11-09 02:00:00,FG,CR,080300,25,20161109,2,755,,,
755,,,CC01_1_R_S_3,PF_0000004_01,2016-11-09 03:00:00,FG,CR,080300,0,20161109,2,756,,,
756,,,CC01_1_R_S_2,PF_0000004_01,2016-11-09 03:00:00,FG,CR,080300,30,20161109,2,757,,,
757,,,CC01_1_R_S_4,PF_0000004_01,2016-11-09 03:00:00,FG,CR,080300,1,20161109,2,758,,,
758,,,CC01_1_R_S_1,PF_0000004_01,2016-11-09 03:00:00,FG,CR,080300,25,20161109,2,759,,,
759,,,CC01_1_R_S_1,PF_0000004_01,2016-11-09 04:00:00,FG,CR,080300,25,20161109,2,760,,,
760,,,CC01_1_R_S_3,PF_0000004_01,2016-11-09 04:00:00,FG,CR,080300,0,20161109,2,761,,,
761,,,CC01_1_R_S_4,PF_0000004_01,2016-11-09 04:00:00,FG,CR,080300,1,20161109,2,762,,,
762,,,CC01_1_R_S_2,PF_0000004_01,2016-11-09 04:00:00,FG,CR,080300,30,20161109,2,763,,,
763,,,CC01_1_R_S_3,PF_0000004_01,2016-11-09 05:00:00,FG,CR,080300,0,20161109,2,764,,,
764,,,CC01_1_R_S_2,PF_0000004_01,2016-11-09 05:00:00,FG,CR,080300,30,20161109,2,765,,,
765,,,CC01_1_R_S_4,PF_0000004_01,2016-11-09 05:00:00,FG,CR,080300,1,20161109,2,766,,,
766,,,CC01_1_R_S_1,PF_0000004_01,2016-11-09 05:00:00,FG,CR,080300,25,20161109,2,767,,,
767,,,CC01_1_R_S_4,PF_0000004_01,2016-11-09 06:00:00,FG,CR,080300,1,20161109,2,768,,,
768,,,CC01_1_R_S_1,PF_0000004_01,2016-11-09 06:00:00,FG,CR,080300,25,20161109,2,769,,,
769,,,CC01_1_R_S_3,PF_0000004_01,2016-11-09 06:00:00,FG,CR,080300,0,20161109,2,770,,,
770,,,CC01_1_R_S_2,PF_0000004_01,2016-11-09 06:00:00,FG,CR,080300,30,20161109,2,771,,,
771,,,CC01_1_R_S_4,PF_0000004_01,2016-11-09 07:00:00,FG,CR,080300,1,20161109,2,772,,,
772,,,CC01_1_R_S_2,PF_0000004_01,2016-11-09 07:00:00,FG,CR,080300,30,20161109,2,773,,,
773,,,CC01_1_R_S_1,PF_0000004_01,2016-11-09 07:00:00,FG,CR,080300,25,20161109,2,774,,,
774,,,CC01_1_R_S_3,PF_0000004_01,2016-11-09 07:00:00,FG,CR,080300,0,20161109,2,775,,,
775,,,CC01_1_R_S_1,PF_0000004_01,2016-11-09 08:00:00,FG,CR,080300,25,20161109,2,776,,,
776,,,CC01_1_R_S_3,PF_0000004_01,2016-11-09 08:00:00,FG,CR,080300,0,20161109,2,777,,,
777,,,CC01_1_R_S_2,PF_0000004_01,2016-11-09 08:00:00,FG,CR,080300,60,20161109,2,778,,,
778,,,CC01_1_R_S_4,PF_0000004_01,2016-11-09 08:00:00,FG,CR,080300,1,20161109,2,779,,,
779,,,CC01_1_R_S_1,PF_0000004_01,2016-11-09 09:00:00,FG,CR,080300,25,20161109,2,780,,,
780,,,CC01_1_R_S_4,PF_0000004_01,2016-11-09 09:00:00,FG,CR,080300,1,20161109,2,781,,,
781,,,CC01_1_R_S_3,PF_0000004_01,2016-11-09 09:00:00,FG,CR,080300,0,20161109,2,782,,,
782,,,CC01_1_R_S_2,PF_0000004_01,2016-11-09 09:00:00,FG,CR,080300,60,20161109,2,783,,,
783,,,CC01_1_R_S_4,PF_0000004_01,2016-11-09 10:00:00,FG,CR,080300,1,20161109,2,784,,,
784,,,CC01_1_R_S_2,PF_0000004_01,2016-11-09 10:00:00,FG,CR,080300,100,20161109,2,785,,,
785,,,CC01_1_R_S_1,PF_0000004_01,2016-11-09 10:00:00,FG,CR,080300,25,20161109,2,786,,,
786,,,CC01_1_R_S_3,PF_0000004_01,2016-11-09 10:00:00,FG,CR,080300,40,20161109,2,787,,,
787,,,CC01_1_R_S_4,PF_0000004_01,2016-11-09 11:00:00,FG,CR,080300,1,20161109,2,788,,,
788,,,CC01_1_R_S_2,PF_0000004_01,2016-11-09 11:00:00,FG,CR,080300,100,20161109,2,789,,,
789,,,CC01_1_R_S_1,PF_0000004_01,2016-11-09 11:00:00,FG,CR,080300,25,20161109,2,790,,,
790,,,CC01_1_R_S_3,PF_0000004_01,2016-11-09 11:00:00,FG,CR,080300,40,20161109,2,791,,,
791,,,CC01_1_R_S_1,PF_0000004_01,2016-11-09 12:00:00,FG,CR,080300,25,20161109,2,792,,,
792,,,CC01_1_R_S_2,PF_0000004_01,2016-11-09 12:00:00,FG,CR,080300,100,20161109,2,793,,,
793,,,CC01_1_R_S_3,PF_0000004_01,2016-11-09 12:00:00,FG,CR,080300,40,20161109,2,794,,,
794,,,CC01_1_R_S_4,PF_0000004_01,2016-11-09 12:00:00,FG,CR,080300,1,20161109,2,795,,,
795,,,CC01_1_R_S_1,PF_0000004_01,2016-11-09 13:00:00,FG,CR,080300,25,20161109,2,796,,,
796,,,CC01_1_R_S_2,PF_0000004_01,2016-11-09 13:00:00,FG,CR,080300,100,20161109,2,797,,,
797,,,CC01_1_R_S_4,PF_0000004_01,2016-11-09 13:00:00,FG,CR,080300,1,20161109,2,798,,,
798,,,CC01_1_R_S_3,PF_0000004_01,2016-11-09 13:00:00,FG,CR,080300,40,20161109,2,799,,,
799,,,CC01_1_R_S_4,PF_0000004_01,2016-11-09 14:00:00,FG,CR,080300,1,20161109,2,800,,,
800,,,CC01_1_R_S_1,PF_0000004_01,2016-11-09 14:00:00,FG,CR,080300,25,20161109,2,801,,,
801,,,CC01_1_R_S_2,PF_0000004_01,2016-11-09 14:00:00,FG,CR,080300,100,20161109,2,802,,,
802,,,CC01_1_R_S_3,PF_0000004_01,2016-11-09 14:00:00,FG,CR,080300,40,20161109,2,803,,,
803,,,CC01_1_R_S_2,PF_0000004_01,2016-11-09 15:00:00,FG,CR,080300,100,20161109,2,804,,,
804,,,CC01_1_R_S_1,PF_0000004_01,2016-11-09 15:00:00,FG,CR,080300,25,20161109,2,805,,,
805,,,CC01_1_R_S_4,PF_0000004_01,2016-11-09 15:00:00,FG,CR,080300,1,20161109,2,806,,,
806,,,CC01_1_R_S_3,PF_0000004_01,2016-11-09 15:00:00,FG,CR,080300,40,20161109,2,807,,,
807,,,CC01_1_R_S_4,PF_0000004_01,2016-11-09 16:00:00,FG,CR,080300,1,20161109,2,808,,,
808,,,CC01_1_R_S_2,PF_0000004_01,2016-11-09 16:00:00,FG,CR,080300,100,20161109,2,809,,,
809,,,CC01_1_R_S_1,PF_0000004_01,2016-11-09 16:00:00,FG,CR,080300,25,20161109,2,810,,,
810,,,CC01_1_R_S_3,PF_0000004_01,2016-11-09 16:00:00,FG,CR,080300,40,20161109,2,811,,,
811,,,CC01_1_R_S_2,PF_0000004_01,2016-11-09 17:00:00,FG,CR,080300,100,20161109,2,812,,,
812,,,CC01_1_R_S_1,PF_0000004_01,2016-11-09 17:00:00,FG,CR,080300,25,20161109,2,813,,,
813,,,CC01_1_R_S_4,PF_0000004_01,2016-11-09 17:00:00,FG,CR,080300,1,20161109,2,814,,,
814,,,CC01_1_R_S_3,PF_0000004_01,2016-11-09 17:00:00,FG,CR,080300,0,20161109,2,815,,,
815,,,CC01_1_R_S_4,PF_0000004_01,2016-11-09 18:00:00,FG,CR,080300,1,20161109,2,816,,,
816,,,CC01_1_R_S_1,PF_0000004_01,2016-11-09 18:00:00,FG,CR,080300,28,20161109,2,817,,,
817,,,CC01_1_R_S_3,PF_0000004_01,2016-11-09 18:00:00,FG,CR,080300,0,20161109,2,818,,,
818,,,CC01_1_R_S_2,PF_0000004_01,2016-11-09 18:00:00,FG,CR,080300,30,20161109,2,819,,,
819,,,CC01_1_R_S_2,PF_0000004_01,2016-11-09 19:00:00,FG,CR,080300,30,20161109,2,820,,,
820,,,CC01_1_R_S_4,PF_0000004_01,2016-11-09 19:00:00,FG,CR,080300,1,20161109,2,821,,,
821,,,CC01_1_R_S_3,PF_0000004_01,2016-11-09 19:00:00,FG,CR,080300,0,20161109,2,822,,,
822,,,CC01_1_R_S_1,PF_0000004_01,2016-11-09 19:00:00,FG,CR,080300,28,20161109,2,823,,,
823,,,CC01_1_R_S_2,PF_0000004_01,2016-11-09 20:00:00,FG,CR,080300,30,20161109,2,824,,,
824,,,CC01_1_R_S_3,PF_0000004_01,2016-11-09 20:00:00,FG,CR,080300,0,20161109,2,825,,,
825,,,CC01_1_R_S_1,PF_0000004_01,2016-11-09 20:00:00,FG,CR,080300,28,20161109,2,826,,,
826,,,CC01_1_R_S_4,PF_0000004_01,2016-11-09 20:00:00,FG,CR,080300,1,20161109,2,827,,,
827,,,CC01_1_R_S_1,PF_0000004_01,2016-11-09 21:00:00,FG,CR,080300,28,20161109,2,828,,,
828,,,CC01_1_R_S_4,PF_0000004_01,2016-11-09 21:00:00,FG,CR,080300,1,20161109,2,829,,,
829,,,CC01_1_R_S_3,PF_0000004_01,2016-11-09 21:00:00,FG,CR,080300,0,20161109,2,830,,,
830,,,CC01_1_R_S_2,PF_0000004_01,2016-11-09 21:00:00,FG,CR,080300,20,20161109,2,831,,,
831,,,CC01_1_R_S_2,PF_0000004_01,2016-11-09 22:00:00,FG,CR,080300,20,20161109,2,832,,,
832,,,CC01_1_R_S_4,PF_0000004_01,2016-11-09 22:00:00,FG,CR,080300,1,20161109,2,833,,,
833,,,CC01_1_R_S_1,PF_0000004_01,2016-11-09 22:00:00,FG,CR,080300,28,20161109,2,834,,,
834,,,CC01_1_R_S_3,PF_0000004_01,2016-11-09 22:00:00,FG,CR,080300,0,20161109,2,835,,,
835,,,CC01_1_R_S_3,PF_0000004_01,2016-11-09 23:00:00,FG,CR,080300,0,20161109,2,836,,,
836,,,CC01_1_R_S_1,PF_0000004_01,2016-11-09 23:00:00,FG,CR,080300,28,20161109,2,837,,,
837,,,CC01_1_R_S_2,PF_0000004_01,2016-11-09 23:00:00,FG,CR,080300,20,20161109,2,838,,,
838,,,CC01_1_R_S_4,PF_0000004_01,2016-11-09 23:00:00,FG,CR,080300,1,20161109,2,839,,,
839,,,CC01_1_R_S_3,PF_0000004_01,2016-11-10 00:00:00,FG,CR,080300,0,20161110,2,840,,,
840,,,CC01_1_R_S_1,PF_0000004_01,2016-11-10 00:00:00,FG,CR,080300,25,20161110,2,841,,,
841,,,CC01_1_R_S_2,PF_0000004_01,2016-11-10 00:00:00,FG,CR,080300,30,20161110,2,842,,,
842,,,CC01_1_R_S_4,PF_0000004_01,2016-11-10 00:00:00,FG,CR,080300,1,20161110,2,843,,,
843,,,CC01_1_R_S_3,PF_0000004_01,2016-11-10 01:00:00,FG,CR,080300,0,20161110,2,844,,,
844,,,CC01_1_R_S_2,PF_0000004_01,2016-11-10 01:00:00,FG,CR,080300,30,20161110,2,845,,,
845,,,CC01_1_R_S_4,PF_0000004_01,2016-11-10 01:00:00,FG,CR,080300,1,20161110,2,846,,,
846,,,CC01_1_R_S_1,PF_0000004_01,2016-11-10 01:00:00,FG,CR,080300,25,20161110,2,847,,,
847,,,CC01_1_R_S_4,PF_0000004_01,2016-11-10 02:00:00,FG,CR,080300,1,20161110,2,848,,,
848,,,CC01_1_R_S_2,PF_0000004_01,2016-11-10 02:00:00,FG,CR,080300,30,20161110,2,849,,,
849,,,CC01_1_R_S_3,PF_0000004_01,2016-11-10 02:00:00,FG,CR,080300,0,20161110,2,850,,,
850,,,CC01_1_R_S_1,PF_0000004_01,2016-11-10 02:00:00,FG,CR,080300,25,20161110,2,851,,,
851,,,CC01_1_R_S_4,PF_0000004_01,2016-11-10 03:00:00,FG,CR,080300,1,20161110,2,852,,,
852,,,CC01_1_R_S_2,PF_0000004_01,2016-11-10 03:00:00,FG,CR,080300,30,20161110,2,853,,,
853,,,CC01_1_R_S_3,PF_0000004_01,2016-11-10 03:00:00,FG,CR,080300,0,20161110,2,854,,,
854,,,CC01_1_R_S_1,PF_0000004_01,2016-11-10 03:00:00,FG,CR,080300,25,20161110,2,855,,,
855,,,CC01_1_R_S_3,PF_0000004_01,2016-11-10 04:00:00,FG,CR,080300,0,20161110,2,856,,,
856,,,CC01_1_R_S_1,PF_0000004_01,2016-11-10 04:00:00,FG,CR,080300,25,20161110,2,857,,,
857,,,CC01_1_R_S_2,PF_0000004_01,2016-11-10 04:00:00,FG,CR,080300,30,20161110,2,858,,,
858,,,CC01_1_R_S_4,PF_0000004_01,2016-11-10 04:00:00,FG,CR,080300,1,20161110,2,859,,,
859,,,CC01_1_R_S_1,PF_0000004_01,2016-11-10 05:00:00,FG,CR,080300,25,20161110,2,860,,,
860,,,CC01_1_R_S_3,PF_0000004_01,2016-11-10 05:00:00,FG,CR,080300,0,20161110,2,861,,,
861,,,CC01_1_R_S_4,PF_0000004_01,2016-11-10 05:00:00,FG,CR,080300,1,20161110,2,862,,,
862,,,CC01_1_R_S_2,PF_0000004_01,2016-11-10 05:00:00,FG,CR,080300,30,20161110,2,863,,,
863,,,CC01_1_R_S_2,PF_0000004_01,2016-11-10 06:00:00,FG,CR,080300,30,20161110,2,864,,,
864,,,CC01_1_R_S_4,PF_0000004_01,2016-11-10 06:00:00,FG,CR,080300,1,20161110,2,865,,,
865,,,CC01_1_R_S_3,PF_0000004_01,2016-11-10 06:00:00,FG,CR,080300,0,20161110,2,866,,,
866,,,CC01_1_R_S_1,PF_0000004_01,2016-11-10 06:00:00,FG,CR,080300,25,20161110,2,867,,,
867,,,CC01_1_R_S_1,PF_0000004_01,2016-11-10 07:00:00,FG,CR,080300,25,20161110,2,868,,,
868,,,CC01_1_R_S_2,PF_0000004_01,2016-11-10 07:00:00,FG,CR,080300,30,20161110,2,869,,,
869,,,CC01_1_R_S_4,PF_0000004_01,2016-11-10 07:00:00,FG,CR,080300,1,20161110,2,870,,,
870,,,CC01_1_R_S_3,PF_0000004_01,2016-11-10 07:00:00,FG,CR,080300,0,20161110,2,871,,,
871,,,CC01_1_R_S_4,PF_0000004_01,2016-11-10 08:00:00,FG,CR,080300,1,20161110,2,872,,,
872,,,CC01_1_R_S_2,PF_0000004_01,2016-11-10 08:00:00,FG,CR,080300,60,20161110,2,873,,,
873,,,CC01_1_R_S_3,PF_0000004_01,2016-11-10 08:00:00,FG,CR,080300,0,20161110,2,874,,,
874,,,CC01_1_R_S_1,PF_0000004_01,2016-11-10 08:00:00,FG,CR,080300,25,20161110,2,875,,,
875,,,CC01_1_R_S_1,PF_0000004_01,2016-11-10 09:00:00,FG,CR,080300,25,20161110,2,876,,,
876,,,CC01_1_R_S_4,PF_0000004_01,2016-11-10 09:00:00,FG,CR,080300,1,20161110,2,877,,,
877,,,CC01_1_R_S_3,PF_0000004_01,2016-11-10 09:00:00,FG,CR,080300,0,20161110,2,878,,,
878,,,CC01_1_R_S_2,PF_0000004_01,2016-11-10 09:00:00,FG,CR,080300,60,20161110,2,879,,,
879,,,CC01_1_R_S_2,PF_0000004_01,2016-11-10 10:00:00,FG,CR,080300,100,20161110,2,880,,,
880,,,CC01_1_R_S_3,PF_0000004_01,2016-11-10 10:00:00,FG,CR,080300,40,20161110,2,881,,,
881,,,CC01_1_R_S_1,PF_0000004_01,2016-11-10 10:00:00,FG,CR,080300,25,20161110,2,882,,,
882,,,CC01_1_R_S_4,PF_0000004_01,2016-11-10 10:00:00,FG,CR,080300,1,20161110,2,883,,,
883,,,CC01_1_R_S_3,PF_0000004_01,2016-11-10 11:00:00,FG,CR,080300,40,20161110,2,884,,,
884,,,CC01_1_R_S_2,PF_0000004_01,2016-11-10 11:00:00,FG,CR,080300,100,20161110,2,885,,,
885,,,CC01_1_R_S_4,PF_0000004_01,2016-11-10 11:00:00,FG,CR,080300,1,20161110,2,886,,,
886,,,CC01_1_R_S_1,PF_0000004_01,2016-11-10 11:00:00,FG,CR,080300,25,20161110,2,887,,,
887,,,CC01_1_R_S_4,PF_0000004_01,2016-11-10 12:00:00,FG,CR,080300,1,20161110,2,888,,,
888,,,CC01_1_R_S_3,PF_0000004_01,2016-11-10 12:00:00,FG,CR,080300,40,20161110,2,889,,,
889,,,CC01_1_R_S_2,PF_0000004_01,2016-11-10 12:00:00,FG,CR,080300,100,20161110,2,890,,,
890,,,CC01_1_R_S_1,PF_0000004_01,2016-11-10 12:00:00,FG,CR,080300,25,20161110,2,891,,,
891,,,CC01_1_R_S_4,PF_0000004_01,2016-11-10 13:00:00,FG,CR,080300,1,20161110,2,892,,,
892,,,CC01_1_R_S_2,PF_0000004_01,2016-11-10 13:00:00,FG,CR,080300,100,20161110,2,893,,,
893,,,CC01_1_R_S_3,PF_0000004_01,2016-11-10 13:00:00,FG,CR,080300,40,20161110,2,894,,,
894,,,CC01_1_R_S_1,PF_0000004_01,2016-11-10 13:00:00,FG,CR,080300,25,20161110,2,895,,,
895,,,CC01_1_R_S_2,PF_0000004_01,2016-11-10 14:00:00,FG,CR,080300,100,20161110,2,896,,,
896,,,CC01_1_R_S_3,PF_0000004_01,2016-11-10 14:00:00,FG,CR,080300,40,20161110,2,897,,,
897,,,CC01_1_R_S_1,PF_0000004_01,2016-11-10 14:00:00,FG,CR,080300,25,20161110,2,898,,,
898,,,CC01_1_R_S_4,PF_0000004_01,2016-11-10 14:00:00,FG,CR,080300,1,20161110,2,899,,,
899,,,CC01_1_R_S_1,PF_0000004_01,2016-11-10 15:00:00,FG,CR,080300,25,20161110,2,900,,,
900,,,CC01_1_R_S_2,PF_0000004_01,2016-11-10 15:00:00,FG,CR,080300,100,20161110,2,901,,,
901,,,CC01_1_R_S_3,PF_0000004_01,2016-11-10 15:00:00,FG,CR,080300,40,20161110,2,902,,,
902,,,CC01_1_R_S_4,PF_0000004_01,2016-11-10 15:00:00,FG,CR,080300,1,20161110,2,903,,,
903,,,CC01_1_R_S_3,PF_0000004_01,2016-11-10 16:00:00,FG,CR,080300,40,20161110,2,904,,,
904,,,CC01_1_R_S_2,PF_0000004_01,2016-11-10 16:00:00,FG,CR,080300,100,20161110,2,905,,,
905,,,CC01_1_R_S_1,PF_0000004_01,2016-11-10 16:00:00,FG,CR,080300,25,20161110,2,906,,,
906,,,CC01_1_R_S_4,PF_0000004_01,2016-11-10 16:00:00,FG,CR,080300,1,20161110,2,907,,,
907,,,CC01_1_R_S_1,PF_0000004_01,2016-11-10 17:00:00,FG,CR,080300,25,20161110,2,908,,,
908,,,CC01_1_R_S_2,PF_0000004_01,2016-11-10 17:00:00,FG,CR,080300,100,20161110,2,909,,,
909,,,CC01_1_R_S_3,PF_0000004_01,2016-11-10 17:00:00,FG,CR,080300,0,20161110,2,910,,,
910,,,CC01_1_R_S_4,PF_0000004_01,2016-11-10 17:00:00,FG,CR,080300,1,20161110,2,911,,,
911,,,CC01_1_R_S_1,PF_0000004_01,2016-11-10 18:00:00,FG,CR,080300,28,20161110,2,912,,,
912,,,CC01_1_R_S_4,PF_0000004_01,2016-11-10 18:00:00,FG,CR,080300,1,20161110,2,913,,,
913,,,CC01_1_R_S_2,PF_0000004_01,2016-11-10 18:00:00,FG,CR,080300,30,20161110,2,914,,,
914,,,CC01_1_R_S_3,PF_0000004_01,2016-11-10 18:00:00,FG,CR,080300,0,20161110,2,915,,,
915,,,CC01_1_R_S_1,PF_0000004_01,2016-11-10 19:00:00,FG,CR,080300,28,20161110,2,916,,,
916,,,CC01_1_R_S_4,PF_0000004_01,2016-11-10 19:00:00,FG,CR,080300,1,20161110,2,917,,,
917,,,CC01_1_R_S_2,PF_0000004_01,2016-11-10 19:00:00,FG,CR,080300,30,20161110,2,918,,,
918,,,CC01_1_R_S_3,PF_0000004_01,2016-11-10 19:00:00,FG,CR,080300,0,20161110,2,919,,,
919,,,CC01_1_R_S_3,PF_0000004_01,2016-11-10 20:00:00,FG,CR,080300,0,20161110,2,920,,,
920,,,CC01_1_R_S_1,PF_0000004_01,2016-11-10 20:00:00,FG,CR,080300,28,20161110,2,921,,,
921,,,CC01_1_R_S_2,PF_0000004_01,2016-11-10 20:00:00,FG,CR,080300,30,20161110,2,922,,,
922,,,CC01_1_R_S_4,PF_0000004_01,2016-11-10 20:00:00,FG,CR,080300,1,20161110,2,923,,,
923,,,CC01_1_R_S_4,PF_0000004_01,2016-11-10 21:00:00,FG,CR,080300,1,20161110,2,924,,,
924,,,CC01_1_R_S_3,PF_0000004_01,2016-11-10 21:00:00,FG,CR,080300,0,20161110,2,925,,,
925,,,CC01_1_R_S_1,PF_0000004_01,2016-11-10 21:00:00,FG,CR,080300,28,20161110,2,926,,,
926,,,CC01_1_R_S_2,PF_0000004_01,2016-11-10 21:00:00,FG,CR,080300,20,20161110,2,927,,,
927,,,CC01_1_R_S_2,PF_0000004_01,2016-11-10 22:00:00,FG,CR,080300,20,20161110,2,928,,,
928,,,CC01_1_R_S_1,PF_0000004_01,2016-11-10 22:00:00,FG,CR,080300,28,20161110,2,929,,,
929,,,CC01_1_R_S_4,PF_0000004_01,2016-11-10 22:00:00,FG,CR,080300,1,20161110,2,930,,,
930,,,CC01_1_R_S_3,PF_0000004_01,2016-11-10 22:00:00,FG,CR,080300,0,20161110,2,931,,,
931,,,CC01_1_R_S_3,PF_0000004_01,2016-11-10 23:00:00,FG,CR,080300,0,20161110,2,932,,,
932,,,CC01_1_R_S_2,PF_0000004_01,2016-11-10 23:00:00,FG,CR,080300,20,20161110,2,933,,,
933,,,CC01_1_R_S_4,PF_0000004_01,2016-11-10 23:00:00,FG,CR,080300,1,20161110,2,934,,,
934,,,CC01_1_R_S_1,PF_0000004_01,2016-11-10 23:00:00,FG,CR,080300,28,20161110,2,935,,,
935,,,CC01_1_R_S_3,PF_0000004_01,2016-11-11 00:00:00,FG,CR,080300,0,20161111,2,936,,,
936,,,CC01_1_R_S_1,PF_0000004_01,2016-11-11 00:00:00,FG,CR,080300,25,20161111,2,937,,,
937,,,CC01_1_R_S_4,PF_0000004_01,2016-11-11 00:00:00,FG,CR,080300,1,20161111,2,938,,,
938,,,CC01_1_R_S_2,PF_0000004_01,2016-11-11 00:00:00,FG,CR,080300,30,20161111,2,939,,,
939,,,CC01_1_R_S_4,PF_0000004_01,2016-11-11 01:00:00,FG,CR,080300,1,20161111,2,940,,,
940,,,CC01_1_R_S_2,PF_0000004_01,2016-11-11 01:00:00,FG,CR,080300,30,20161111,2,941,,,
941,,,CC01_1_R_S_3,PF_0000004_01,2016-11-11 01:00:00,FG,CR,080300,0,20161111,2,942,,,
942,,,CC01_1_R_S_1,PF_0000004_01,2016-11-11 01:00:00,FG,CR,080300,25,20161111,2,943,,,
943,,,CC01_1_R_S_4,PF_0000004_01,2016-11-11 02:00:00,FG,CR,080300,1,20161111,2,944,,,
944,,,CC01_1_R_S_2,PF_0000004_01,2016-11-11 02:00:00,FG,CR,080300,30,20161111,2,945,,,
945,,,CC01_1_R_S_1,PF_0000004_01,2016-11-11 02:00:00,FG,CR,080300,25,20161111,2,946,,,
946,,,CC01_1_R_S_3,PF_0000004_01,2016-11-11 02:00:00,FG,CR,080300,0,20161111,2,947,,,
947,,,CC01_1_R_S_1,PF_0000004_01,2016-11-11 03:00:00,FG,CR,080300,25,20161111,2,948,,,
948,,,CC01_1_R_S_4,PF_0000004_01,2016-11-11 03:00:00,FG,CR,080300,1,20161111,2,949,,,
949,,,CC01_1_R_S_3,PF_0000004_01,2016-11-11 03:00:00,FG,CR,080300,0,20161111,2,950,,,
950,,,CC01_1_R_S_2,PF_0000004_01,2016-11-11 03:00:00,FG,CR,080300,30,20161111,2,951,,,
951,,,CC01_1_R_S_4,PF_0000004_01,2016-11-11 04:00:00,FG,CR,080300,1,20161111,2,952,,,
952,,,CC01_1_R_S_1,PF_0000004_01,2016-11-11 04:00:00,FG,CR,080300,25,20161111,2,953,,,
953,,,CC01_1_R_S_2,PF_0000004_01,2016-11-11 04:00:00,FG,CR,080300,30,20161111,2,954,,,
954,,,CC01_1_R_S_3,PF_0000004_01,2016-11-11 04:00:00,FG,CR,080300,0,20161111,2,955,,,
955,,,CC01_1_R_S_2,PF_0000004_01,2016-11-11 05:00:00,FG,CR,080300,30,20161111,2,956,,,
956,,,CC01_1_R_S_1,PF_0000004_01,2016-11-11 05:00:00,FG,CR,080300,25,20161111,2,957,,,
957,,,CC01_1_R_S_3,PF_0000004_01,2016-11-11 05:00:00,FG,CR,080300,0,20161111,2,958,,,
958,,,CC01_1_R_S_4,PF_0000004_01,2016-11-11 05:00:00,FG,CR,080300,1,20161111,2,959,,,
959,,,CC01_1_R_S_1,PF_0000004_01,2016-11-11 06:00:00,FG,CR,080300,25,20161111,2,960,,,
960,,,CC01_1_R_S_4,PF_0000004_01,2016-11-11 06:00:00,FG,CR,080300,1,20161111,2,961,,,
961,,,CC01_1_R_S_2,PF_0000004_01,2016-11-11 06:00:00,FG,CR,080300,30,20161111,2,962,,,
962,,,CC01_1_R_S_3,PF_0000004_01,2016-11-11 06:00:00,FG,CR,080300,0,20161111,2,963,,,
963,,,CC01_1_R_S_1,PF_0000004_01,2016-11-11 07:00:00,FG,CR,080300,25,20161111,2,964,,,
964,,,CC01_1_R_S_2,PF_0000004_01,2016-11-11 07:00:00,FG,CR,080300,30,20161111,2,965,,,
965,,,CC01_1_R_S_4,PF_0000004_01,2016-11-11 07:00:00,FG,CR,080300,1,20161111,2,966,,,
966,,,CC01_1_R_S_3,PF_0000004_01,2016-11-11 07:00:00,FG,CR,080300,0,20161111,2,967,,,
967,,,CC01_1_R_S_2,PF_0000004_01,2016-11-11 08:00:00,FG,CR,080300,60,20161111,2,968,,,
968,,,CC01_1_R_S_1,PF_0000004_01,2016-11-11 08:00:00,FG,CR,080300,25,20161111,2,969,,,
969,,,CC01_1_R_S_4,PF_0000004_01,2016-11-11 08:00:00,FG,CR,080300,1,20161111,2,970,,,
970,,,CC01_1_R_S_3,PF_0000004_01,2016-11-11 08:00:00,FG,CR,080300,0,20161111,2,971,,,
971,,,CC01_1_R_S_2,PF_0000004_01,2016-11-11 09:00:00,FG,CR,080300,60,20161111,2,972,,,
972,,,CC01_1_R_S_3,PF_0000004_01,2016-11-11 09:00:00,FG,CR,080300,0,20161111,2,973,,,
973,,,CC01_1_R_S_4,PF_0000004_01,2016-11-11 09:00:00,FG,CR,080300,1,20161111,2,974,,,
974,,,CC01_1_R_S_1,PF_0000004_01,2016-11-11 09:00:00,FG,CR,080300,25,20161111,2,975,,,
975,,,CC01_1_R_S_1,PF_0000004_01,2016-11-11 10:00:00,FG,CR,080300,25,20161111,2,976,,,
976,,,CC01_1_R_S_4,PF_0000004_01,2016-11-11 10:00:00,FG,CR,080300,1,20161111,2,977,,,
977,,,CC01_1_R_S_3,PF_0000004_01,2016-11-11 10:00:00,FG,CR,080300,40,20161111,2,978,,,
978,,,CC01_1_R_S_2,PF_0000004_01,2016-11-11 10:00:00,FG,CR,080300,100,20161111,2,979,,,
979,,,CC01_1_R_S_4,PF_0000004_01,2016-11-11 11:00:00,FG,CR,080300,1,20161111,1,980,,,
980,,,CC01_1_R_S_1,PF_0000004_01,2016-11-11 11:00:00,FG,CR,080300,25,20161111,1,981,,,
981,,,CC01_1_R_S_3,PF_0000004_01,2016-11-11 11:00:00,FG,CR,080300,40,20161111,1,982,,,
982,,,CC01_1_R_S_2,PF_0000004_01,2016-11-11 11:00:00,FG,CR,080300,100,20161111,1,983,,,
